{"type": "FeatureCollection", "features": [{"type": "Feature", "properties": {"name": "Spain (mainland)"}, "geometry": {"type": "Polygon", "coordinates": [[[-7.680294789999984, 43.787137269999974], [-7.68932126, 43.79132184], [-7.686322580000014, 43.785719430000015], [-7.68726933, 43.77654291], [-7.692952599999979, 43.77391458], [-7.696340330000029, 43.77418026999999], [-7.696471760000022, 43.772212310000015], [-7.704315479999978, 43.77084482000002], [-7.703920420000013, 43.76929467], [-7.70841368, 43.76892925], [-7.71155041, 43.76695420999997], [-7.711101769999989, 43.76551432999998], [-7.715290600000019, 43.76649358], [-7.714897419999971, 43.7649704], [-7.71797630999998, 43.76415891000001], [-7.71520464, 43.756720370000025], [-7.721947160000013, 43.75654049999997], [-7.72192251, 43.754020809999986], [-7.7259016, 43.753766], [-7.722944390000014, 43.75233104], [-7.725448100000018, 43.7467538], [-7.725638749999984, 43.7502749], [-7.728370820000012, 43.749171410000024], [-7.731817839999971, 43.75067593999999], [-7.733182260000026, 43.7476665], [-7.737358249999974, 43.745980719999984], [-7.739229920000021, 43.74672219999997], [-7.7422545, 43.74476899000001], [-7.7499739, 43.74690551999998], [-7.75733826, 43.74017982], [-7.759989659999975, 43.739637090000016], [-7.762983450000018, 43.74106056999999], [-7.76413017, 43.73877105000001], [-7.76790228, 43.73967574999998], [-7.77023251, 43.73821894999998], [-7.77211668, 43.739895629999985], [-7.77205785, 43.73650413999997], [-7.774020879999969, 43.73464850000003], [-7.78105009, 43.73295871], [-7.785237449999988, 43.73455663], [-7.7884353, 43.73371122999998], [-7.78948967, 43.73509837], [-7.790808609999972, 43.73389066], [-7.793717920000026, 43.736271139999985], [-7.79461391, 43.73443297999997], [-7.796768449999989, 43.73436039999998], [-7.79826981, 43.73062421999999], [-7.795329749999969, 43.72661568], [-7.796012549999985, 43.72459741], [-7.800849340000016, 43.72236838000001], [-7.804953210000011, 43.72277176], [-7.806849929999975, 43.72692304999997], [-7.812570429999973, 43.72658281999998], [-7.814468549999989, 43.72300972999999], [-7.80983034, 43.72043261], [-7.81128897, 43.715248629999984], [-7.817559749999987, 43.71234621000002], [-7.81966902, 43.71419265999999], [-7.82168845, 43.71275693], [-7.821307119999971, 43.71480764], [-7.824939560000019, 43.715527299999984], [-7.828056899999973, 43.714009], [-7.829564709999979, 43.71007406], [-7.825986369999975, 43.707245649999976], [-7.825268970000025, 43.70110021999998], [-7.817670540000022, 43.70058415], [-7.81744885, 43.69689345], [-7.819130989999982, 43.69729053000001], [-7.817768, 43.69623178000002], [-7.8146854, 43.69616388], [-7.81298181, 43.69782022999998], [-7.81492634, 43.69514542000002], [-7.8192279, 43.69617912], [-7.81939999, 43.700178], [-7.821082110000031, 43.70072810000002], [-7.823987809999972, 43.70029016], [-7.823445289999968, 43.69909775], [-7.826951890000025, 43.70057889000002], [-7.827115640000021, 43.69937462], [-7.83081392, 43.699227059999984], [-7.831959759999978, 43.69650475999999], [-7.834272449999983, 43.69718098999997], [-7.83578271, 43.69544248999998], [-7.838846720000025, 43.69620380999998], [-7.835570050000011, 43.698656429999986], [-7.837938750000014, 43.69956428], [-7.83528421, 43.7026567], [-7.82715955000001, 43.70115527000002], [-7.830412099999973, 43.70441156], [-7.827762399999976, 43.70587412], [-7.835354539999983, 43.70584063], [-7.832619369999987, 43.70932351], [-7.834037119999973, 43.71105495], [-7.83797491999997, 43.71048288999999], [-7.836236349999971, 43.70708160999998], [-7.83981536, 43.70298667999996], [-7.85089133, 43.70368653], [-7.860482519999972, 43.70673524], [-7.85614349, 43.70418326000002], [-7.868241789999978, 43.69789689000001], [-7.85844446, 43.68584602000003], [-7.86085344, 43.68311463], [-7.854952840000026, 43.68332092000002], [-7.855640349999983, 43.68200427999997], [-7.854826310000011, 43.68329029], [-7.8523004, 43.67920255999998], [-7.844417239999975, 43.67573853], [-7.843141109999972, 43.67252478000001], [-7.846972319999973, 43.668202839999964], [-7.85247177, 43.66995859999997], [-7.85895635, 43.669781589999964], [-7.86563585, 43.66787639], [-7.863610949999985, 43.662777229999975], [-7.865571599999984, 43.66218046], [-7.87068060999998, 43.66539242999998], [-7.87289644, 43.664883670000016], [-7.873961280000025, 43.66180428], [-7.877520589999988, 43.66364171999999], [-7.879488330000012, 43.66267529999998], [-7.879594639999974, 43.663832089999985], [-7.884291269999973, 43.66272181], [-7.889358579999976, 43.66662790999999], [-7.89604317, 43.66647622], [-7.90447747, 43.67135338], [-7.89838149, 43.67188541000004], [-7.893848980000024, 43.67532091000003], [-7.88657215, 43.67765847000003], [-7.8817104, 43.67675033], [-7.877406699999985, 43.671865980000014], [-7.87185995, 43.67198599], [-7.872875869999985, 43.67610178999998], [-7.871342510000012, 43.68044352], [-7.87945216, 43.682239509999974], [-7.887413929999984, 43.6817546], [-7.891999900000023, 43.68475393], [-7.89002168, 43.68620714999999], [-7.890716850000021, 43.69002145], [-7.879572220000018, 43.686771679999964], [-7.877562289999982, 43.687838929999984], [-7.88195541000003, 43.69334963], [-7.87914064000001, 43.6970351], [-7.879920360000024, 43.700521749999986], [-7.873733669999988, 43.706394880000026], [-7.86935353, 43.70716712000003], [-7.87182152, 43.71112189999999], [-7.87664687, 43.71307632], [-7.875425, 43.71591035000002], [-7.87783945, 43.72102861999998], [-7.876024330000016, 43.72328484000002], [-7.87462852, 43.71756486], [-7.867420710000023, 43.71562202], [-7.863272929999977, 43.710847520000016], [-7.860243419999982, 43.71113869], [-7.858264790000024, 43.70908036], [-7.853426269999978, 43.70802597999999], [-7.849267159999973, 43.710309479999985], [-7.85227838, 43.71362941000002], [-7.849872640000018, 43.71764784999998], [-7.854848600000014, 43.71916467], [-7.85654469999997, 43.72416990999998], [-7.85513794, 43.72473392999998], [-7.860985040000016, 43.725502190000014], [-7.86959279, 43.73014945], [-7.869997070000013, 43.73451641999996], [-7.87203436, 43.7354467], [-7.87081836, 43.73744318], [-7.866784599999979, 43.738380579999976], [-7.864642470000021, 43.73768874000002], [-7.86494597, 43.73500204], [-7.862144589999977, 43.73414021], [-7.86418538, 43.73588072], [-7.863299499999988, 43.74087888], [-7.866363319999972, 43.74282778999998], [-7.86633719, 43.74480046], [-7.861462729999978, 43.74747501000002], [-7.864567629999986, 43.75007939999997], [-7.864534910000029, 43.75212437000001], [-7.862652900000027, 43.75755211], [-7.859855480000023, 43.75813045999998], [-7.85922119, 43.759957989999975], [-7.860722579999989, 43.76116337], [-7.859274159999986, 43.76352073], [-7.863358579999977, 43.766092420000014], [-7.868349830000011, 43.77354963000002], [-7.870129859999985, 43.7740498], [-7.870233679999975, 43.77181274], [-7.87275345, 43.771480060000016], [-7.87161335, 43.769377160000026], [-7.874448540000012, 43.77002123999998], [-7.87389836, 43.76829827], [-7.87596181, 43.76678768], [-7.887658209999987, 43.76489167999996], [-7.889153089999973, 43.76311713], [-7.89921434, 43.76478299], [-7.904462239999981, 43.76985992], [-7.908316540000016, 43.76201498000001], [-7.912428250000021, 43.75929025], [-7.91192746, 43.75681812], [-7.91442050000002, 43.75526132], [-7.91540333000001, 43.7560382], [-7.91699914, 43.74945159999997], [-7.92206983, 43.74753141], [-7.922734589999982, 43.74322652999996], [-7.9295926, 43.73964441], [-7.93647671, 43.74091308], [-7.937413949999979, 43.74249296], [-7.942804820000023, 43.74206140000001], [-7.946570690000018, 43.74405872000001], [-7.946225199999979, 43.74212917000002], [-7.951017670000031, 43.741219029999975], [-7.950865729999976, 43.73832682], [-7.94737526, 43.73424712000001], [-7.952641970000019, 43.72811291], [-7.963222479999976, 43.72170231000001], [-7.977166140000019, 43.71830379999996], [-7.977599750000022, 43.71515198], [-7.978179280000027, 43.71615298], [-7.97957704, 43.71430043999998], [-7.990147989999974, 43.71007528], [-7.99309459, 43.71058549], [-8.00039496, 43.70510713999998], [-8.007055320000022, 43.70491392], [-8.00952307, 43.708460569999986], [-8.01201407, 43.70856717999997], [-8.01648591, 43.71217861999999], [-8.023100110000025, 43.71216651000001], [-8.02556479, 43.70914108], [-8.032984460000012, 43.71459342999997], [-8.03566989999997, 43.71287241], [-8.04015911, 43.713862389999974], [-8.04473466, 43.710563160000014], [-8.04592027, 43.71344552], [-8.04835237000002, 43.71373397], [-8.047904810000013, 43.71151216000001], [-8.05055733, 43.71206088], [-8.05148699, 43.70968804], [-8.05558955, 43.70918211999997], [-8.054711489999983, 43.70730351], [-8.058768710000022, 43.706556409999976], [-8.05784796000001, 43.70476075], [-8.06414245, 43.70405822999998], [-8.063562699999986, 43.70204040999998], [-8.065296269999976, 43.70082009], [-8.063441009999986, 43.69750855000002], [-8.06574132, 43.69727134000002], [-8.06640885, 43.69547719], [-8.06839904999999, 43.69582985999999], [-8.065412929999987, 43.691173229999976], [-8.069024120000021, 43.68853705], [-8.066626820000012, 43.68262092], [-8.073405580000028, 43.68371489], [-8.072327730000021, 43.68255651], [-8.07579122, 43.68287949], [-8.075388860000025, 43.68046673], [-8.07147848, 43.67822807000002], [-8.07367225, 43.67703217000002], [-8.070562039999976, 43.67398363999997], [-8.074696469999978, 43.67315150999997], [-8.072889070000025, 43.669225840000024], [-8.07596083, 43.668738], [-8.071913789999975, 43.66604632], [-8.073673710000023, 43.66265505], [-8.071645209999982, 43.661394889999976], [-8.07589039999998, 43.660269679999985], [-8.074553479999981, 43.65868170999998], [-8.07277255, 43.65903104999997], [-8.070143330000029, 43.65520480999999], [-8.07120956, 43.65696694], [-8.068515759999984, 43.6597245], [-8.06425729, 43.65745597999999], [-8.055758, 43.65975071999997], [-8.05197726, 43.65283317], [-8.053869469999974, 43.64894117999999], [-8.064138669999986, 43.649277799999986], [-8.06992871000003, 43.65119014999998], [-8.071536040000012, 43.645257919999985], [-8.07728665000002, 43.64420972000002], [-8.081330340000015, 43.64673033999998], [-8.082776609999984, 43.65298573999998], [-8.087175710000011, 43.654274939999986], [-8.08665825999999, 43.65709787], [-8.088612149999985, 43.65879319], [-8.086817940000019, 43.66147503999998], [-8.093293389999971, 43.66662347], [-8.09189797, 43.663327840000015], [-8.094479230000028, 43.66261832], [-8.094106129999986, 43.65865582], [-8.095806859999975, 43.65809366000001], [-8.094550640000012, 43.65702448], [-8.098023669999973, 43.65659912000002], [-8.09503788, 43.653410639999954], [-8.10332236, 43.6522658], [-8.101052029999972, 43.6478661], [-8.10441881, 43.64604988999998], [-8.10830524, 43.64874763000001], [-8.11088277, 43.64785787], [-8.109768030000026, 43.64655745], [-8.113033089999986, 43.645735839999965], [-8.10970331, 43.64287826], [-8.113665029999972, 43.64063], [-8.119238150000022, 43.64056890000004], [-8.122646520000028, 43.643908799999984], [-8.12705362, 43.6352572], [-8.131942590000026, 43.63604547], [-8.133352799999985, 43.634559559999985], [-8.134341610000018, 43.63641457], [-8.13676874, 43.63391951000003], [-8.140111200000021, 43.63343572999999], [-8.14206737, 43.62804495], [-8.14589139, 43.626675019999986], [-8.148070339999988, 43.62027480000002], [-8.155511770000027, 43.61528411], [-8.16553400999997, 43.61266072999999], [-8.173732409999982, 43.61246892999998], [-8.181289830000013, 43.61505146999998], [-8.18013453000002, 43.62192793000002], [-8.1842403, 43.62039087000003], [-8.18475505, 43.62176285000001], [-8.188430339999986, 43.621127450000024], [-8.18978684, 43.61846395000003], [-8.1887336, 43.61300233999998], [-8.19019929, 43.61333171], [-8.19082454000003, 43.61167377], [-8.19247260999998, 43.61354324999997], [-8.193707300000016, 43.612343660000015], [-8.194605420000029, 43.61327501000001], [-8.1972476, 43.61144406], [-8.196437690000018, 43.60895127], [-8.19387937, 43.60959904], [-8.19160035000001, 43.607452229999986], [-8.192462410000013, 43.6030827], [-8.196060189999988, 43.60271166999998], [-8.19832358, 43.60439096999998], [-8.199338059999986, 43.60294028999998], [-8.201088200000028, 43.60340959], [-8.19956284, 43.59951803999998], [-8.202440579999973, 43.596550900000025], [-8.21189790000002, 43.59475941], [-8.211941349999975, 43.59239874], [-8.214820879999982, 43.59146579], [-8.216412989999979, 43.59240122], [-8.21799973999997, 43.58726913000002], [-8.220138669999985, 43.58622590999997], [-8.21665679, 43.58377459000001], [-8.21735713, 43.581707950000016], [-8.22361434, 43.5774602], [-8.226072369999981, 43.57795969], [-8.225779730000014, 43.57629863], [-8.23031953999999, 43.57538819000003], [-8.24263973, 43.56712492000002], [-8.246520830000026, 43.566766249999986], [-8.24610301, 43.56523704000003], [-8.250400429999972, 43.56582234000002], [-8.25064070000003, 43.56360564000002], [-8.25655169, 43.56026325], [-8.25848426, 43.56070523], [-8.26008441, 43.55790361000001], [-8.272277860000017, 43.55479236999999], [-8.277235380000022, 43.55656145], [-8.277290979999973, 43.55861145], [-8.28110408, 43.55819173], [-8.28370972, 43.56108679000001], [-8.284982100000015, 43.56020855], [-8.282734309999986, 43.55843124999998], [-8.284945799999985, 43.55696931999998], [-8.294750230000021, 43.55627109], [-8.30001517, 43.55730469999999], [-8.302138980000015, 43.56048282999997], [-8.303959089999974, 43.56006502999998], [-8.304893479999972, 43.56407267], [-8.30863353, 43.56521286999998], [-8.307004110000024, 43.56807955], [-8.31003829000001, 43.56949564], [-8.3162309, 43.56909887], [-8.316467169999974, 43.56756642], [-8.32206775, 43.5652344], [-8.32599088, 43.55961359000001], [-8.323966140000019, 43.55448674999999], [-8.32084384000001, 43.55375032999998], [-8.314644639999976, 43.555317979999984], [-8.31612452, 43.553430440000014], [-8.31291910000003, 43.55160837], [-8.31525939, 43.54965370999999], [-8.31394057, 43.54620421999997], [-8.308551609999975, 43.54515901], [-8.303561120000015, 43.546813780000015], [-8.304314180000018, 43.54045892], [-8.302001580000018, 43.54202496], [-8.299367860000018, 43.54092311], [-8.29632549, 43.535023800000026], [-8.29751856, 43.53127729], [-8.30334065, 43.52572198999999], [-8.308965319999972, 43.5246859], [-8.31360591, 43.52779157000001], [-8.31747316, 43.52646787], [-8.317372220000015, 43.52504118], [-8.324060549999977, 43.52554815000001], [-8.32404305, 43.52296524], [-8.32853532, 43.51849708000002], [-8.32807033, 43.514629719999974], [-8.32914023, 43.5131573], [-8.332271470000023, 43.51303784999999], [-8.328108319999972, 43.51015367999997], [-8.33073948, 43.5070328], [-8.32685348, 43.50658431000002], [-8.32251491999997, 43.502402760000024], [-8.320552509999974, 43.502728449999985], [-8.31969461, 43.498042149999975], [-8.322612559999968, 43.48863336], [-8.32602925000003, 43.48699735000002], [-8.324953090000022, 43.48488702999996], [-8.32713621, 43.48174218], [-8.33452212, 43.47928115999996], [-8.33579769, 43.47566546999999], [-8.33944365, 43.47537771], [-8.34331056, 43.47213566], [-8.34406637999997, 43.46921942999998], [-8.34160368, 43.46624701], [-8.34611506, 43.46554938], [-8.34801079000001, 43.46378599000002], [-8.345530509999973, 43.461732730000016], [-8.34042438, 43.461990079999985], [-8.34109311000002, 43.45836676000002], [-8.334830900000023, 43.4614868], [-8.334533270000017, 43.46441753], [-8.328626750000023, 43.46471181], [-8.320305659999972, 43.46776524000001], [-8.31710311, 43.470561410000016], [-8.31525603, 43.46853196000002], [-8.312988289999984, 43.469168830000015], [-8.312865890000017, 43.46763510999998], [-8.30779933999997, 43.46806919999999], [-8.304876150000025, 43.46518043], [-8.300801020000026, 43.46620724000001], [-8.29938806, 43.46136657], [-8.29773769, 43.46086711999999], [-8.288408460000012, 43.462299629999976], [-8.286189969999985, 43.46449112999998], [-8.281198150000026, 43.46408334999999], [-8.28052241, 43.46752663], [-8.278350209999989, 43.4685545], [-8.26618835999998, 43.46771267000002], [-8.26132527, 43.47347384], [-8.258801470000014, 43.47373435], [-8.26137391, 43.47360663], [-8.25938583, 43.47462564999998], [-8.26153033, 43.47440964], [-8.260247320000019, 43.47557618], [-8.261870319999987, 43.47618546], [-8.25927639000003, 43.4777726], [-8.25926038, 43.48767617], [-8.254859019999977, 43.49038191], [-8.251190069999979, 43.48942569], [-8.247325170000021, 43.49333076], [-8.24468283, 43.49294824000002], [-8.242848919999988, 43.490196800000014], [-8.247221189999978, 43.48629552000001], [-8.252212460000022, 43.48525539], [-8.25011462, 43.48487491], [-8.248593469999987, 43.47618543999999], [-8.24661943, 43.47694251999999], [-8.243963289999977, 43.47582240000001], [-8.247094890000012, 43.47757781999998], [-8.245140379999986, 43.47870308], [-8.23991815, 43.473793789999974], [-8.23839028999997, 43.47442218], [-8.24178738, 43.477245869999976], [-8.235730880000022, 43.48068414], [-8.231438149999974, 43.481367369999965], [-8.229401879999974, 43.478408920000035], [-8.235661809999986, 43.476032960000026], [-8.23729719, 43.47693012], [-8.23340963, 43.471437019999975], [-8.234633279999967, 43.47457676], [-8.226176310000012, 43.47842181], [-8.2209162, 43.47634917], [-8.217766769999978, 43.47924818000001], [-8.219582090000028, 43.48309021], [-8.213588730000023, 43.48398566999999], [-8.207651810000018, 43.48152025], [-8.209106779999983, 43.47774469], [-8.211490469999985, 43.47800484], [-8.206184109999976, 43.47668086], [-8.200478119999989, 43.477175379999984], [-8.19885641999998, 43.48131854000003], [-8.194488350000029, 43.481130549999975], [-8.194085679999983, 43.479897540000024], [-8.19109861, 43.48153704], [-8.193238629999984, 43.48442844], [-8.192401229999973, 43.48547488], [-8.18615927, 43.48492179], [-8.19458974, 43.48633846000003], [-8.197579409999982, 43.48573404000003], [-8.194118210000028, 43.48948385999997], [-8.188002080000022, 43.48996944000001], [-8.184463829999975, 43.493407369999964], [-8.176253839999974, 43.49399649], [-8.172445110000016, 43.49775240000001], [-8.171030110000027, 43.50014828], [-8.173975859999972, 43.504362939999986], [-8.16525219, 43.50923285999997], [-8.167481219999987, 43.51287696999997], [-8.17151052999998, 43.512838309999985], [-8.169507349999975, 43.513136219999986], [-8.168688840000023, 43.51542401000002], [-8.16910371, 43.51347862], [-8.161271920000017, 43.512303], [-8.15221128, 43.51527859999997], [-8.15137363, 43.51749511000004], [-8.151263259999984, 43.5151864], [-8.15352999, 43.51348147999999], [-8.153799089999987, 43.51141669], [-8.159827940000014, 43.50698474000003], [-8.159274, 43.505857459999966], [-8.155151289999989, 43.50566584], [-8.159910919999982, 43.50563958000002], [-8.160723799999982, 43.502703910000015], [-8.15232073, 43.50409228999999], [-8.161784350000021, 43.50208872999998], [-8.16281188, 43.497324800000015], [-8.170031949999984, 43.49845603999998], [-8.163042340000013, 43.49669318], [-8.16461207999998, 43.49089640000002], [-8.168805010000018, 43.487294379999966], [-8.169598449999988, 43.48052442000003], [-8.17551215999998, 43.47681711], [-8.183134290000014, 43.482952739999966], [-8.18160737, 43.48086151999998], [-8.184882629999985, 43.47825489], [-8.18451176, 43.47666928000001], [-8.18879793, 43.47734752999998], [-8.18753032, 43.47654997], [-8.193158600000027, 43.47486229], [-8.191059810000016, 43.47388656999998], [-8.184008469999972, 43.47584592], [-8.181334939999989, 43.47422094999999], [-8.18150218, 43.47242181999997], [-8.183479399999984, 43.47111657999998], [-8.18575422, 43.47198541999998], [-8.18571818999997, 43.46969137999997], [-8.193143770000022, 43.47166703], [-8.19041481, 43.47011682], [-8.192086059999983, 43.464387060000014], [-8.195698740000013, 43.46385335], [-8.196070520000028, 43.46501575000001], [-8.197927869999974, 43.46347265], [-8.198158860000017, 43.464578439999976], [-8.201466789999976, 43.46007028], [-8.219812310000018, 43.46055510999998], [-8.220153389999977, 43.45634427], [-8.22207808, 43.457309420000016], [-8.229639790000016, 43.45657565999996], [-8.231599110000015, 43.45508135], [-8.23362808, 43.461821199999974], [-8.231429660000014, 43.462696340000015], [-8.246617710000011, 43.46053985999998], [-8.250299449999982, 43.46152266999998], [-8.254918550000028, 43.46618021], [-8.257147799999967, 43.46424089], [-8.256523369999972, 43.462460170000014], [-8.261708919999979, 43.46225691999999], [-8.26492694, 43.45947056999997], [-8.266788970000027, 43.45473922], [-8.27123815, 43.45899881999997], [-8.26918243, 43.46192968000001], [-8.270431710000016, 43.463501390000026], [-8.274651410000011, 43.46313514999998], [-8.27840385, 43.45897330000001], [-8.284639089999972, 43.45975569], [-8.286825810000028, 43.457484670000014], [-8.298976780000022, 43.45427368999999], [-8.312583369999988, 43.45428854999998], [-8.309934599999975, 43.4498747], [-8.30448501999998, 43.44874203000002], [-8.30274146, 43.44675257], [-8.311671870000017, 43.445454550000015], [-8.31550789, 43.44636503999997], [-8.31656266, 43.44501049000002], [-8.315557890000031, 43.44299577000004], [-8.308401249999976, 43.44014237999998], [-8.302428239999982, 43.441203579999986], [-8.29890635, 43.44020601999998], [-8.298849989999978, 43.43702175], [-8.296511680000014, 43.43542894], [-8.289603459999983, 43.43737917], [-8.28942898, 43.43552375000003], [-8.28370425000003, 43.43758975], [-8.279703660000022, 43.43662279], [-8.278650209999983, 43.434033839999984], [-8.27596584999997, 43.43427515], [-8.27627924000002, 43.43177594], [-8.266850949999974, 43.42904304999998], [-8.264735429999982, 43.42573781999997], [-8.261168480000018, 43.42448909999999], [-8.25815624, 43.41981171], [-8.259369699999977, 43.41785619], [-8.254029310000018, 43.42092925999999], [-8.25103501000001, 43.419014640000015], [-8.24805784, 43.4197189], [-8.24441832000002, 43.41733867], [-8.239802059999976, 43.419225419999975], [-8.237643919999979, 43.422547510000015], [-8.238836390000024, 43.42134039], [-8.241712860000016, 43.422324479999986], [-8.24318153, 43.421455709999975], [-8.24418863999997, 43.4249564], [-8.239532129999974, 43.42824039], [-8.233174759999972, 43.42928861999999], [-8.226784589999982, 43.42852848], [-8.22063578000003, 43.42555129999999], [-8.216879489999972, 43.42195118], [-8.215826120000019, 43.4178942], [-8.212928220000013, 43.42038541999997], [-8.20466775, 43.42026769999999], [-8.20297631, 43.42142522], [-8.203451169999983, 43.424077310000015], [-8.19818702, 43.42664013], [-8.18749806, 43.42457027], [-8.18481392000001, 43.42192857], [-8.18000275, 43.42127400999996], [-8.18048162, 43.41864148999998], [-8.17637187, 43.42098878000003], [-8.17369708000001, 43.41989482999998], [-8.1729179, 43.41626612], [-8.175622599999986, 43.4120742], [-8.188710940000025, 43.41349588999998], [-8.19314797, 43.41094419], [-8.2058736, 43.409148459999976], [-8.208153549999977, 43.40449801999997], [-8.21303357, 43.40266351], [-8.212009990000016, 43.39808298000001], [-8.216760890000026, 43.3913118], [-8.219764249999974, 43.39307387999998], [-8.220609609999974, 43.39099158], [-8.218591709999973, 43.38963455], [-8.22188282999998, 43.38857458999998], [-8.220302169999982, 43.38699051], [-8.223046379999973, 43.38689183], [-8.217997099999975, 43.38143346], [-8.2181204, 43.37798884999997], [-8.215186649999977, 43.37760094], [-8.218097599999982, 43.37184118], [-8.21772127000002, 43.36746517000001], [-8.21208065999999, 43.36644480000001], [-8.20884735, 43.362703469999985], [-8.212117930000016, 43.35753959999997], [-8.220488130000016, 43.35343863000002], [-8.217308389999973, 43.35074838000002], [-8.21297303999998, 43.35140578999999], [-8.211040449999983, 43.35016175999996], [-8.209923089999974, 43.345909610000014], [-8.20163975, 43.33561075], [-8.208621149999978, 43.33777678000002], [-8.21134673, 43.34050605], [-8.21374396000002, 43.33983831], [-8.213572230000027, 43.33740647000001], [-8.20821743000003, 43.332204639999986], [-8.20881737, 43.32783805], [-8.212487929999972, 43.32807544], [-8.218129, 43.33302086], [-8.22421005999998, 43.33346262999998], [-8.225972100000023, 43.33903547], [-8.22906574, 43.34216155], [-8.24084510999998, 43.34301614000001], [-8.243981299999975, 43.3484805], [-8.247236129999987, 43.34774559999997], [-8.252007710000028, 43.349857560000025], [-8.252846510000031, 43.354419190000016], [-8.249490939999989, 43.356275189999984], [-8.25196792, 43.35624215], [-8.25027021, 43.35772472000003], [-8.24569067, 43.35641407999998], [-8.24425005999997, 43.35887501], [-8.24597728999998, 43.356589949999986], [-8.250113679999986, 43.35791198000001], [-8.248488189999986, 43.35951723], [-8.25004337000001, 43.35923858], [-8.250418080000028, 43.362714279999985], [-8.248516859999983, 43.36170351000003], [-8.24763239, 43.36317562], [-8.24572809, 43.36212893], [-8.242086939999972, 43.36297158], [-8.24937907, 43.36396845], [-8.252247280000029, 43.36731132000002], [-8.259883330000028, 43.36970503999997], [-8.26089657999998, 43.37555490000002], [-8.26496654, 43.37922005999996], [-8.264582319999981, 43.38261372], [-8.26734389000002, 43.38456573], [-8.27160200999998, 43.38484603999998], [-8.27273890000002, 43.38699004999998], [-8.273527660000031, 43.384847], [-8.27632025, 43.38672533000001], [-8.27808593, 43.38545527999999], [-8.283493350000029, 43.386033019999964], [-8.287909519999976, 43.38302852], [-8.29651741, 43.38520362000003], [-8.297061089999977, 43.389166440000025], [-8.29911978, 43.390124079999985], [-8.29610483, 43.39037219], [-8.299116480000016, 43.39135758], [-8.29695559000002, 43.39784977999999], [-8.30019222, 43.40027408999999], [-8.303443139999983, 43.39890758], [-8.306862509999986, 43.405671399999974], [-8.307665139999973, 43.40327538999998], [-8.310229409999987, 43.40379516], [-8.316585249999981, 43.401230320000025], [-8.3178385, 43.40299038000001], [-8.31896377, 43.401884600000024], [-8.319715200000028, 43.40327193000002], [-8.32464945, 43.40322165], [-8.325135199999982, 43.40214567], [-8.327403320000013, 43.40322804], [-8.33091427000001, 43.4018756], [-8.329924860000014, 43.39932913999998], [-8.33340052, 43.40150725], [-8.33728402999997, 43.40018219999998], [-8.336630969999986, 43.39795314999998], [-8.343137630000017, 43.399079799999974], [-8.34435830999997, 43.39668194999999], [-8.35061938, 43.396145219999966], [-8.348730510000026, 43.39250683], [-8.343867689999986, 43.39181661000002], [-8.34438726, 43.39028885], [-8.35529264, 43.39035330000003], [-8.350027169999976, 43.38565817999998], [-8.347808329999982, 43.38541118], [-8.351812639999986, 43.38379192], [-8.354847289999983, 43.38489176999999], [-8.355537759999981, 43.38069126], [-8.35068116, 43.37936186999998], [-8.34943336999998, 43.38144594000002], [-8.344663540000022, 43.38292095], [-8.3437501, 43.38137935999998], [-8.342165800000023, 43.38230882000001], [-8.339642500000028, 43.38126570999999], [-8.337793920000017, 43.37695012000001], [-8.339569970000023, 43.37525554], [-8.33886745, 43.37148044999998], [-8.342126009999987, 43.37275019], [-8.34513496, 43.37146588], [-8.342786560000011, 43.36918132000001], [-8.338836500000012, 43.36874517999997], [-8.33942347, 43.36714229], [-8.346803740000016, 43.36533806], [-8.3480382, 43.36352470999997], [-8.34598861, 43.36210842999997], [-8.348803099999989, 43.361004189999974], [-8.34919068, 43.35686292999998], [-8.352236590000027, 43.35628789000001], [-8.347015720000023, 43.35402118000002], [-8.349905729999971, 43.35069879], [-8.346995559999987, 43.35015112], [-8.346904839999988, 43.34884103], [-8.34991178999998, 43.34600828999998], [-8.354121029999977, 43.346882], [-8.356071230000016, 43.34354057], [-8.366314330000025, 43.34151057000001], [-8.372902859999977, 43.34376597], [-8.3743245, 43.3399], [-8.3843093, 43.34150849], [-8.38389117999998, 43.33957473], [-8.387040149999972, 43.33948001], [-8.38620123, 43.34281449], [-8.381242449999979, 43.34601038999999], [-8.38296681999998, 43.34723433000001], [-8.381658240000021, 43.348196330000015], [-8.386819020000026, 43.34797063999997], [-8.386260959999989, 43.35127384999998], [-8.383799739999974, 43.35148010999997], [-8.381898960000019, 43.353694390000015], [-8.37971651, 43.351618819999985], [-8.38021118, 43.34857070000002], [-8.378671659999982, 43.34831924999998], [-8.37890933, 43.35183694], [-8.38175334, 43.354556479999985], [-8.38493695, 43.353731], [-8.378440820000023, 43.357269439999975], [-8.385051490000018, 43.35377059999998], [-8.39557071, 43.361222339999976], [-8.39422473, 43.36204222], [-8.388697360000014, 43.36009802], [-8.38775617, 43.36144782999999], [-8.393657939999974, 43.36371646], [-8.396479749999973, 43.36325885], [-8.397677290000022, 43.3597993], [-8.402042739999988, 43.35963757], [-8.40401939, 43.363684950000014], [-8.39873775, 43.36395317], [-8.401869119999986, 43.36489412999998], [-8.40118318, 43.36716819999997], [-8.395235810000019, 43.36689164], [-8.398448689999984, 43.367360719999965], [-8.39822124, 43.36965807], [-8.395904269999988, 43.369551689999966], [-8.39665356999998, 43.368264909999986], [-8.394491399999971, 43.36684584], [-8.392013579999986, 43.3675662], [-8.38733029, 43.365266929999976], [-8.388717, 43.36684882], [-8.386187650000023, 43.367823559999984], [-8.387806040000022, 43.36979062000002], [-8.37429406000002, 43.365053919999966], [-8.3887257, 43.37083643000001], [-8.397067729999982, 43.38137966], [-8.393903549999976, 43.38146638000001], [-8.391338470000019, 43.3850986], [-8.39594276, 43.38621313], [-8.400770489999976, 43.38997258], [-8.40181605000002, 43.38923886000001], [-8.399717280000019, 43.38660157000002], [-8.407298110000013, 43.38787170000003], [-8.409683960000022, 43.38639017000001], [-8.40628245, 43.38367978999998], [-8.411574580000023, 43.38503113], [-8.409730890000013, 43.37875400999997], [-8.403534850000028, 43.37459169000001], [-8.405097460000018, 43.37149284999999], [-8.40885968, 43.369261919999985], [-8.41273056, 43.36894317999999], [-8.413713239999975, 43.37096705000001], [-8.417938330000023, 43.37129748999999], [-8.422399310000024, 43.37785513], [-8.42931294, 43.377607130000015], [-8.435642099999974, 43.38171666999998], [-8.439757479999988, 43.38150238], [-8.44765419999998, 43.37666921000002], [-8.446652599999974, 43.372386980000016], [-8.449791090000025, 43.37311921999998], [-8.45381148, 43.37020829], [-8.45883405, 43.37076011], [-8.45960131, 43.36913898000002], [-8.458032699999972, 43.36980823], [-8.457152160000021, 43.36811294999997], [-8.459655279999977, 43.363293929999976], [-8.45673902, 43.35981464000001], [-8.46470532, 43.360594379999974], [-8.46785494999997, 43.35734659], [-8.471346829999971, 43.35789925000001], [-8.47098173, 43.35644941], [-8.473454330000015, 43.356096670000035], [-8.472434130000025, 43.35463327], [-8.477693, 43.35221118], [-8.47873814, 43.35340328], [-8.48775244, 43.35268166999998], [-8.48911395, 43.354641629999975], [-8.48585779, 43.358471260000016], [-8.487446389999976, 43.35939405999998], [-8.48656956, 43.36088561999997], [-8.49329822, 43.360390559999985], [-8.500025450000024, 43.352801429999985], [-8.495581369999973, 43.353312809999984], [-8.49526033999998, 43.3514018], [-8.49330455, 43.35105495000001], [-8.49993465, 43.34294837], [-8.501618249999987, 43.33688966000001], [-8.503636019999972, 43.33697232], [-8.50587087, 43.33441581000002], [-8.505872659999982, 43.33062579999997], [-8.51030730000002, 43.32798998], [-8.512253699999976, 43.327832870000016], [-8.51305411, 43.32931553000002], [-8.5137425, 43.32779689], [-8.517637149999967, 43.32696031999998], [-8.517530919999974, 43.32823476], [-8.522402210000028, 43.32294872], [-8.526348350000019, 43.32105611], [-8.528653389999988, 43.32186257999998], [-8.530476239999974, 43.31804729], [-8.53503309999998, 43.31596272], [-8.53990503, 43.31666232], [-8.542799640000013, 43.31379398999997], [-8.551731540000018, 43.31197309], [-8.560018449999975, 43.31227144], [-8.56043438, 43.31385353000001], [-8.56277854, 43.31346912], [-8.562162659999975, 43.314687450000015], [-8.567101289999988, 43.31369022999998], [-8.568109589999976, 43.311777550000016], [-8.571023809999978, 43.31586618], [-8.57552655, 43.31562807000002], [-8.58126537999998, 43.31811093], [-8.586051669999982, 43.31572502000002], [-8.590020850000023, 43.31558449], [-8.59141183, 43.32145768], [-8.604010510000014, 43.31782338999997], [-8.60504811999998, 43.31878062000001], [-8.60209893, 43.32049194], [-8.60717656000002, 43.32233981000003], [-8.609266079999987, 43.32106674999997], [-8.60779971, 43.31853728], [-8.611040849999982, 43.31611828], [-8.620882419999969, 43.317487919999984], [-8.620871040000024, 43.31616518], [-8.630760410000027, 43.31339064], [-8.632610530000019, 43.30994147], [-8.63860854999998, 43.30735846000001], [-8.642919, 43.30678512], [-8.644889329999986, 43.30862303], [-8.649875170000023, 43.306827699999985], [-8.649829049999976, 43.305137590000015], [-8.650775159999975, 43.30590089000004], [-8.65709986, 43.3032647], [-8.668484980000022, 43.302825240000026], [-8.670207500000027, 43.30147028999997], [-8.67769852, 43.30064737999997], [-8.67732265, 43.299657859999975], [-8.68068444, 43.30041762], [-8.682620139999988, 43.29870978], [-8.685776060000022, 43.29884950000001], [-8.690410269999983, 43.2951615], [-8.69308876000002, 43.29546887999998], [-8.69565845999998, 43.29369316], [-8.705145920000016, 43.29248961], [-8.706662450000028, 43.29065831000001], [-8.71158881, 43.28997051000001], [-8.720113960000024, 43.29099241999997], [-8.720963459999979, 43.29268717999998], [-8.722886070000023, 43.29177149999999], [-8.722724729999971, 43.296343630000024], [-8.725185299999977, 43.29590501], [-8.725913710000018, 43.29892912000001], [-8.72795436, 43.2983495], [-8.728745519999975, 43.29562714], [-8.73116564000002, 43.29619865999999], [-8.738880749999979, 43.2938481], [-8.747723059999972, 43.29430283000002], [-8.75162828999997, 43.297544639999984], [-8.75426486, 43.29623232], [-8.757344760000018, 43.29739111], [-8.75888738, 43.30053590999998], [-8.760906580000018, 43.29999279], [-8.76260064, 43.30239171999999], [-8.771749539999972, 43.29930928999998], [-8.77947736999997, 43.30203245], [-8.780534830000017, 43.30395027], [-8.785000469999973, 43.30385876], [-8.786209069999982, 43.30567883000001], [-8.78807773, 43.30536791999999], [-8.788297969999979, 43.30897553], [-8.790445559999979, 43.31029778], [-8.79190873000002, 43.30961131], [-8.79280724000001, 43.31153708999997], [-8.79480896, 43.309905010000016], [-8.796409720000014, 43.31169603999997], [-8.79875181, 43.311306860000016], [-8.799971760000028, 43.31375634000002], [-8.80249593, 43.31346584], [-8.801838439999978, 43.31510165999998], [-8.80539653999998, 43.32098784000002], [-8.80978895999997, 43.32321258000002], [-8.801744640000015, 43.32186692000001], [-8.80596436999999, 43.323704520000014], [-8.806165289999976, 43.32670994], [-8.814091090000016, 43.32436152000001], [-8.81750278, 43.325609759999985], [-8.819029039999975, 43.32879957], [-8.823358710000027, 43.32958666999998], [-8.826790280000013, 43.32846609], [-8.82849971, 43.33008906999998], [-8.829067490000028, 43.3405023], [-8.832069069999974, 43.34427361], [-8.84119478, 43.34528262000001], [-8.84298084, 43.34397581], [-8.841180609999975, 43.34218668000002], [-8.843163740000012, 43.34254413], [-8.84447783, 43.34030728], [-8.846863059999988, 43.340229959999974], [-8.84921045000002, 43.33566255999999], [-8.846834560000014, 43.33327292000003], [-8.84695925, 43.32867553], [-8.848582159999975, 43.32990655], [-8.85026151, 43.327497870000016], [-8.84926764, 43.32357901999997], [-8.846150490000017, 43.32091232999996], [-8.848325780000023, 43.31955847000002], [-8.852014860000015, 43.32009828], [-8.852305120000018, 43.32170373], [-8.85357, 43.32024346999999], [-8.85575506, 43.321679560000014], [-8.857751950000013, 43.31745406], [-8.85985909, 43.31693166], [-8.863726760000016, 43.31817305], [-8.864597379999973, 43.32246719], [-8.87056882, 43.32352805999997], [-8.873631840000021, 43.32243405], [-8.872396640000023, 43.31692551000001], [-8.875531430000024, 43.31249704], [-8.879443209999986, 43.31342954999996], [-8.880966599999978, 43.31783391000002], [-8.884495399999977, 43.32015430000002], [-8.88938000999997, 43.32055913999998], [-8.894163940000015, 43.318781510000015], [-8.902695180000023, 43.32182372], [-8.91180499, 43.32091944], [-8.91109095, 43.3191561], [-8.913363670000019, 43.31767890999997], [-8.911475409999976, 43.316264549999985], [-8.912051270000028, 43.31420026], [-8.9096382, 43.31309215], [-8.91083731, 43.31046441999998], [-8.906564980000015, 43.30607689], [-8.911459100000014, 43.30304162], [-8.90951236, 43.30216137], [-8.910533239999989, 43.29998398999998], [-8.906395730000023, 43.29418521000002], [-8.910879, 43.29441189], [-8.912679170000027, 43.29226608], [-8.91656216, 43.29291074999998], [-8.91861529999998, 43.29615285], [-8.91976624, 43.29404965], [-8.92539791, 43.29366698], [-8.928842419999986, 43.29094931], [-8.928882339999978, 43.286428299999976], [-8.92624221, 43.28361299], [-8.927721769999975, 43.28197872], [-8.936732500000012, 43.28934134], [-8.944665829999987, 43.28918887000001], [-8.945603700000023, 43.29058924999999], [-8.950834600000025, 43.29127944000001], [-8.95163083000001, 43.29362334999998], [-8.95310639999998, 43.29220501], [-8.956793629999977, 43.293740699999965], [-8.961508, 43.29003748], [-8.962624619999971, 43.2867204], [-8.965619619999973, 43.28735583000001], [-8.968937910000015, 43.285759799999965], [-8.970535610000015, 43.28709840000001], [-8.973894519999984, 43.28667034000002], [-8.97546672, 43.28360831], [-8.984814060000021, 43.28230766999998], [-8.98590082, 43.27682249], [-8.991289040000023, 43.274739], [-8.985393969999972, 43.27254624], [-8.98371016, 43.27045622], [-8.984867840000017, 43.26807296], [-8.982523179999978, 43.26903322999998], [-8.98135514, 43.26516975], [-8.978933870000017, 43.26509875], [-8.976855290000028, 43.26199412], [-8.974564170000026, 43.26312245], [-8.97374001, 43.26187838999998], [-8.97234178, 43.26331994000002], [-8.963967849999971, 43.26132793999998], [-8.965039060000013, 43.26421548000001], [-8.96235158000003, 43.26356393999998], [-8.96016611, 43.265271579999975], [-8.952759440000012, 43.26347121999997], [-8.95298690000003, 43.26038071], [-8.954703410000013, 43.26080414], [-8.956526539999974, 43.25916956], [-8.954118650000014, 43.25998852], [-8.952749520000019, 43.255307059999964], [-8.949688829999983, 43.25398157], [-8.952806250000025, 43.24820165000001], [-8.949190329999979, 43.24471768999999], [-8.948625210000015, 43.24157854], [-8.94433736, 43.24243236999999], [-8.94165038, 43.24051104999997], [-8.94251359, 43.23799954], [-8.938239970000025, 43.23482858], [-8.937283619999983, 43.23158371999999], [-8.939754590000023, 43.22687304], [-8.951018089999973, 43.22825692000002], [-8.953301429999986, 43.23083824000003], [-8.95516838999997, 43.22814818], [-8.966731279999978, 43.22856067], [-8.966294970000025, 43.225360859999974], [-8.971603680000015, 43.22388561], [-8.977444979999985, 43.22746822000002], [-8.9790676, 43.22706805], [-8.98090395, 43.22934818999997], [-8.983214639999982, 43.22617529999999], [-8.98608666, 43.22633957], [-8.986874740000019, 43.22283248], [-8.984944689999981, 43.22210567], [-8.990751480000016, 43.21969420000003], [-8.99163219, 43.21663230999997], [-8.99599030999997, 43.21626810999999], [-9.00102754, 43.21767733999999], [-9.003601039999989, 43.22018834], [-9.00350288, 43.224316330000015], [-8.999252309999976, 43.22290181], [-9.003733729999988, 43.22528536999998], [-9.0025551, 43.228192010000015], [-9.00418199, 43.23108591], [-9.012933579999983, 43.23344211], [-9.013979359999983, 43.22844495], [-9.009772939999978, 43.22611032000003], [-9.009881779999983, 43.22459228000001], [-9.01487013, 43.22337495], [-9.014457990000022, 43.22144332000001], [-9.0193633, 43.22063526], [-9.02038561, 43.21802476], [-9.018861579999978, 43.2168], [-9.022766719999975, 43.21359612999998], [-9.025901149999973, 43.21355647999998], [-9.02566585, 43.21503621], [-9.027595030000018, 43.215627339999976], [-9.03243761, 43.21556017999998], [-9.03589331, 43.21105638999998], [-9.036056240000027, 43.20859929], [-9.03386732, 43.207869019999976], [-9.03573545, 43.20199999000001], [-9.039849489999979, 43.19620098], [-9.04350536, 43.19522404999996], [-9.04744735999997, 43.19092817999998], [-9.04951339999998, 43.1916647], [-9.05028061, 43.18910349999997], [-9.058954599999982, 43.18762552999998], [-9.057840929999989, 43.18656851999999], [-9.05992475, 43.18488243999998], [-9.071689269999974, 43.18702888], [-9.07730962, 43.185901180000016], [-9.07823494000002, 43.181233960000014], [-9.07968657999997, 43.182470789999975], [-9.080817799999984, 43.18123122], [-9.08225763, 43.183953930000015], [-9.084522049999975, 43.18334697], [-9.084944800000029, 43.18573686], [-9.08947113, 43.18375778999999], [-9.090671500000026, 43.18062408], [-9.091539889999979, 43.18365625000001], [-9.08936157, 43.18524892999998], [-9.089790780000014, 43.18770146], [-9.08641494, 43.189007], [-9.091219919999983, 43.19006454999999], [-9.093277419999986, 43.18873935], [-9.094204709999985, 43.191003210000034], [-9.094606, 43.18984752999998], [-9.09485686, 43.19100434000001], [-9.09721476, 43.1907162], [-9.09644876000001, 43.19216143999998], [-9.098489639999976, 43.19313245], [-9.09997123, 43.18740010999998], [-9.103903, 43.18956605000001], [-9.106587969999977, 43.18541647999998], [-9.110931750000029, 43.1859218], [-9.114306489999978, 43.18927846], [-9.11262996, 43.19034958000001], [-9.11456798, 43.19409834], [-9.11798654, 43.194572], [-9.118858259999977, 43.19627152999997], [-9.120032759999978, 43.19412007999998], [-9.122872509999981, 43.195200779999986], [-9.12330539, 43.1971849], [-9.12572706, 43.19495737], [-9.12715957, 43.19672570999999], [-9.12756104, 43.19459774], [-9.130237980000025, 43.19834250000002], [-9.13243732000003, 43.19366034], [-9.134481719999984, 43.196862930000016], [-9.136845700000013, 43.19687968999999], [-9.135489209999971, 43.19489134], [-9.13665667, 43.19353225], [-9.134522230000027, 43.19273799000002], [-9.13582713, 43.19115546], [-9.142008659999975, 43.19157864000001], [-9.146182380000027, 43.19429718], [-9.14621804000002, 43.19281898999998], [-9.14925822, 43.19332112], [-9.150129240000027, 43.195371500000014], [-9.151432009999972, 43.18632655], [-9.161358280000028, 43.1832699], [-9.16477613, 43.18495740999999], [-9.165907949999976, 43.18313185999998], [-9.174489190000024, 43.191596900000015], [-9.17358909, 43.18695581], [-9.175068559999971, 43.18686666], [-9.17489921, 43.18470644], [-9.178418979999982, 43.18447967], [-9.178428970000027, 43.180689449999974], [-9.17978821000001, 43.18050773], [-9.180214450000014, 43.168314420000016], [-9.184961219999977, 43.16721977000001], [-9.18743287, 43.16102753], [-9.19239733000002, 43.160631899999984], [-9.195463569999982, 43.162373600000016], [-9.19755505, 43.16008151], [-9.195887520000019, 43.15673356], [-9.198966500000028, 43.15593603000003], [-9.19934738, 43.15435802999998], [-9.202037960000014, 43.15591296], [-9.20821752, 43.15586457], [-9.206999020000016, 43.159603589999975], [-9.213974139999978, 43.16193298000002], [-9.21198792999998, 43.1571534], [-9.214460770000022, 43.15644248999999], [-9.21344775, 43.15397727999998], [-9.215596140000029, 43.15152872], [-9.21350649, 43.15020241], [-9.214300169999982, 43.14906095000003], [-9.212450639999977, 43.14961184999998], [-9.21279679, 43.148179739999975], [-9.20486579999998, 43.14247270000003], [-9.203336830000023, 43.13431046999998], [-9.20591659000002, 43.13344990999998], [-9.205572010000019, 43.13066017], [-9.20248981, 43.12826248999997], [-9.19988521, 43.12875526000003], [-9.199869849999974, 43.13066443], [-9.19715597, 43.13092904], [-9.197852360000024, 43.12737155], [-9.19273331, 43.1220868], [-9.190393849999975, 43.12483334], [-9.185238499999976, 43.12306985], [-9.17828333, 43.124410239999975], [-9.18307343, 43.12414149000002], [-9.18208375, 43.127480759999976], [-9.183420080000017, 43.127327249999986], [-9.18461426000001, 43.12868471999999], [-9.183023970000027, 43.12790684], [-9.182193220000018, 43.129536189999975], [-9.179388830000025, 43.12841904], [-9.179876509999973, 43.13275837999998], [-9.178079809999977, 43.13565527999998], [-9.17083321, 43.13729007], [-9.168829480000019, 43.142160390000036], [-9.169853119999972, 43.147064879999974], [-9.16452159999998, 43.15270933000002], [-9.163329159999975, 43.14685975], [-9.16558554, 43.14400122], [-9.167315240000027, 43.13226854000002], [-9.16419894, 43.127324200000025], [-9.162367179999979, 43.12902554], [-9.159596680000014, 43.12885123], [-9.158189750000025, 43.12659584], [-9.159634759999983, 43.12325017000001], [-9.162455430000016, 43.12172944999999], [-9.167340580000014, 43.105217319999966], [-9.176680299999974, 43.10232617], [-9.17938473000002, 43.10368286], [-9.180595309999978, 43.102654049999984], [-9.183742429999976, 43.10328449999999], [-9.185257080000012, 43.10015978000003], [-9.18307384, 43.10031424], [-9.182536920000022, 43.09329512], [-9.190379689999988, 43.09007898999998], [-9.193869659999974, 43.09179774], [-9.19364245, 43.09598681999998], [-9.197476290000028, 43.09782180000004], [-9.196822200000026, 43.101917069999985], [-9.198407179999986, 43.10398226999999], [-9.20357320000002, 43.10162187], [-9.207134770000026, 43.1033093], [-9.208456109999977, 43.10083391999998], [-9.21208671, 43.101869329999985], [-9.216134, 43.104466169999974], [-9.21440396, 43.10618079], [-9.21553967, 43.10792818000002], [-9.21197893, 43.10613294], [-9.215257870000029, 43.10817759], [-9.21846676, 43.11436667], [-9.22019809, 43.11399315], [-9.222827019999976, 43.10782760999998], [-9.22028142, 43.10333076], [-9.22264622, 43.101941469999986], [-9.221441299999983, 43.099513810000026], [-9.224434820000027, 43.098873299999966], [-9.22234413, 43.094981760000024], [-9.224311049999987, 43.09306505], [-9.222624980000028, 43.0907357], [-9.220598200000028, 43.09061228000002], [-9.221015070000016, 43.08842916], [-9.225229189999983, 43.08808207], [-9.230539100000021, 43.091383560000025], [-9.23717991, 43.09098436999999], [-9.243689010000017, 43.08459699], [-9.247636250000024, 43.09283315000003], [-9.25070708, 43.092835829999984], [-9.251366049999978, 43.09135044999997], [-9.256797549999982, 43.09197960999998], [-9.2562692, 43.09077540000003], [-9.257758309999984, 43.09068465999997], [-9.252133500000014, 43.08407113999997], [-9.252527730000027, 43.07722637], [-9.24994981, 43.07494633], [-9.249544860000013, 43.07145794], [-9.250936899999981, 43.06873516999999], [-9.253961010000015, 43.067570140000015], [-9.254909789999987, 43.05882262999996], [-9.26191631, 43.04858134999998], [-9.26453191, 43.05051699], [-9.26581286999998, 43.049960509999984], [-9.26766548, 43.05295517], [-9.269628740000018, 43.05174904], [-9.270990149999982, 43.04477902999997], [-9.27671339999998, 43.04422101999998], [-9.281152379999988, 43.04718104], [-9.28570568, 43.04682205], [-9.292862349999968, 43.0587952], [-9.29361515, 43.05716038999997], [-9.299371930000026, 43.05620331], [-9.299063710000013, 43.04973931], [-9.301054490000025, 43.05024139000001], [-9.30099736, 43.047058040000024], [-9.299496600000014, 43.04833816999998], [-9.29394779, 43.04390089999997], [-9.287151289999978, 43.04356482000002], [-9.283853640000013, 43.03629344999999], [-9.283879979999975, 43.02888380999997], [-9.28080315, 43.02543478], [-9.28282447000002, 43.024207220000015], [-9.282791610000015, 43.02077048], [-9.279493270000026, 43.0171896], [-9.279153760000026, 43.01231151999997], [-9.275390839999979, 43.0087381], [-9.27026935000002, 43.00999204], [-9.268943649999978, 43.01214427999998], [-9.2680626, 43.01012238999998], [-9.26638313, 43.01193398999999], [-9.261930949999972, 43.00953217999997], [-9.25722834, 43.002382170000025], [-9.261507890000026, 43.00057196000002], [-9.257575640000013, 42.99712425999998], [-9.259635449999987, 42.99543593], [-9.259467970000022, 42.99138547999997], [-9.26166854, 42.99023848], [-9.259978299999977, 42.986766720000034], [-9.26292578999997, 42.98176208], [-9.260262640000018, 42.97824475], [-9.261181109999978, 42.973180510000034], [-9.268368649999974, 42.96360413999998], [-9.272928939999971, 42.96157106], [-9.27619537999998, 42.96271452000002], [-9.278824659999975, 42.956655829999974], [-9.283556219999989, 42.95510797999998], [-9.28446604, 42.9522584], [-9.281353280000031, 42.94661500999999], [-9.28190127, 42.94310128], [-9.28509272, 42.94243933], [-9.287240209999974, 42.944391259999975], [-9.289994450000023, 42.93825344], [-9.292423279999978, 42.939721680000034], [-9.28945647, 42.93718495000002], [-9.291784070000027, 42.93634542999999], [-9.29120777999998, 42.93142647999998], [-9.29349582000002, 42.92672752], [-9.29792426, 42.92308052000002], [-9.29750647, 42.92151035000001], [-9.295271470000015, 42.92229084999999], [-9.291254099999975, 42.91953312000002], [-9.28329553, 42.92003493], [-9.280603810000011, 42.91321615], [-9.275535289999988, 42.91034470999998], [-9.275190169999982, 42.90611505], [-9.281939980000026, 42.89197133], [-9.28085530000002, 42.88937566999998], [-9.275068060000024, 42.88747992], [-9.272798859999986, 42.87985456999998], [-9.269765, 42.88047146999998], [-9.26448343, 42.89269754], [-9.262235890000015, 42.89407217], [-9.26247477, 42.90027902], [-9.25969238, 42.90314119999997], [-9.261634810000022, 42.90526691], [-9.255677369999978, 42.90930244000001], [-9.262235460000023, 42.90671915999999], [-9.261566979999985, 42.91134657999998], [-9.26468932, 42.91495568000002], [-9.26295711, 42.918876430000026], [-9.256294699999977, 42.92394087], [-9.24452982, 42.92641301], [-9.241990760000025, 42.92819027999996], [-9.233279509999985, 42.92683950999997], [-9.23218851, 42.92888846], [-9.233606630000027, 42.930917280000024], [-9.23197982, 42.93154629], [-9.234364830000027, 42.93610567], [-9.23317035, 42.94100475], [-9.22936183, 42.94186998], [-9.227175850000023, 42.93964], [-9.222334059999984, 42.94276678], [-9.218006230000013, 42.94152663000002], [-9.218497180000016, 42.93717015], [-9.21550029, 42.934183029999986], [-9.217843990000018, 42.931552849999974], [-9.216786099999977, 42.93029631], [-9.21529992, 42.93110645], [-9.212932909999987, 42.92792289999998], [-9.20809108, 42.928132579999975], [-9.209174909999984, 42.91640765999998], [-9.205650729999984, 42.91813875], [-9.19969144, 42.91685161999998], [-9.195757799999976, 42.918289610000016], [-9.190876349999971, 42.91553921000001], [-9.183118649999987, 42.91609512], [-9.18277481, 42.91852617], [-9.186907779999986, 42.92528718000002], [-9.18415908, 42.9303601], [-9.187602829999971, 42.93659137], [-9.190428450000026, 42.937644209999974], [-9.189771379999979, 42.94499810000002], [-9.1931726, 42.94519149], [-9.18998495000001, 42.95235874999998], [-9.1875359, 42.951645530000015], [-9.184766170000024, 42.94603481999998], [-9.181294949999984, 42.945754960000016], [-9.179885479999976, 42.94331092999999], [-9.17863156000001, 42.94571027999997], [-9.17278009, 42.9442989], [-9.174321770000017, 42.940857860000015], [-9.17274698, 42.93517314], [-9.16869132, 42.92929857999999], [-9.17007007000001, 42.92814380000002], [-9.165740099999976, 42.926127619999974], [-9.16061490999997, 42.911750110000014], [-9.15814412, 42.91128946000003], [-9.155446720000013, 42.91419856000001], [-9.154148810000027, 42.91113607], [-9.15151571, 42.91015294], [-9.150000160000019, 42.911899970000015], [-9.142485569999973, 42.90887537], [-9.13335828000002, 42.91092388], [-9.12548266000002, 42.90561315999999], [-9.130812600000018, 42.90207719], [-9.1332622, 42.89703962], [-9.13431693, 42.89939532000001], [-9.137913309999979, 42.89641133], [-9.14170795000001, 42.89529789], [-9.14315721999997, 42.89632703], [-9.143643819999975, 42.89261018], [-9.13993954, 42.89180149000001], [-9.138566049999975, 42.88858085000002], [-9.14079414, 42.88231283999997], [-9.144237040000014, 42.88246948], [-9.14399876, 42.88388655000002], [-9.147679119999983, 42.88298611000001], [-9.14550035, 42.87672143999998], [-9.147908209999981, 42.8738642], [-9.149981379999971, 42.87452656], [-9.15022227, 42.87215517], [-9.148748080000015, 42.87173057], [-9.149438829999987, 42.86945195], [-9.147424089999975, 42.86912848], [-9.14782064, 42.86672170000002], [-9.145616690000022, 42.86720053999997], [-9.14604407, 42.861416519999985], [-9.143459919999978, 42.86065558], [-9.143248010000026, 42.85680532999998], [-9.13782684, 42.85138119999998], [-9.138197900000016, 42.84982197], [-9.132643009999978, 42.847474310000024], [-9.129299819999984, 42.84349528000004], [-9.12661466, 42.84466572], [-9.125385310000027, 42.84744121], [-9.12174193, 42.847339759999976], [-9.111854389999985, 42.84261307000002], [-9.10819071, 42.83550003], [-9.107568, 42.82165292], [-9.11024393, 42.81519951], [-9.11475995, 42.81091582000001], [-9.117985109999974, 42.81014879], [-9.117192590000016, 42.81276574], [-9.118209009999989, 42.80956969000003], [-9.127287, 42.80556283999997], [-9.129404820000012, 42.80719537], [-9.130259080000018, 42.804467], [-9.133489109999987, 42.80621972], [-9.136888660000013, 42.80364248], [-9.137986449999978, 42.80472661000001], [-9.13583925000002, 42.80637238], [-9.138930009999987, 42.80635012], [-9.139453070000014, 42.80447666], [-9.14014571, 42.80652774], [-9.14034879, 42.80377133999996], [-9.142400459999976, 42.80448903000002], [-9.143761809999981, 42.80231835999997], [-9.146144130000028, 42.80218103999998], [-9.146961219999982, 42.804252369999986], [-9.148891529999988, 42.802519059999966], [-9.149952099999975, 42.80322702], [-9.15116493, 42.79833682], [-9.14983930000001, 42.79717508], [-9.147224130000014, 42.79828819], [-9.148295729999978, 42.794926889999985], [-9.14643767, 42.79443291000002], [-9.14379674, 42.79565535], [-9.14258340999998, 42.79414542], [-9.14023117000002, 42.79593732999998], [-9.140023729999989, 42.79175377999998], [-9.13456563, 42.79069718], [-9.12867683, 42.78195813], [-9.13017179, 42.778421210000026], [-9.127363230000014, 42.77905816999997], [-9.12550068, 42.77554857], [-9.126670629999985, 42.77094897], [-9.119697790000012, 42.76801963], [-9.114373409999976, 42.761238869999964], [-9.115755859999972, 42.75420656], [-9.112428430000023, 42.75242252999996], [-9.111615350000013, 42.75507654000001], [-9.10216985, 42.75566312], [-9.091681299999982, 42.74725798999999], [-9.089307079999973, 42.738383120000016], [-9.078371800000015, 42.73882214], [-9.07616735, 42.745609749999964], [-9.08060207, 42.75197169], [-9.07558311, 42.75709092999996], [-9.06637713, 42.75950711000002], [-9.060724330000012, 42.75978952], [-9.05879837, 42.7582085], [-9.054722420000028, 42.76649935000001], [-9.04788578000001, 42.76967947000003], [-9.04873768, 42.7722718], [-9.05445613, 42.77427291999999], [-9.051574400000025, 42.77566803], [-9.054313459999987, 42.776062820000035], [-9.055001710000015, 42.777727609999985], [-9.054396589999973, 42.77578836000002], [-9.057523669999979, 42.77502826], [-9.058521689999973, 42.77636152999999], [-9.05687523, 42.77626891], [-9.058740839999972, 42.77672796], [-9.060801750000019, 42.78080426], [-9.06470665, 42.78224405000001], [-9.065505840000018, 42.78503708], [-9.06388022, 42.78690582000004], [-9.061471390000026, 42.78726787], [-9.058557569999982, 42.78534326], [-9.049864339999974, 42.78780294000002], [-9.046156169999978, 42.785875120000014], [-9.040534749999985, 42.78775717000002], [-9.03511048, 42.79191495000001], [-9.033517159999978, 42.79124308], [-9.02808405, 42.79883064000002], [-9.023781029999986, 42.79769865999998], [-9.021589149999985, 42.79439372], [-9.022473389999984, 42.79933398], [-9.020175400000028, 42.80071375999997], [-9.013913209999975, 42.79917339999998], [-9.01140890999998, 42.794912550000014], [-9.016286279999985, 42.79479049], [-9.012978220000011, 42.79320054], [-9.01382654, 42.791616539999964], [-9.016391719999984, 42.79260652], [-9.0157958, 42.788488160000014], [-9.01812641, 42.78631285999999], [-9.01579544, 42.78684987000001], [-9.015224280000025, 42.78424248], [-9.016829420000018, 42.78504000999998], [-9.01879339, 42.78286604], [-9.01783935, 42.78097199000002], [-9.016744630000012, 42.78265903], [-9.014357780000022, 42.78098453], [-9.014657839999979, 42.783318159999986], [-9.012671730000013, 42.78388193], [-9.008792940000012, 42.78244794999998], [-9.008212080000012, 42.784143849999985], [-9.00758914999998, 42.7812511], [-9.006198, 42.78328671000002], [-9.002684119999985, 42.78246342999998], [-9.005833969999975, 42.78041632000002], [-9.003721050000022, 42.78055452], [-9.001860019999972, 42.77850101999998], [-9.00042881999997, 42.77962049], [-9.00155167, 42.780992709999985], [-8.99977656999999, 42.78058197], [-8.9993831, 42.78169185999999], [-8.997143490000028, 42.780018250000026], [-8.994917499999987, 42.78126044], [-8.99133014, 42.77992757000003], [-8.98909273, 42.77738951999997], [-8.98628104999997, 42.77965247], [-8.981593729999968, 42.77806193], [-8.98173105, 42.782771650000015], [-8.9777026, 42.78800573999999], [-8.97863843, 42.78999918999999], [-8.97483571, 42.791351519999985], [-8.97339473, 42.78933856000001], [-8.96584987, 42.7867627], [-8.96788592, 42.78189430000002], [-8.966328589999986, 42.77917619], [-8.96311742000003, 42.77856989], [-8.952881139999986, 42.78153485], [-8.95249693999997, 42.78300418], [-8.951004390000021, 42.78247890999997], [-8.949496549999974, 42.788660759999985], [-8.943725970000028, 42.793732449999986], [-8.946187369999985, 42.79517952], [-8.945576529999988, 42.79823594999998], [-8.94214, 42.80165562000001], [-8.937046900000016, 42.8027219], [-8.931338, 42.80731268], [-8.933288439999975, 42.80190019999997], [-8.927855030000014, 42.80107538], [-8.92479235, 42.79768773], [-8.91740333, 42.79724298], [-8.912057830000025, 42.79848326], [-8.912585399999985, 42.79530528], [-8.908956889999974, 42.796348409999986], [-8.90527702999998, 42.81772928], [-8.90145023, 42.82016873], [-8.899477119999988, 42.8257619], [-8.90172431, 42.82662689], [-8.90318981000001, 42.82545285], [-8.908847600000026, 42.82515099000001], [-8.903852159999985, 42.8259857], [-8.901247859999971, 42.82893800999997], [-8.899052130000019, 42.82899754000001], [-8.896486919999987, 42.82697869], [-8.895854399999985, 42.82368068000002], [-8.89990712, 42.8215538], [-8.900839340000017, 42.819021080000034], [-8.894467309999978, 42.81798215000003], [-8.89139684, 42.81553019], [-8.88776129, 42.81574484], [-8.880689659999975, 42.81814393999996], [-8.879563529999972, 42.82751893000004], [-8.87572147, 42.82891410000002], [-8.878563279999971, 42.82471686999999], [-8.877073109999987, 42.81830326999997], [-8.879418689999978, 42.816094], [-8.885813440000016, 42.81403596], [-8.892656940000013, 42.81502402999998], [-8.886656700000025, 42.81338933], [-8.88818487000001, 42.81313044999999], [-8.897902220000018, 42.81668842000001], [-8.904158489999988, 42.813826339999984], [-8.90240923, 42.81215248], [-8.901738070000025, 42.81344746], [-8.90027111, 42.80704198], [-8.89716783, 42.80885875], [-8.897360589999984, 42.815240109999976], [-8.896703260000026, 42.81283458], [-8.896962710000025, 42.80888736], [-8.902129220000019, 42.80024849999998], [-8.898588200000026, 42.79644378], [-8.905206979999972, 42.79381498], [-8.90814242, 42.794347169999966], [-8.907539459999976, 42.790975690000025], [-8.903924590000013, 42.78844420999999], [-8.91006222000003, 42.79205130000001], [-8.921167070000028, 42.79033237], [-8.924577340000017, 42.78829197999998], [-8.93234392, 42.77814851], [-8.9361578, 42.77854429], [-8.94124911, 42.77391343999997], [-8.940513690000028, 42.76790251], [-8.942765409999975, 42.765138739999976], [-8.94644598, 42.76428087], [-8.94441478, 42.76284738999998], [-8.94554258, 42.76110530000001], [-8.947594929999976, 42.76123239999998], [-8.947049710000021, 42.75937043999998], [-8.949135309999981, 42.76009888999999], [-8.94857281, 42.76569133000003], [-8.949779729999985, 42.76083045], [-8.952780729999978, 42.75926065999999], [-8.952101959999974, 42.75410203], [-8.95421447, 42.748500729999975], [-8.960396379999981, 42.746485679999964], [-8.968738559999988, 42.7411617], [-8.972986819999974, 42.74152452999997], [-8.97598889999997, 42.74504907999998], [-8.97984457000002, 42.74273169000003], [-8.983722269999982, 42.74330258], [-8.990928609999974, 42.74053002], [-8.99203289, 42.73590815], [-8.995664170000019, 42.73443918000001], [-8.99428921, 42.73221597], [-8.996380599999974, 42.72757822000002], [-9.000104089999985, 42.72643732], [-9.00083972, 42.7277309], [-9.004082459999982, 42.72603904000002], [-9.000874259999982, 42.72897132000002], [-9.002036980000021, 42.72925223999999], [-9.008525839999976, 42.72565214999997], [-9.00865597, 42.72699555000001], [-9.00981258, 42.71877009], [-9.008300449999968, 42.71727441000004], [-9.010972470000011, 42.71070648], [-9.01373611, 42.70899458000002], [-9.018303290000015, 42.71040113], [-9.01914532, 42.70838534], [-9.021296679999983, 42.70942407], [-9.024179709999972, 42.70793967], [-9.025050480000012, 42.70345586], [-9.029527120000026, 42.70141910000001], [-9.02926243, 42.69768837999998], [-9.03111572000001, 42.69754544], [-9.03128585, 42.69515100999998], [-9.033804270000026, 42.69519792000002], [-9.028469260000024, 42.69228426], [-9.028700799999982, 42.685241709999985], [-9.033206960000014, 42.67347244], [-9.035872069999972, 42.67152219000001], [-9.03937879000001, 42.67195779999998], [-9.0383455, 42.66973505], [-9.04118036, 42.67028715999998], [-9.04175978999997, 42.66909527], [-9.039849790000018, 42.666009780000024], [-9.0427289, 42.66300385], [-9.03982489, 42.65972792999999], [-9.042271859999971, 42.65817615999998], [-9.041610270000014, 42.65299922000002], [-9.038004720000025, 42.65178575], [-9.03689631, 42.64890984], [-9.04053008999997, 42.6373575], [-9.049256789999982, 42.62516620999998], [-9.052491550000019, 42.62571487000001], [-9.05324225, 42.62177735], [-9.06122482, 42.61763609], [-9.05902363, 42.61117275999998], [-9.061455460000014, 42.60986445000001], [-9.060619689999985, 42.60691129000003], [-9.06451299, 42.60034039], [-9.068059520000023, 42.597847519999966], [-9.07369897000002, 42.59932991999998], [-9.074929159999977, 42.59807625000001], [-9.079206320000011, 42.5980826], [-9.078045649999972, 42.59655113], [-9.081650230000024, 42.59403675], [-9.07587249999997, 42.58925851], [-9.079257230000026, 42.58012176000001], [-9.08186414, 42.578002559999966], [-9.091003339999983, 42.57804641999997], [-9.091423210000022, 42.57648476000002], [-9.08891428, 42.57062356], [-9.084176800000016, 42.57049806000002], [-9.082472049999987, 42.567753400000015], [-9.078905429999983, 42.56839343999999], [-9.073887150000024, 42.56638312000002], [-9.07638774, 42.57030077000002], [-9.075021800000028, 42.57215578000002], [-9.07003077, 42.57230422999998], [-9.07222928999997, 42.57261939], [-9.071871859999975, 42.57382661], [-9.066688359999972, 42.57637958000003], [-9.06348278999999, 42.576981959999976], [-9.062472050000014, 42.57585642999999], [-9.061195600000023, 42.57776053000003], [-9.057748969999986, 42.57776344000001], [-9.04469185, 42.57147926000001], [-9.039258920000025, 42.56555566000003], [-9.031694680000026, 42.55533359000002], [-9.029733900000014, 42.54801982999999], [-9.03070021, 42.54315294], [-9.03455411000002, 42.54171611000003], [-9.0347244, 42.539951800000026], [-9.037925180000022, 42.540826770000024], [-9.03871963, 42.536707029999974], [-9.041278240000022, 42.536355650000026], [-9.03986083000003, 42.53252395], [-9.041397689999986, 42.53167750999999], [-9.03946697, 42.53021336999998], [-9.042946929999985, 42.52781486000002], [-9.04135576, 42.52344328], [-9.044601530000014, 42.52403664], [-9.04230662000002, 42.52069248999998], [-9.043799080000028, 42.51989338], [-9.04247989, 42.517199709999964], [-9.039752799999969, 42.519576380000025], [-9.037058989999972, 42.51852162999998], [-9.03396584, 42.5213946], [-9.02569684000001, 42.51968888], [-9.025928790000016, 42.51793033], [-9.024574490000022, 42.5186499], [-9.023117640000022, 42.51691743], [-9.020465960000015, 42.51882157999998], [-9.015804909999979, 42.51856316], [-9.01930235, 42.52114233], [-9.01385604, 42.523220639999984], [-9.011920819999988, 42.52233238], [-9.01109637999998, 42.51806400999998], [-9.011972369999981, 42.52337384999997], [-9.00938877, 42.52662441999998], [-8.99737674, 42.53042458], [-8.995906799999975, 42.52956561], [-8.997188519999975, 42.53137964], [-8.986366289999982, 42.53821272], [-8.982993099999982, 42.54543784000001], [-8.98874132, 42.55472322999998], [-8.98696125, 42.560154599999976], [-8.988855349999984, 42.55502330999996], [-8.991017189999972, 42.557376349999984], [-8.989244, 42.55894567], [-8.99111313, 42.55900963], [-8.99132915, 42.56100567], [-8.988860970000024, 42.561171170000016], [-8.98765803, 42.56259353], [-8.988731679999974, 42.56172706], [-8.991112310000021, 42.56331248], [-8.988298109999985, 42.56583657000002], [-8.97772146000001, 42.56894734], [-8.970774410000026, 42.56850971], [-8.968493500000022, 42.56974519], [-8.96715219000001, 42.567690899999974], [-8.962435399999977, 42.56917956999996], [-8.963053480000019, 42.57245992], [-8.9561176, 42.579411249999986], [-8.957864879999972, 42.57908603999997], [-8.958032229999983, 42.58121971999998], [-8.954254869999975, 42.58452239000002], [-8.944325470000031, 42.584634739999984], [-8.941331299999975, 42.582360129999984], [-8.93750673, 42.58466551], [-8.932486289999968, 42.58400832], [-8.930626429999986, 42.58699451999998], [-8.92314928, 42.585996409999986], [-8.91988267000002, 42.58700300999999], [-8.921422040000015, 42.58858850999998], [-8.92051504, 42.59404561999998], [-8.92358997, 42.59665866000002], [-8.93206306, 42.59671379999998], [-8.937435739999978, 42.60514820999999], [-8.937087830000019, 42.60622851], [-8.93375621, 42.60553756], [-8.937291900000021, 42.607091070000024], [-8.932622680000017, 42.60962926], [-8.93024411, 42.605125939999986], [-8.93107746, 42.60850332000001], [-8.93375461, 42.6108937], [-8.930712020000023, 42.61375234000002], [-8.933765349999971, 42.61369268999998], [-8.93250949000001, 42.61483818], [-8.929051989999989, 42.61346949], [-8.927410240000013, 42.61427489000002], [-8.92099948, 42.61863137999998], [-8.922625300000018, 42.6203474], [-8.91819563999998, 42.62478097000002], [-8.90250403, 42.63322693], [-8.90090509000001, 42.635650060000025], [-8.90281692000001, 42.63639739000002], [-8.90031051, 42.63799427], [-8.902485250000021, 42.64228373000001], [-8.898920899999975, 42.64455639999998], [-8.894945639999978, 42.64326745], [-8.89715232, 42.64223529], [-8.898423049999979, 42.643420890000016], [-8.900898750000028, 42.64034033999998], [-8.894742300000013, 42.641378560000014], [-8.885185630000015, 42.6397292], [-8.876880059999989, 42.63608824], [-8.873494589999984, 42.63238267000001], [-8.874691050000028, 42.62800921], [-8.87884844, 42.62672397999997], [-8.88013712, 42.62771983000001], [-8.88165548, 42.62521112], [-8.882410129999979, 42.62636048], [-8.883665490000011, 42.625197559999975], [-8.88389983999999, 42.62264695999998], [-8.887649529999974, 42.62053625], [-8.886009510000013, 42.615822840000014], [-8.888285769999975, 42.61269884], [-8.890481220000012, 42.61490806], [-8.89098088, 42.61374805000002], [-8.8876971, 42.61214408], [-8.887678090000028, 42.61052472999998], [-8.885843319999974, 42.61458014999999], [-8.88298325, 42.6148806], [-8.880939549999985, 42.61156519], [-8.87606217, 42.61373372], [-8.86871803, 42.60861133999999], [-8.862217969999978, 42.60610069], [-8.85739378999998, 42.60637528999999], [-8.8568127, 42.610563970000015], [-8.860089750000013, 42.61145803], [-8.862247370000016, 42.615866209999986], [-8.85952244, 42.61773445], [-8.85893099, 42.62660465000004], [-8.853542390000026, 42.63061684999998], [-8.84655134, 42.63042596], [-8.83999246000001, 42.62821412], [-8.839682990000023, 42.63154265], [-8.837741579999987, 42.63229007000003], [-8.83785783999998, 42.63430955000001], [-8.844108959999982, 42.63739245], [-8.84646999, 42.64033221000001], [-8.849046559999975, 42.63933605], [-8.856133029999983, 42.64053009], [-8.86110276, 42.64643233000001], [-8.859687189999976, 42.64823336000001], [-8.85745601000001, 42.64733065], [-8.851123700000016, 42.65934883000001], [-8.852041759999986, 42.66521601], [-8.844837839999972, 42.66565710000001], [-8.84371373, 42.66304109], [-8.83999945, 42.66102570000002], [-8.84170572, 42.66464717999997], [-8.83982876, 42.667389769999986], [-8.841880769999978, 42.66806794999998], [-8.84021806, 42.674130299999966], [-8.84582665, 42.68071167], [-8.84188155, 42.67833008999999], [-8.844603969999978, 42.68703960999998], [-8.840935930000017, 42.68592208], [-8.84026931000001, 42.682724499999985], [-8.83351498, 42.67576031], [-8.832638260000024, 42.66901766], [-8.831122020000016, 42.67040940000002], [-8.82895514, 42.666424179999964], [-8.818977250000023, 42.666033030000015], [-8.814628459999987, 42.6638781], [-8.812258409999977, 42.66723049], [-8.813804590000023, 42.66289383999998], [-8.8152626, 42.66322467], [-8.81367134999999, 42.66042508999998], [-8.820503910000012, 42.65211023000001], [-8.820094789999972, 42.650474729999964], [-8.82572122000001, 42.65013374999998], [-8.821607939999984, 42.64918232], [-8.82237837999998, 42.64646946], [-8.82427623, 42.64655268999997], [-8.822374150000021, 42.64616361], [-8.825824549999984, 42.64615863000002], [-8.82593361, 42.647323310000026], [-8.82594087, 42.64609868], [-8.8119802, 42.64441573], [-8.805090029999976, 42.64035533], [-8.80389496000001, 42.637346419999986], [-8.801894559999987, 42.63890641000002], [-8.799981120000014, 42.63839149999998], [-8.800100800000022, 42.636404989999974], [-8.79882553000001, 42.63776604999998], [-8.79476868999998, 42.63662172999998], [-8.79469883, 42.637966570000025], [-8.790122889999973, 42.63871184], [-8.787379450000032, 42.64093939], [-8.783585609999973, 42.64013242000002], [-8.77873712, 42.642016279999986], [-8.770943130000031, 42.648693889999976], [-8.769996390000026, 42.65308071], [-8.762935469999984, 42.65189798999998], [-8.759166160000024, 42.647803229999965], [-8.756176609999972, 42.64738686], [-8.74918350000002, 42.65154707], [-8.746979779999977, 42.650793819999976], [-8.74701437, 42.65737256000001], [-8.74335925000002, 42.66388492], [-8.74478223999998, 42.66621687], [-8.740736440000022, 42.66467397999999], [-8.736627750000018, 42.67077684], [-8.735632989999987, 42.67004364], [-8.729632059999973, 42.67389178000003], [-8.727190329999978, 42.67726482], [-8.731601120000025, 42.68393217000001], [-8.73167043000002, 42.68786145999997], [-8.72778076, 42.68866877], [-8.72555246, 42.687623299999984], [-8.72851554999998, 42.68468352], [-8.723898040000023, 42.678018070000014], [-8.72615223, 42.67664095], [-8.72561399, 42.67397633], [-8.729698459999977, 42.67077373], [-8.729659970000016, 42.667840990000016], [-8.728265609999985, 42.667667899999984], [-8.72946724, 42.66601424], [-8.7390577, 42.66102253000001], [-8.74120502, 42.64900488], [-8.748835869999976, 42.6423735], [-8.754676319999989, 42.64144914000002], [-8.757135629999986, 42.63600497], [-8.7586, 42.63667828999998], [-8.7637632, 42.63252889999998], [-8.76489969000002, 42.628213579999986], [-8.770014810000012, 42.62539863000002], [-8.769642249999972, 42.62282488], [-8.77381154, 42.62151589], [-8.775941149999984, 42.61516979999998], [-8.779003249999985, 42.61415067], [-8.77337601, 42.61234688], [-8.768588250000017, 42.60657552], [-8.76885625, 42.60183594], [-8.772481769999986, 42.602300859999986], [-8.767540780000019, 42.60052508], [-8.768983700000023, 42.59821070000002], [-8.77068815000001, 42.59885374], [-8.770025529999975, 42.60077764000001], [-8.771710280000024, 42.59818094], [-8.76911099, 42.59800623000001], [-8.772215309999988, 42.593240330000015], [-8.77490228000001, 42.59331152], [-8.77437315, 42.59654298000002], [-8.776067900000012, 42.59418876999997], [-8.78161406, 42.59526738999999], [-8.785292849999973, 42.59959105999996], [-8.784166849999982, 42.59310366999998], [-8.7870395, 42.59307515], [-8.78765818000001, 42.59002812999998], [-8.79095877999998, 42.591067060000015], [-8.788918910000026, 42.5898292], [-8.790128519999985, 42.58803048999996], [-8.791225059999979, 42.59026137999997], [-8.792055499999973, 42.58818482], [-8.789873419999985, 42.58725125], [-8.79050037, 42.58586917000003], [-8.794925109999989, 42.58563571000003], [-8.79614969999997, 42.58675281], [-8.795796920000019, 42.58426817999998], [-8.79777245999998, 42.58271858000002], [-8.7951752, 42.580068809999986], [-8.801300269999974, 42.582143319999965], [-8.808236629999978, 42.57592144999999], [-8.825842739999981, 42.57794119000003], [-8.827110380000025, 42.575995110000015], [-8.83038244000001, 42.57529696999997], [-8.829596799999976, 42.56806355000001], [-8.83137625, 42.56429992], [-8.83486815, 42.56478768], [-8.834991019999979, 42.562846], [-8.834501990000026, 42.56451833000001], [-8.832753140000031, 42.56326639], [-8.832300710000027, 42.56428871000002], [-8.829415669999989, 42.56377889], [-8.831635010000031, 42.56211724], [-8.828520679999984, 42.56188915999997], [-8.82800768999997, 42.55991692], [-8.825148369999987, 42.55928865], [-8.82012514, 42.56235337], [-8.818595699999975, 42.55927164], [-8.820481280000012, 42.55859942999999], [-8.82288120999998, 42.553391], [-8.825757300000026, 42.55276721], [-8.825344669999973, 42.55721720000001], [-8.83037033000003, 42.55861706999998], [-8.830047109999983, 42.56037094], [-8.833749740000025, 42.56037989], [-8.834331769999974, 42.56191647999998], [-8.834233899999985, 42.55943696], [-8.836354129999979, 42.55867148000002], [-8.834715609999984, 42.55677479], [-8.83709801, 42.55178302], [-8.833606350000013, 42.55089922], [-8.834510220000015, 42.54910667], [-8.82550446, 42.53883616999998], [-8.828807289999983, 42.53900970999999], [-8.827071039999987, 42.53840517], [-8.82583101, 42.53215810000002], [-8.82826156999998, 42.52963958999997], [-8.8265582, 42.52990654000003], [-8.82577249000003, 42.52657091000001], [-8.827303149999988, 42.520929649999964], [-8.829718340000015, 42.52059935000001], [-8.828921820000025, 42.51845253999998], [-8.826987790000022, 42.51637278000003], [-8.82860567, 42.518324650000025], [-8.82315347000002, 42.52079923], [-8.82117099, 42.52002710999997], [-8.823206879999981, 42.52189474], [-8.81854281, 42.51989998], [-8.8221995, 42.52205412], [-8.813470060000027, 42.528944169999974], [-8.81273608, 42.52733418], [-8.816501870000023, 42.525036], [-8.81478320000003, 42.52474544], [-8.816414909999969, 42.520179400000025], [-8.81745916000002, 42.519109], [-8.818450530000018, 42.51982366], [-8.821931120000015, 42.51956527], [-8.821050010000024, 42.51846694], [-8.826294140000028, 42.51532792999998], [-8.81827182, 42.51947269], [-8.815446529999972, 42.51709604000001], [-8.815498639999975, 42.515302009999985], [-8.817274070000014, 42.51411335999999], [-8.81966847, 42.514999600000024], [-8.82012922, 42.51380587], [-8.817302060000024, 42.51402191999998], [-8.81668091, 42.51257724], [-8.817960089999977, 42.50906434999998], [-8.81975268, 42.51263679999999], [-8.820391699999975, 42.51165904], [-8.819555739999972, 42.50803785999998], [-8.816113849999976, 42.50556662], [-8.81832986, 42.502186060000014], [-8.814896240000014, 42.501892819999966], [-8.813178360000016, 42.49767735000002], [-8.808848780000027, 42.50227255], [-8.811112169999987, 42.49926781000001], [-8.807258509999988, 42.50204735], [-8.805319980000025, 42.50079703], [-8.80535098, 42.49945274], [-8.809745010000027, 42.49738393], [-8.80902971999998, 42.49649312], [-8.807476669999984, 42.49771533999997], [-8.8099609, 42.49316005], [-8.81175798000001, 42.49495903], [-8.81348704, 42.492098449999986], [-8.813985060000027, 42.49379247], [-8.818659259999974, 42.48977365], [-8.819340959999979, 42.49213343000002], [-8.824770960000016, 42.494539219999986], [-8.82755263, 42.49084157999998], [-8.82685563, 42.4883206], [-8.82881042, 42.48802282], [-8.830887039999977, 42.48433407], [-8.829857790000016, 42.48007469999997], [-8.826447210000014, 42.47818727999998], [-8.826137880000015, 42.47408019], [-8.829625970000025, 42.471579740000024], [-8.828887, 42.46978106000004], [-8.82505913, 42.46980528999999], [-8.820344960000018, 42.46722798000002], [-8.823141030000015, 42.465393119999966], [-8.82201006, 42.45911342999999], [-8.81951135, 42.45878165], [-8.82130324000002, 42.45713302], [-8.81964352, 42.451769620000015], [-8.82699359, 42.45348518999999], [-8.827355399999977, 42.45659040000002], [-8.832005149999972, 42.45809047999998], [-8.838024050000028, 42.45419128000001], [-8.83660744999998, 42.4577744], [-8.839871150000018, 42.46018214], [-8.838912150000011, 42.457980689999964], [-8.841539890000028, 42.45578492], [-8.845061820000016, 42.45548773999999], [-8.844390780000014, 42.45676433], [-8.848103059999987, 42.46032811999996], [-8.850255339999983, 42.45812048000001], [-8.846722099999985, 42.45673504999998], [-8.85224249, 42.45388683], [-8.855469769999972, 42.45382047000001], [-8.855925500000012, 42.45076347999998], [-8.862537329999977, 42.449587169999965], [-8.86623877, 42.447317730000016], [-8.869431480000024, 42.44805391], [-8.872764100000019, 42.45430092], [-8.872744529999974, 42.46161140999999], [-8.86971454, 42.464953800000025], [-8.86566262, 42.4649189], [-8.862301929999976, 42.46979939], [-8.856789270000021, 42.470010170000016], [-8.855513410000023, 42.47274914], [-8.858955030000017, 42.473922929999986], [-8.85853319, 42.47214419999999], [-8.860049819999988, 42.47431686], [-8.856502289999987, 42.47656024000001], [-8.86031472, 42.482990059999985], [-8.85713424, 42.48760011], [-8.86032037000002, 42.495385309999975], [-8.857652140000027, 42.49572923000003], [-8.862338130000031, 42.49575886], [-8.862946799999982, 42.49732093999999], [-8.85855246, 42.49806855], [-8.868162340000016, 42.498844449999986], [-8.87173257999998, 42.49579838000001], [-8.873487860000019, 42.49739146], [-8.871118660000025, 42.49910659999998], [-8.87161983, 42.501205269999986], [-8.873073020000028, 42.49932118000001], [-8.878768989999989, 42.49766886], [-8.88192145, 42.49936992], [-8.8843009, 42.496861870000025], [-8.89111422, 42.494809289999964], [-8.89181844, 42.492729549999986], [-8.890160550000022, 42.49114073000001], [-8.891102490000021, 42.49055204], [-8.89179315, 42.48871604999997], [-8.891032730000024, 42.490069539999965], [-8.88853286, 42.48961334], [-8.886338169999975, 42.492400010000026], [-8.882927159999976, 42.48872298999997], [-8.88983777, 42.48099435000002], [-8.889223640000012, 42.48519384999998], [-8.89083435, 42.48654207], [-8.8963075, 42.47983237000001], [-8.899643180000014, 42.4801282], [-8.908765650000019, 42.47538078], [-8.914553140000011, 42.475630310000014], [-8.91814433999998, 42.47824381], [-8.921638789999982, 42.47726151999998], [-8.92567544999997, 42.4789245], [-8.927328549999972, 42.47763249], [-8.937316, 42.47933710999999], [-8.93956655, 42.47498926999998], [-8.935799620000013, 42.47270965], [-8.93607945, 42.46912142], [-8.941667300000018, 42.46342980999999], [-8.940573819999978, 42.46151532], [-8.939147180000017, 42.46211160999997], [-8.93977828000002, 42.46081855], [-8.93338899000003, 42.45304910999997], [-8.930830819999976, 42.45504533999998], [-8.92851740999997, 42.45102464999998], [-8.925503359999977, 42.45141511], [-8.923738220000027, 42.4547293], [-8.91909301999998, 42.45677048000001], [-8.92017923, 42.45938769999997], [-8.915358580000015, 42.46034862], [-8.913260960000015, 42.46233861000002], [-8.90363007000001, 42.46025332], [-8.897305470000015, 42.46086809000001], [-8.89184312, 42.457081169999974], [-8.88845251, 42.457868130000016], [-8.883382139999974, 42.45552788], [-8.87415805, 42.444795340000034], [-8.871186530000015, 42.43526210000001], [-8.87248762, 42.43293575000002], [-8.875542239999985, 42.43337280999999], [-8.873172299999984, 42.43207237999997], [-8.874112310000022, 42.43004364], [-8.87825482, 42.42990256999999], [-8.87465874999997, 42.42822417000002], [-8.87441378, 42.42651741], [-8.87669167999998, 42.42502297], [-8.87629942, 42.42252262999998], [-8.880679070000026, 42.422972399999985], [-8.877372220000012, 42.42048703], [-8.880057589999977, 42.41958367999999], [-8.87900465000002, 42.418071550000015], [-8.880937850000011, 42.41484841], [-8.874816589999979, 42.41525336999999], [-8.8647714, 42.411241550000014], [-8.85845223, 42.40341006], [-8.85934235, 42.3999347], [-8.857487599999978, 42.39723922], [-8.85611867, 42.396625249999964], [-8.85362083000002, 42.39875168000002], [-8.849267829999972, 42.397264259999986], [-8.84567821, 42.39093060000001], [-8.841202559999985, 42.38994423999997], [-8.84248529, 42.386763989999984], [-8.838902289999979, 42.38427358000003], [-8.83550457, 42.38599548999997], [-8.83392975999997, 42.38917257], [-8.829527970000022, 42.38910918000003], [-8.82714925, 42.38663796], [-8.826319649999979, 42.39130726], [-8.822647119999973, 42.39099036], [-8.822409599999972, 42.39366703], [-8.818504510000023, 42.394118019999986], [-8.823872630000025, 42.39490675000002], [-8.822107189999974, 42.39590592], [-8.82443267, 42.39544532999999], [-8.823531430000026, 42.39738167000002], [-8.81964913, 42.39886676], [-8.817953650000021, 42.39603648], [-8.816335159999985, 42.400457820000014], [-8.81331610000001, 42.40116957999998], [-8.80768585, 42.40017763], [-8.80604769000001, 42.397830360000015], [-8.804649100000017, 42.39807244999998], [-8.80653418, 42.39928195999998], [-8.80151179, 42.40118444], [-8.79184797, 42.39622850999997], [-8.788661349999973, 42.397758299999964], [-8.78379931000002, 42.39507887], [-8.78173803, 42.39564229], [-8.774712990000022, 42.38766167999999], [-8.77191282000002, 42.38943251999998], [-8.77038642, 42.394361699999976], [-8.764457240000029, 42.39327465999998], [-8.76166984, 42.39439645999998], [-8.758437929999983, 42.39716096999997], [-8.75904326, 42.40031717999998], [-8.75726224000003, 42.40235137000003], [-8.748743310000012, 42.40323038], [-8.741388179999982, 42.41364648], [-8.734318569999973, 42.41392046999997], [-8.731266410000028, 42.417080300000016], [-8.726917759999981, 42.41748737999998], [-8.719843119999982, 42.4227749], [-8.71395934, 42.42167396], [-8.70805681, 42.42730723000001], [-8.70359035999998, 42.42696314], [-8.70749429000002, 42.428469589999985], [-8.705533840000026, 42.43016087999998], [-8.70375509999998, 42.42970956000001], [-8.705639170000016, 42.43065073000002], [-8.704897259999973, 42.43398254999999], [-8.69697464, 42.43586319999998], [-8.695183160000015, 42.43768092], [-8.69001927, 42.43863135999999], [-8.687419720000012, 42.43770754], [-8.686496550000026, 42.432487239999965], [-8.688262049999976, 42.430247850000015], [-8.684924969999974, 42.42815439], [-8.68552728, 42.426756099999984], [-8.687004140000013, 42.4270967], [-8.685101949999972, 42.42380655999998], [-8.68116015, 42.421067910000026], [-8.6722963, 42.42113018], [-8.671007619999974, 42.42286854999998], [-8.672495310000022, 42.42252464], [-8.672725930000027, 42.42426861], [-8.66946770999998, 42.425726629999986], [-8.667404240000028, 42.42427162000001], [-8.66338531, 42.42551514], [-8.661347719999979, 42.42380668000003], [-8.657893479999979, 42.42632732999998], [-8.65871246, 42.42799719000002], [-8.65611598, 42.42615427], [-8.65493408999998, 42.43205147], [-8.65356817000002, 42.4313758], [-8.654274929999973, 42.4296867], [-8.6530628, 42.42706155], [-8.651929040000029, 42.42836893000001], [-8.653602129999978, 42.425765550000015], [-8.65635654999997, 42.42329767], [-8.66439922999997, 42.421134839999986], [-8.682766739999977, 42.40674662999998], [-8.68495845000001, 42.40747482], [-8.68460366, 42.40476482], [-8.685941840000012, 42.40465322999998], [-8.684558370000032, 42.40453302], [-8.68665812, 42.40277214999998], [-8.68653375, 42.40367855], [-8.693391690000018, 42.40148263], [-8.69798833000003, 42.40261284], [-8.698410810000022, 42.39977410999998], [-8.692437890000026, 42.40127809], [-8.69089511, 42.40033769], [-8.69602336000001, 42.39595021000002], [-8.697664670000018, 42.39717369000003], [-8.695146949999987, 42.39458956], [-8.696974, 42.395317679999984], [-8.69675093, 42.39352837999998], [-8.70157489, 42.39716771], [-8.701204169999976, 42.399103650000015], [-8.702595800000013, 42.39583847], [-8.70460777000002, 42.39592708999997], [-8.703489499999971, 42.39471361], [-8.70671471, 42.39585789999999], [-8.70536189000002, 42.39901317000001], [-8.71074911, 42.39601643], [-8.709731380000031, 42.39470797000001], [-8.713929929999985, 42.39240062], [-8.715215810000013, 42.38971671], [-8.719122640000013, 42.38861203], [-8.720775490000019, 42.38502749000002], [-8.72603197000003, 42.38474621], [-8.729858880000014, 42.375849379999984], [-8.73510612000002, 42.37414582999999], [-8.73686043, 42.37660535], [-8.740547290000025, 42.36858840999999], [-8.741999070000023, 42.36747122999997], [-8.744101239999974, 42.36815777], [-8.745774129999974, 42.36574214], [-8.744957209999987, 42.36145321999998], [-8.749980119999984, 42.35081224000001], [-8.751521500000027, 42.35068066], [-8.75204662000003, 42.344082740000026], [-8.755014780000021, 42.33991839999999], [-8.76111626000003, 42.340295140000016], [-8.76295951, 42.337501599999975], [-8.76816603, 42.33605966999996], [-8.771696170000025, 42.33221761999997], [-8.77764166000002, 42.33103501], [-8.78267129, 42.327809959999975], [-8.784001, 42.328813910000015], [-8.786682759999971, 42.32723784], [-8.787336349999984, 42.32906815999997], [-8.785010719999988, 42.329636], [-8.787737310000024, 42.32907485999998], [-8.787235779999984, 42.327578920000015], [-8.791128890000024, 42.32703964], [-8.799913610000026, 42.33205836], [-8.798873619999974, 42.336702139999964], [-8.800330559999978, 42.33855463], [-8.8044999, 42.33916212000002], [-8.80681391000002, 42.33807235], [-8.81081174, 42.33931845], [-8.8157508, 42.33735683], [-8.82192709, 42.337492449999985], [-8.82396522000003, 42.33814476000002], [-8.82538825, 42.341456960000016], [-8.827115599999988, 42.34032465999998], [-8.83357877, 42.341849309999986], [-8.83916234, 42.339124619999986], [-8.834236750000017, 42.337692829999966], [-8.83476652, 42.335163250000015], [-8.832722119999985, 42.332873100000015], [-8.826940320000027, 42.333717169999986], [-8.82648480000003, 42.32997758000001], [-8.82930157, 42.32842963], [-8.82602291, 42.32564419000001], [-8.8270995, 42.32338382000001], [-8.824924689999985, 42.323215630000014], [-8.826743279999972, 42.320584369999985], [-8.823641990000013, 42.32010331], [-8.822266370000014, 42.3155914], [-8.823803969999979, 42.3138567], [-8.820085569999977, 42.31456823999997], [-8.818436, 42.313517990000015], [-8.819546089999982, 42.31109395], [-8.817443970000017, 42.30645692999999], [-8.819469949999988, 42.3059397], [-8.81913271999998, 42.30281518999998], [-8.822263300000026, 42.30283579000001], [-8.82334621, 42.29723541], [-8.820983149999986, 42.29580745], [-8.819762419999986, 42.29046844000001], [-8.82323079, 42.286673], [-8.82100438, 42.28002594], [-8.81886981, 42.28053972], [-8.816868470000028, 42.27868815999999], [-8.82273715, 42.27503161], [-8.825072569999987, 42.27511966000002], [-8.82606283, 42.27757173000003], [-8.831601970000023, 42.27809042000003], [-8.831373479999986, 42.28308915], [-8.838248520000025, 42.28781527000001], [-8.837787159999973, 42.29107953], [-8.847453130000012, 42.29280887000003], [-8.84691807, 42.29736421], [-8.85002868999997, 42.29965356], [-8.85435334, 42.30639058], [-8.85380701, 42.308993119999975], [-8.855846540000025, 42.30979782], [-8.85948027, 42.30479555], [-8.857778790000024, 42.29993173000001], [-8.860955080000013, 42.28975876], [-8.85954419, 42.28658142], [-8.86464734, 42.27797491000001], [-8.862534900000028, 42.26894634999998], [-8.866624750000023, 42.2635334], [-8.86855845, 42.25605256999999], [-8.870283900000011, 42.25623402999998], [-8.87219979, 42.25299395], [-8.873954119999988, 42.25413707000004], [-8.87302195000002, 42.24998109], [-8.867222720000017, 42.25133213999998], [-8.86381902, 42.24651975], [-8.859912700000024, 42.25690123000001], [-8.855193350000027, 42.26141], [-8.835860769999973, 42.25731261000002], [-8.834191389999987, 42.25616456], [-8.834854139999978, 42.25415931], [-8.828927829999984, 42.250869890000025], [-8.82409596999997, 42.25116119999996], [-8.822479359999972, 42.25386313000001], [-8.81794793, 42.255444160000025], [-8.8138451, 42.25944273999998], [-8.80997409, 42.25793819000001], [-8.804382890000014, 42.25064257], [-8.80129641, 42.25160042999998], [-8.79996397999998, 42.24975963], [-8.79531034000002, 42.24961757], [-8.7925624, 42.2463451], [-8.79111991, 42.24910978000001], [-8.788554129999975, 42.24755637000003], [-8.78715292, 42.24852751], [-8.789052100000012, 42.24968262999999], [-8.788189090000017, 42.25440737000002], [-8.784637550000012, 42.254659169999975], [-8.788775430000012, 42.25485479], [-8.78757553, 42.25643688], [-8.785693920000018, 42.25613604999999], [-8.786009040000023, 42.25851463], [-8.782253630000024, 42.25826356000002], [-8.780370560000025, 42.26019521], [-8.782278830000022, 42.25840632], [-8.785081890000013, 42.25857956], [-8.78535428999998, 42.260096119999986], [-8.782498500000017, 42.26014160000001], [-8.785154690000018, 42.26043029], [-8.784130829999988, 42.262876640000016], [-8.77399104, 42.26278614000001], [-8.765902150000015, 42.25835135000001], [-8.76205138, 42.25931069], [-8.75988184, 42.26209364], [-8.754761800000018, 42.26322471], [-8.75165492, 42.26556857999998], [-8.75297601000002, 42.266366290000015], [-8.751439629999984, 42.26799195999998], [-8.737409500000028, 42.271109559999985], [-8.740346659999982, 42.27128618], [-8.740335979999973, 42.27236696], [-8.738858479999982, 42.27384547000001], [-8.73554274, 42.273372729999984], [-8.735674180000018, 42.28027973000001], [-8.73148106, 42.28669247999998], [-8.72132658, 42.28501367], [-8.72138383, 42.28270626999997], [-8.7190138, 42.28130350999997], [-8.721027480000018, 42.28278711999999], [-8.71924503, 42.283317410000016], [-8.71831477, 42.28909828999997], [-8.71719819, 42.288551], [-8.712011, 42.27573025999998], [-8.7070839, 42.27740769000001], [-8.70574752, 42.279517880000014], [-8.702074459999968, 42.27911600999999], [-8.703382499999986, 42.28004098999999], [-8.70189226999998, 42.27978225999998], [-8.701121539999976, 42.282251269999975], [-8.69695539, 42.280955609999985], [-8.69562103000002, 42.27893361000001], [-8.689668639999972, 42.28000421], [-8.682391889999971, 42.28386798], [-8.68313338, 42.28496539000001], [-8.67836489000001, 42.28693976999999], [-8.678042440000016, 42.290223560000015], [-8.67450764000003, 42.29136231], [-8.67080581999999, 42.29105088999999], [-8.67065108000001, 42.28987028], [-8.66716851999998, 42.29159135000001], [-8.660230840000011, 42.29075578999998], [-8.651813460000024, 42.29775285], [-8.65589224000003, 42.30171912999998], [-8.654703410000012, 42.30252512], [-8.657649289999977, 42.30291948999996], [-8.65836497, 42.307511189999985], [-8.662266860000013, 42.3107118], [-8.660171040000018, 42.31586582], [-8.655249760000022, 42.32170876], [-8.655765820000022, 42.31989179], [-8.653304589999975, 42.320310609999986], [-8.6488404, 42.3184158], [-8.649948, 42.3210257], [-8.64645923, 42.322161329999986], [-8.64613602, 42.324778930000015], [-8.636246280000018, 42.32650931], [-8.63752634, 42.33348591], [-8.640743320000029, 42.33431744999998], [-8.642004760000017, 42.33688383000003], [-8.64442488, 42.33626922999997], [-8.644977850000023, 42.33851047999998], [-8.640597239999975, 42.33986102], [-8.638051410000015, 42.34340746], [-8.635955939999986, 42.34250256000002], [-8.63800376000002, 42.343958950000015], [-8.636846300000014, 42.34742788], [-8.628823990000027, 42.35108204000003], [-8.62722858, 42.346137359999986], [-8.623923869999983, 42.34582289], [-8.62008469000002, 42.34957662], [-8.61211903, 42.34619607999998], [-8.61244574, 42.34353338000003], [-8.616038489999987, 42.34000807], [-8.61420523, 42.340269169999985], [-8.61191473000002, 42.336492679999964], [-8.61447668000003, 42.33501653], [-8.61603684999997, 42.330609799999976], [-8.61152688, 42.32642921], [-8.6137072, 42.32679927000002], [-8.616234860000025, 42.32276813], [-8.61584444000001, 42.32002362000003], [-8.61948709, 42.315442509999976], [-8.619130909999978, 42.31185911999998], [-8.623731910000023, 42.309868420000015], [-8.617770119999982, 42.30571445999998], [-8.61426331, 42.29916208], [-8.61523689000002, 42.29484719], [-8.617926229999973, 42.296722559999985], [-8.616385670000026, 42.29440366], [-8.61797006, 42.29231831000002], [-8.621231299999986, 42.29190592999997], [-8.62098426, 42.29049572], [-8.610865120000016, 42.28751332], [-8.61399505, 42.28567189], [-8.619814310000015, 42.287573499999986], [-8.622086489999978, 42.28681362000001], [-8.624329739999972, 42.29034917], [-8.62280893000001, 42.28716517999999], [-8.62674502, 42.28833985], [-8.627005199999974, 42.28622951999998], [-8.630451529999972, 42.284907549999986], [-8.634506009999983, 42.28564401999998], [-8.638386809999973, 42.28877449999999], [-8.64395045999997, 42.289571229999986], [-8.644312329999968, 42.29076866], [-8.65754393, 42.284191169999964], [-8.66119465, 42.28488365], [-8.66283589999998, 42.28102144999997], [-8.66841239, 42.279538800000026], [-8.67147825000001, 42.27332830000002], [-8.670342110000014, 42.27228639], [-8.67206705, 42.272866980000025], [-8.672945279999974, 42.27158110999998], [-8.671337839999984, 42.27109373], [-8.676792770000018, 42.26436846999998], [-8.682095840000024, 42.26377195000001], [-8.6843581, 42.26049974], [-8.68773631999998, 42.25872034], [-8.688702739999975, 42.25976150999998], [-8.69073557, 42.257040730000014], [-8.69277126, 42.25717342999999], [-8.692267470000028, 42.25978212000001], [-8.6950308, 42.257772059999986], [-8.696781369999975, 42.25998037], [-8.695315119999975, 42.261457759999985], [-8.69770304, 42.25985341999998], [-8.70273805, 42.25991743999999], [-8.705367339999972, 42.25535722000003], [-8.70695094, 42.25652047], [-8.705098309999974, 42.25358823], [-8.705516949999987, 42.25191995999998], [-8.70749035, 42.25176744000002], [-8.70544888, 42.25116717999998], [-8.710103949999983, 42.25065569999998], [-8.70931527, 42.244483650000014], [-8.70995036, 42.24534314], [-8.712736429999982, 42.24105399000002], [-8.715909930000016, 42.240913369999966], [-8.715524179999987, 42.24307515], [-8.71696288, 42.24330928], [-8.717642789999974, 42.24105176999998], [-8.723467509999981, 42.24289380000002], [-8.72097179, 42.241290320000026], [-8.724417769999976, 42.24108181000001], [-8.723249219999971, 42.24249063000002], [-8.726376119999978, 42.240767679999976], [-8.727828760000026, 42.24128905], [-8.725988560000026, 42.24317264000003], [-8.73137503000002, 42.2401841], [-8.727981040000014, 42.24003012999999], [-8.731610419999988, 42.23703958], [-8.73121043, 42.238905059999986], [-8.732666679999989, 42.23759876], [-8.733633259999976, 42.240637989999975], [-8.73765604999999, 42.23464784], [-8.736501049999976, 42.23420167999998], [-8.73361759, 42.23739804], [-8.7361987, 42.232740519999986], [-8.734806499999975, 42.23221623], [-8.73604095, 42.23047091], [-8.737694479999986, 42.23107209], [-8.737039700000022, 42.22933154999998], [-8.738973139999974, 42.230080699999974], [-8.737935280000013, 42.22799029999999], [-8.739462309999976, 42.22906591], [-8.73934275, 42.22721748999998], [-8.741400630000019, 42.22787032999998], [-8.740458209999975, 42.22629729], [-8.744147720000024, 42.22744427], [-8.74424964000003, 42.22603483000001], [-8.750386020000013, 42.22651852], [-8.75096064, 42.22524733], [-8.75058784999998, 42.22833578], [-8.752603030000017, 42.2282524], [-8.75119972, 42.2296013], [-8.753100779999977, 42.23065791], [-8.750013310000012, 42.23147039], [-8.747127479999977, 42.22917595], [-8.739822700000012, 42.23263063999998], [-8.75339482, 42.23109320999998], [-8.754402629999975, 42.23258183999998], [-8.751392760000016, 42.23491180000001], [-8.763233959999978, 42.23073263999998], [-8.76079238, 42.22587758], [-8.754355730000023, 42.22675086999998], [-8.75674822999997, 42.22416386000001], [-8.759385900000012, 42.223337850000014], [-8.76118921, 42.22465131000002], [-8.76712931, 42.223118519999964], [-8.770098259999985, 42.22539026], [-8.775226550000017, 42.22213363], [-8.777823640000024, 42.21994092999997], [-8.77834422, 42.21755609000002], [-8.776565509999987, 42.21704284999998], [-8.775649230000019, 42.21284919], [-8.779418750000017, 42.20362064999998], [-8.786829709999987, 42.199798], [-8.797041149999979, 42.19787635], [-8.795442839999984, 42.19694916], [-8.79809763, 42.19355582], [-8.800983339999988, 42.19505680999998], [-8.80471472, 42.19113159], [-8.80967294, 42.19002455], [-8.81180552, 42.19096939], [-8.815949849999988, 42.18746392], [-8.81203939, 42.18034417000001], [-8.814431649999978, 42.17766597000002], [-8.81584837999998, 42.16819584999999], [-8.81839272, 42.16796737], [-8.81866802, 42.16135491000003], [-8.822509660000012, 42.15708144000001], [-8.83183454, 42.15323946], [-8.834526200000017, 42.15343521], [-8.837874210000024, 42.15838643], [-8.837888019999982, 42.157224469999974], [-8.83891761999997, 42.15854919999999], [-8.85019919999997, 42.15651418000003], [-8.850695559999973, 42.15259095000002], [-8.8474695, 42.14870510999998], [-8.846282320000025, 42.14934193999998], [-8.843313780000024, 42.14732421999998], [-8.841203059999975, 42.14844028999999], [-8.840889739999977, 42.14714200999998], [-8.839581059999983, 42.14829809000001], [-8.832241019999982, 42.14727742999999], [-8.8300039, 42.14833673], [-8.82594538, 42.14550993000001], [-8.826074959999989, 42.142316629999975], [-8.82449720000001, 42.14146979999998], [-8.82473673, 42.143285], [-8.82269957000003, 42.143361750000025], [-8.820134260000025, 42.1413769], [-8.818709350000015, 42.13218637], [-8.821341009999976, 42.12660623], [-8.825045929999982, 42.12612949], [-8.827321730000028, 42.12339395999997], [-8.823706790000012, 42.11695266999998], [-8.826037350000027, 42.11507857000002], [-8.833847039999972, 42.11257395], [-8.836497949999988, 42.11352791000003], [-8.83618837, 42.11581220999998], [-8.84113437, 42.11464146999998], [-8.846747049999987, 42.11860354000002], [-8.84564066, 42.11984835999997], [-8.8477278, 42.11927355000002], [-8.849479340000029, 42.12069628000001], [-8.846893489999982, 42.12202579], [-8.84849681000002, 42.12262794999997], [-8.848077049999985, 42.12436879000002], [-8.842588850000018, 42.12464934], [-8.84668193, 42.12510628], [-8.851642890000024, 42.12828224000001], [-8.853390520000028, 42.125339179999976], [-8.85208776, 42.122624260000016], [-8.86310673999998, 42.12122264], [-8.868431590000027, 42.11487321], [-8.86910043, 42.1158291], [-8.86991290999999, 42.11468015999998], [-8.87432615999997, 42.11533571999998], [-8.874536, 42.11290343000002], [-8.8764015, 42.11320366000002], [-8.88061045, 42.11022371], [-8.884488350000025, 42.11357996999999], [-8.88752066, 42.11225364000001], [-8.888811030000024, 42.113780529999985], [-8.888649779999973, 42.11282563999998], [-8.89080584, 42.113389730000016], [-8.892103080000016, 42.11147751], [-8.895267150000015, 42.11378094], [-8.90067738, 42.11228663999998], [-8.89841186, 42.10703841000002], [-8.89940837, 42.10319721999998], [-8.89466010000001, 42.09984133], [-8.896073639999985, 42.09710391], [-8.893940170000015, 42.08650166], [-8.89567922, 42.08544881000001], [-8.891587439999977, 42.08224797], [-8.89694419, 42.07734493], [-8.896484599999981, 42.07447902000001], [-8.893907409999981, 42.07274847999998], [-8.896751180000024, 42.06681369000001], [-8.893219329999981, 42.06286388], [-8.894554840000014, 42.06189486999999], [-8.891719620000012, 42.06219399], [-8.890706880000023, 42.06065281999998], [-8.893577319999986, 42.05891161], [-8.89028716, 42.05782083999998], [-8.88945891, 42.05579306000001], [-8.891964960000015, 42.05103702999999], [-8.885952449999987, 42.05041039999997], [-8.88839866, 42.043965169999986], [-8.887518760000027, 42.04098583000001], [-8.884608100000028, 42.040721529999985], [-8.88396015, 42.038288350000016], [-8.884410210000013, 42.03284606], [-8.88647504, 42.03206468], [-8.88507508, 42.02998526000002], [-8.889779699999968, 42.02616037], [-8.88649005, 42.02440331], [-8.88780004, 42.023165639999974], [-8.885729899999978, 42.02088668], [-8.88677781, 42.01734003], [-8.885314550000029, 42.01744231999997], [-8.88734436, 42.01511441], [-8.886177189999987, 42.01254593], [-8.883518060000013, 42.01211559999999], [-8.884760639999985, 42.00675858000001], [-8.881479279999976, 42.00311954], [-8.87683038999997, 42.00244026000003], [-8.88470367000002, 41.99452796], [-8.884713590000013, 41.98915332999998], [-8.886721140000024, 41.988158869999985], [-8.887589369999983, 41.98463046999998], [-8.888350870000016, 41.97433815999999], [-8.88578712, 41.96473905999998], [-8.887836140000017, 41.96341839], [-8.88576987000002, 41.9606351], [-8.887165660000024, 41.95694453999995], [-8.88413418, 41.95297762000001], [-8.886797949999975, 41.94969895999998], [-8.88528147999998, 41.945681119999975], [-8.88809702, 41.936345399999986], [-8.8858077, 41.93139515], [-8.883977430000021, 41.93089515000002], [-8.88581293, 41.92426543], [-8.88396714, 41.917843029999965], [-8.885419959999984, 41.91686814000002], [-8.88217089, 41.91208416999998], [-8.87648981, 41.909936519999974], [-8.8785758, 41.908902200000014], [-8.87634684, 41.90799046], [-8.8796947, 41.90639622000001], [-8.88202995, 41.90087512999999], [-8.88006047, 41.90199354], [-8.87416231, 41.89904673], [-8.88058367, 41.89982422], [-8.880588209999978, 41.89804161999998], [-8.87686387, 41.89750375999998], [-8.88066272, 41.89243865], [-8.88193502, 41.88126513000001], [-8.871576879999976, 41.86632596], [-8.85984511000001, 41.874188519999976], [-8.850639639999972, 41.87730588999996], [-8.839154799999973, 41.88633614], [-8.83645282999998, 41.89473774], [-8.83047686, 41.90067762000002], [-8.818559080000016, 41.90648741000001], [-8.785061560000011, 41.91849318999998], [-8.77046382, 41.92767419], [-8.75536461000003, 41.93481710999997], [-8.74827549999997, 41.941906989999985], [-8.746567970000022, 41.9461067], [-8.745581059999969, 41.95094536], [-8.74799918, 41.95970895], [-8.744121339999987, 41.96525993], [-8.731512610000019, 41.97285987], [-8.718322560000017, 41.978318], [-8.699313800000029, 41.983362450000016], [-8.687440680000016, 41.98984068000002], [-8.680448819999976, 41.990053009999976], [-8.663502159999986, 42.00220888], [-8.660766350000014, 42.00618821999997], [-8.658143110000019, 42.01890307], [-8.65933574, 42.02552370999996], [-8.657740310000019, 42.03066185999999], [-8.65510635, 42.03322268999999], [-8.64505077000001, 42.037473249999984], [-8.63703782, 42.04706864000001], [-8.628433059999988, 42.05041804], [-8.594461730000013, 42.05514521], [-8.574015629999984, 42.05161511], [-8.556736460000025, 42.05140246000003], [-8.554033680000027, 42.053370189999974], [-8.543526780000013, 42.05560825999998], [-8.525502689999978, 42.06448335], [-8.52883949, 42.07450381000001], [-8.52751571000001, 42.07761959], [-8.523551959999974, 42.07845022], [-8.513850989999984, 42.07750485], [-8.502047559999978, 42.07837025999996], [-8.485164239999975, 42.082124850000014], [-8.474161739999978, 42.08094142999998], [-8.44335980999997, 42.08293341], [-8.43441618, 42.077417], [-8.43210580000002, 42.07357462999998], [-8.428293809999976, 42.07223415999999], [-8.41912358000003, 42.07309204000001], [-8.40440337, 42.08044126], [-8.393471109999979, 42.08048908999998], [-8.390212509999982, 42.07541218999998], [-8.381041959999989, 42.07727533], [-8.370607460000027, 42.08891987], [-8.363491870000017, 42.090244], [-8.35371705, 42.0904228], [-8.34312292, 42.0853185], [-8.3318987, 42.084203740000014], [-8.325414419999975, 42.09017745], [-8.325157590000021, 42.09705843000002], [-8.322424790000017, 42.10194802], [-8.316943199999974, 42.10462465999998], [-8.31298916000001, 42.10316990000001], [-8.300240239999969, 42.10554387], [-8.29476577, 42.11092893], [-8.290504950000022, 42.11159422], [-8.28917556000002, 42.1143565], [-8.27436963, 42.12329566], [-8.26307466, 42.120232860000016], [-8.259222210000017, 42.12102224], [-8.256208539999975, 42.12726462000001], [-8.25626871, 42.13513923], [-8.24631005, 42.139179540000015], [-8.24099808, 42.1388649], [-8.232148899999984, 42.13321119000001], [-8.22313847, 42.13336192], [-8.21882617000002, 42.13813217000002], [-8.207525919999979, 42.1408979], [-8.201114249999982, 42.14840988], [-8.20210935000001, 42.15316312], [-8.19904175, 42.15440995], [-8.192108470000028, 42.14288619], [-8.188886829999982, 42.14372559999999], [-8.19126109, 42.140367850000025], [-8.188975960000016, 42.13506083999998], [-8.19319616, 42.12781110000001], [-8.185964429999977, 42.09704334], [-8.18698807, 42.08856122999999], [-8.184339949999988, 42.07862504000002], [-8.187300680000018, 42.07462861], [-8.182316970000011, 42.06685988000004], [-8.17145309, 42.06772951000002], [-8.15897835, 42.07659332], [-8.149105420000028, 42.07987397], [-8.137728919999985, 42.07608193999999], [-8.124148559999975, 42.08315499000001], [-8.118517050000019, 42.08211058000001], [-8.09689169, 42.07181296999998], [-8.08804314, 42.057279680000015], [-8.08429118, 42.04737197999998], [-8.08284421000003, 42.036065350000015], [-8.08546153, 42.01697959], [-8.087730979999973, 42.014709], [-8.092480909999987, 42.01205794000004], [-8.09435277999998, 42.01282093999997], [-8.0991818, 42.00920276], [-8.10992568, 42.00724715000002], [-8.114843899999983, 42.00460565999999], [-8.124498420000021, 42.00637959999998], [-8.127596020000022, 42.00542160999998], [-8.14059391, 41.98878609], [-8.16347636, 41.98270543000002], [-8.163188069999977, 41.97557001], [-8.169609879999978, 41.96593501], [-8.169680969999979, 41.96323989], [-8.174336290000024, 41.962336339999986], [-8.176717969999974, 41.95883452000001], [-8.17524229, 41.95506595], [-8.17995774999997, 41.95387135999997], [-8.198345100000022, 41.93974049], [-8.205322699999984, 41.92653118], [-8.210815900000021, 41.9235264], [-8.212763629999973, 41.91770285], [-8.217023360000027, 41.91362857], [-8.21646034, 41.90481331999997], [-8.21367157, 41.90106005], [-8.214725559999986, 41.89787903], [-8.205247340000012, 41.89350267000001], [-8.197563170000011, 41.87990608000001], [-8.20054129, 41.87845645999999], [-8.19972278999997, 41.87401916], [-8.192362909999982, 41.87683787999999], [-8.182844680000018, 41.87488321999997], [-8.17060525000001, 41.87904661999998], [-8.166129860000026, 41.86211583], [-8.16169932, 41.860641], [-8.165109820000028, 41.818272250000014], [-8.152499480000028, 41.81770571], [-8.129953410000015, 41.80893122000001], [-8.123267699999978, 41.80884327], [-8.117182109999971, 41.81220328000003], [-8.114128040000011, 41.81133132], [-8.105643779999983, 41.81253803000003], [-8.100848030000025, 41.810041749999975], [-8.093865679999988, 41.80894794000001], [-8.092808, 41.81123671999999], [-8.08694861, 41.81307256999999], [-8.084620040000024, 41.81117727], [-8.07840327000002, 41.81275845], [-8.078559169999972, 41.81396695], [-8.073178340000025, 41.81349411], [-8.0643332, 41.81745966999998], [-8.057539429999983, 41.81616625999999], [-8.05334193, 41.8210871], [-8.047051920000017, 41.82206663], [-8.04637331, 41.823690070000026], [-8.04100656000002, 41.82508773999998], [-8.04117525, 41.82769121999998], [-8.037013939999975, 41.83049416], [-8.02990726999998, 41.82905981], [-8.01700903, 41.83113792000004], [-8.013264149999982, 41.82881700999998], [-8.01176537, 41.83351021], [-8.00730141, 41.83816202000002], [-8.005012940000029, 41.846779079999976], [-8.001814140000024, 41.85006993000001], [-7.99651784, 41.85086829000002], [-7.994518910000018, 41.85256704], [-7.994612009999984, 41.85792891], [-7.98953124, 41.85933876999997], [-7.988769529999976, 41.86764592], [-7.98086185, 41.87236564999998], [-7.97097719, 41.87615329], [-7.969507679999977, 41.87398424999997], [-7.95646746, 41.87530556], [-7.95406216, 41.87193435], [-7.94824032, 41.87095255999997], [-7.94361259, 41.87154853], [-7.936787039999984, 41.8753542], [-7.92272460999997, 41.87968681000002], [-7.92097492, 41.87902371999997], [-7.909492719999984, 41.90694979000002], [-7.908968769999989, 41.92288128], [-7.905780899999987, 41.92736652000002], [-7.892667400000025, 41.92726123000002], [-7.887635939999989, 41.927052899999964], [-7.88472856000002, 41.924980089999984], [-7.883475850000013, 41.91868608999998], [-7.8871602, 41.90775182], [-7.884278959999983, 41.88139564], [-7.88773896000001, 41.86659957], [-7.891926799999974, 41.85992938], [-7.887591449999984, 41.85630601], [-7.880874149999979, 41.85571007999997], [-7.87648490000001, 41.84946858], [-7.8692366, 41.85454869], [-7.864829730000012, 41.85994889000003], [-7.85821032, 41.86286779000001], [-7.848964659999973, 41.86244920999997], [-7.84560888000001, 41.863941729999965], [-7.84199046000002, 41.86976689], [-7.844977229999973, 41.881534109999976], [-7.830698099999977, 41.88006641], [-7.79231276, 41.88326335999998], [-7.77836007, 41.887285539999986], [-7.763916029999976, 41.89929461999998], [-7.75388215, 41.89871205], [-7.749975830000023, 41.89511960999997], [-7.745233419999972, 41.89340739], [-7.734651279999972, 41.894682559999985], [-7.713726479999971, 41.90442296], [-7.701157719999984, 41.90805464999998], [-7.69718811, 41.90750619000002], [-7.688135530000014, 41.90256486], [-7.677957799999987, 41.89359011000002], [-7.668639669999973, 41.89354703], [-7.66339625, 41.88658467000001], [-7.65384772, 41.881372659999975], [-7.625713319999977, 41.88018], [-7.61963644, 41.884620879999964], [-7.615984210000018, 41.88476807000003], [-7.60757491, 41.87942520999997], [-7.591114130000015, 41.88055413], [-7.58809612, 41.87963059], [-7.58626789, 41.88202672999998], [-7.583680350000012, 41.87887092000001], [-7.58469133999998, 41.87566117], [-7.590430260000026, 41.87152379], [-7.599396040000023, 41.86888633], [-7.60232738, 41.866598739999986], [-7.599918320000025, 41.86408440000002], [-7.60032856000002, 41.86141182999995], [-7.607162339999972, 41.85343910999998], [-7.606680309999985, 41.848578479999986], [-7.60984872, 41.84909932999999], [-7.612361, 41.84636016000001], [-7.615194629999974, 41.83270449999997], [-7.613587439999978, 41.82927578000002], [-7.598973829999972, 41.833149509999984], [-7.574168159999989, 41.82987449], [-7.55904162, 41.83452890999999], [-7.550845069999972, 41.83405333000002], [-7.548775380000017, 41.835765180000024], [-7.538871819999989, 41.836517979999975], [-7.52108471000001, 41.84192101999999], [-7.50540646, 41.85047079000002], [-7.50723991000002, 41.85547686], [-7.51057817, 41.85756046999998], [-7.51314242, 41.86215951000001], [-7.511049390000026, 41.86561835], [-7.50214101, 41.86963322000001], [-7.49099054, 41.87141229999999], [-7.48502863000003, 41.86128233999999], [-7.47431732000002, 41.863816929999984], [-7.465285120000017, 41.86332282999999], [-7.452800339999973, 41.86514113999996], [-7.445464860000016, 41.85768254], [-7.448970240000018, 41.85300855], [-7.447663289999978, 41.84493774999997], [-7.444138049999983, 41.83977117000001], [-7.426749379999968, 41.83294374999996], [-7.425644119999967, 41.83105958], [-7.425436240000029, 41.826826740000016], [-7.42945512999998, 41.82523088], [-7.430265250000011, 41.82319170000001], [-7.42408416, 41.81665043000001], [-7.429199880000021, 41.81212198000003], [-7.42729072, 41.80747764999999], [-7.420618819999974, 41.81142675], [-7.415912820000019, 41.81159912], [-7.41436163, 41.814243], [-7.401802319999987, 41.822226250000014], [-7.402026690000012, 41.82549509], [-7.39681343000003, 41.826712610000016], [-7.389961629999987, 41.83881545], [-7.390009369999984, 41.84232518], [-7.386081379999973, 41.84158414], [-7.36889593, 41.84966869999998], [-7.367275089999986, 41.85168434], [-7.363828789999968, 41.85271597999998], [-7.356263689999983, 41.84010995000002], [-7.339370390000026, 41.84509059999996], [-7.321054439999987, 41.844728959999976], [-7.315809319999977, 41.84283759], [-7.310361010000024, 41.844366170000015], [-7.300883269999972, 41.85188939], [-7.28329786, 41.85257481], [-7.26946062, 41.86107765], [-7.251645079999975, 41.86723231], [-7.243728659999985, 41.86920042], [-7.23265973, 41.86722355], [-7.219148749999984, 41.87333123999998], [-7.208465519999987, 41.88052212999998], [-7.205009710000026, 41.879271309999986], [-7.197290020000018, 41.880058470000016], [-7.184670910000023, 41.89824016999999], [-7.1842074, 41.904605069999974], [-7.181786600000024, 41.907952949999974], [-7.18224960000003, 41.91300544], [-7.173502129999988, 41.91953721000002], [-7.178310860000015, 41.92080268], [-7.178499259999972, 41.92220947999998], [-7.17566006, 41.9230423], [-7.179589810000011, 41.93169618000001], [-7.183538180000011, 41.93343399], [-7.184409449999976, 41.93605843], [-7.1830047, 41.93744232999998], [-7.185911649999975, 41.93837166999999], [-7.18644571, 41.94136857000002], [-7.189920289999975, 41.94175482999997], [-7.183485879999973, 41.94479020999998], [-7.18700394, 41.94730895999998], [-7.181574530000016, 41.95170316], [-7.18343563, 41.95691170000001], [-7.187163099999975, 41.95691062999998], [-7.184588249999988, 41.961245659999975], [-7.1866624, 41.96987695], [-7.17969126000001, 41.97894653999999], [-7.17710744000002, 41.98003122], [-7.16408563999997, 41.97964979], [-7.15795931, 41.976378619999984], [-7.154417939999977, 41.97981161999998], [-7.151536829999976, 41.98653413999999], [-7.14128022, 41.99084014000001], [-7.132679210000011, 41.98774708], [-7.119845750000018, 41.98693962], [-7.11400127, 41.98296261], [-7.087559099999978, 41.973914109999974], [-7.084064770000019, 41.96380979], [-7.076842900000028, 41.952172199999985], [-7.068991580000022, 41.94935372000002], [-7.06489581, 41.94905783999998], [-7.06018631999998, 41.95125076000003], [-7.0586858, 41.94946701000001], [-7.052075870000023, 41.949277689999974], [-7.048694629999977, 41.95073883], [-7.045921909999979, 41.954762660000014], [-7.04241702, 41.95503941], [-7.041733620000011, 41.9531996], [-7.036124519999982, 41.95110114], [-7.01727628, 41.9494582], [-7.006233160000023, 41.950511060000025], [-6.999490289999986, 41.962452310000025], [-6.98922268, 41.96765452999998], [-6.98581512, 41.971437890000026], [-6.984236969999979, 41.97089847], [-6.983529009999979, 41.97289504999998], [-6.97860475, 41.974038579999984], [-6.957857179999987, 41.96929122999999], [-6.944271980000018, 41.94508722999998], [-6.941690139999976, 41.9442936], [-6.9329213, 41.946638829999976], [-6.925007189999985, 41.944451859999965], [-6.912427130000019, 41.944251609999974], [-6.89250696, 41.93977918], [-6.88551263, 41.94038566], [-6.876799280000025, 41.94327399000002], [-6.869648370000016, 41.947477629999966], [-6.844417120000013, 41.94230252000002], [-6.835779569999983, 41.94528425999998], [-6.830086299999977, 41.9438718], [-6.821150170000013, 41.94631312999998], [-6.810223060000029, 41.97018798000003], [-6.81148444, 41.99252253000003], [-6.797707489999988, 41.98859460000002], [-6.78560728, 41.98889584], [-6.778251790000021, 41.98758974], [-6.768703839999969, 41.983897009999986], [-6.76701717, 41.97454257], [-6.750622329999968, 41.94339262], [-6.72640714999997, 41.93705055999998], [-6.714547969999989, 41.93864208], [-6.7146292, 41.93754987000002], [-6.69927321, 41.9333279], [-6.635594070000027, 41.94215462000002], [-6.625226510000013, 41.93990752], [-6.61713436, 41.94119867], [-6.61342403, 41.94661054], [-6.60625706000002, 41.94892532999997], [-6.599364920000022, 41.9482054], [-6.58908243, 41.96292657], [-6.588472969999982, 41.96775425], [-6.573801909999968, 41.96066644], [-6.549135939999981, 41.94450335], [-6.545849889999978, 41.93593324000002], [-6.545980459999976, 41.93067929999999], [-6.549620450000028, 41.929342009999985], [-6.54758056, 41.927352], [-6.550040739999971, 41.92561895], [-6.548608749999969, 41.92393431], [-6.557801159999973, 41.910358139999985], [-6.55679777, 41.90748965999996], [-6.561101260000014, 41.89600983000001], [-6.565873510000011, 41.89426766], [-6.571185139999971, 41.88362058000002], [-6.53804688, 41.87665114], [-6.517938700000015, 41.87536957999997], [-6.51582217000001, 41.87127412000002], [-6.519725230000025, 41.86490491999997], [-6.525483339999986, 41.86073884], [-6.52233211000001, 41.85425294], [-6.526928109999986, 41.85043765000001], [-6.52837547, 41.84675507999999], [-6.525999, 41.84252372000001], [-6.532084879999986, 41.83516845], [-6.52847259, 41.82816560000003], [-6.531570759999981, 41.82342365000002], [-6.52772532, 41.82070537], [-6.535246469999985, 41.81846571], [-6.533326290000012, 41.81441854999996], [-6.538949119999973, 41.81182286999998], [-6.53760261, 41.807046680000035], [-6.542777129999971, 41.8052841], [-6.539311400000019, 41.80158191999998], [-6.543323819999973, 41.800359449999966], [-6.543097330000015, 41.79690849], [-6.547262359999981, 41.79496976], [-6.543582549999971, 41.78781636999999], [-6.547139730000023, 41.77989001999996], [-6.543890769999984, 41.77835149], [-6.549823319999986, 41.77685334999996], [-6.550441760000028, 41.77236769000001], [-6.555354919999981, 41.76658736], [-6.555275379999976, 41.75709845999999], [-6.55844318, 41.75327214], [-6.565008369999988, 41.75151947], [-6.56898881, 41.74349825], [-6.566030400000027, 41.74175319000002], [-6.56152827, 41.741875009999966], [-6.559271340000011, 41.73846006], [-6.556398779999989, 41.73847708999997], [-6.557835, 41.73444329999998], [-6.556667260000011, 41.72679813], [-6.55447112, 41.72468692999998], [-6.551890829999981, 41.72650483], [-6.549065349999974, 41.72540357000001], [-6.555200170000028, 41.72090920999999], [-6.549950869999985, 41.71835217999997], [-6.55373404, 41.71699237000003], [-6.548398510000012, 41.71373553], [-6.550239259999987, 41.711589410000016], [-6.54615589000002, 41.707708380000014], [-6.54682894000001, 41.70377935], [-6.54293674, 41.70380053], [-6.54240662, 41.70115137], [-6.545124650000017, 41.69857301000002], [-6.549666269999975, 41.702277809999984], [-6.552165359999978, 41.702272520000015], [-6.554909679999976, 41.698216279999976], [-6.54824462, 41.68561723], [-6.53463869, 41.67650062], [-6.527687259999978, 41.67502152999999], [-6.512103650000029, 41.661244189999984], [-6.49851514, 41.65712948999998], [-6.488366060000017, 41.65752840999998], [-6.468333809999976, 41.6666364], [-6.457728170000013, 41.66683927], [-6.452504019999979, 41.67537138999999], [-6.45229383, 41.68109605000003], [-6.44449318, 41.68483343], [-6.439797380000011, 41.684181770000016], [-6.436457179999976, 41.68078776], [-6.434191740000012, 41.682233360000026], [-6.42519892, 41.67915206], [-6.419627710000023, 41.67987648], [-6.411068720000027, 41.678393090000014], [-6.409874680000019, 41.68034668999997], [-6.40600908999998, 41.68107381], [-6.395564709999981, 41.677087669999985], [-6.37499708, 41.67380384], [-6.36286744, 41.67544755], [-6.360644259999975, 41.67750283], [-6.356774979999979, 41.67701267], [-6.323611289999973, 41.66699994000002], [-6.30217166, 41.66273760999998], [-6.288294130000017, 41.65647185000001], [-6.253542720000024, 41.63311087999998], [-6.235236360000016, 41.60719672000002], [-6.22937448, 41.60370545], [-6.21730963, 41.60019869999997], [-6.208501, 41.59942751], [-6.200875, 41.59442606000001], [-6.18934975, 41.57502432], [-6.201823349999984, 41.56849038], [-6.21119891, 41.56046576], [-6.21727089, 41.551146100000025], [-6.217522240000017, 41.54316904], [-6.22735908, 41.53416659000001], [-6.236313060000024, 41.52241444000003], [-6.240697320000018, 41.52046268999999], [-6.243863730000024, 41.51644685999996], [-6.255909350000018, 41.51389073], [-6.250488670000014, 41.500634770000026], [-6.257106840000023, 41.496448820000026], [-6.26474628, 41.49806016], [-6.26667224, 41.49729397], [-6.26841886, 41.49415534], [-6.262379339999986, 41.48647402000002], [-6.270697080000013, 41.48635462999998], [-6.28510922, 41.47838771], [-6.28509716, 41.46914822], [-6.28738332, 41.46534548], [-6.295818059999978, 41.46026781000002], [-6.305819, 41.449524889999985], [-6.304871809999976, 41.44572472000004], [-6.295380459999976, 41.43674843], [-6.298078040000017, 41.43117752000002], [-6.310334209999983, 41.41899149000001], [-6.317792120000012, 41.41555232999998], [-6.3280302, 41.415733570000015], [-6.33281417, 41.41149728999997], [-6.33271908, 41.40543017], [-6.320469669999974, 41.40095769], [-6.31839426, 41.39825286000002], [-6.315773559999971, 41.38999815], [-6.31830253, 41.386115699999976], [-6.326041299999967, 41.38708975], [-6.343185509999977, 41.37978386000001], [-6.352683020000018, 41.37822834], [-6.357621790000017, 41.379867300000015], [-6.36395805, 41.38564383], [-6.366615830000024, 41.38917730999997], [-6.36669482, 41.39394804000001], [-6.371221540000014, 41.39244645000002], [-6.37698392, 41.38779239999998], [-6.381396069999977, 41.38801387000002], [-6.389928220000024, 41.38536696], [-6.393851269999983, 41.3778034], [-6.393979449999986, 41.37084717], [-6.38706222, 41.36334229999998], [-6.38045863999997, 41.36416714], [-6.377657370000015, 41.36293466], [-6.377162759999973, 41.36007633999998], [-6.37957342, 41.357231689999985], [-6.392058930000021, 41.35023561], [-6.407795959999985, 41.34995019], [-6.41676331, 41.347513529999986], [-6.42717093, 41.334280349999986], [-6.41869831, 41.32672467], [-6.43476904000001, 41.319266], [-6.439299789999984, 41.3122951], [-6.43756786, 41.30570963000002], [-6.451559079999985, 41.29835587], [-6.459613169999972, 41.29800567000002], [-6.469235660000018, 41.30111083], [-6.47866187000002, 41.29467503000003], [-6.484113039999983, 41.292996969999976], [-6.489999370000022, 41.28873881000001], [-6.49160001, 41.28450252999997], [-6.4788208, 41.27700991000002], [-6.47868796, 41.27496062], [-6.497036899999988, 41.26560538], [-6.51181029999997, 41.26421847], [-6.516010260000012, 41.27330291999997], [-6.521825349999973, 41.27599772999998], [-6.530524329999975, 41.26664421000001], [-6.546726079999986, 41.25814850999998], [-6.551945790000018, 41.24525336999998], [-6.566740820000019, 41.24305727], [-6.573390359999982, 41.23875324000002], [-6.58134042, 41.23948749999997], [-6.584940640000018, 41.241833829999976], [-6.586080610000021, 41.25175849999999], [-6.591390690000027, 41.25545615], [-6.594557139999988, 41.25357408999997], [-6.596643, 41.24592613], [-6.599115489999988, 41.24423676], [-6.60334519, 41.244995830000015], [-6.605262330000027, 41.24839387999997], [-6.608916079999988, 41.24973815000001], [-6.619887150000011, 41.24767318], [-6.62954762, 41.242640690000016], [-6.634752770000022, 41.24377305], [-6.642984330000023, 41.24825843999998], [-6.64776637, 41.24756647], [-6.652804960000013, 41.23564526], [-6.6597274, 41.233993240000025], [-6.664092830000011, 41.23120657], [-6.670516119999973, 41.2238513], [-6.680394520000021, 41.21858249], [-6.685127139999973, 41.21196494999998], [-6.691946260000011, 41.20832410999998], [-6.688551430000019, 41.20436257999997], [-6.68914402, 41.19921042999998], [-6.692264319999989, 41.19385105999998], [-6.69916513, 41.19275574], [-6.696541949999974, 41.186401159999974], [-6.701317200000025, 41.18039396999998], [-6.70626612, 41.17895578999996], [-6.70909609, 41.1735603], [-6.714733649999986, 41.16955998999998], [-6.73064897, 41.16230866999999], [-6.73836253, 41.15399825999997], [-6.739016609999974, 41.15062694999999], [-6.74592062, 41.146755040000016], [-6.75194015, 41.14075927000002], [-6.76741803, 41.13521017999997], [-6.770391500000015, 41.13077208000002], [-6.770338249999986, 41.124442969999976], [-6.761792719999977, 41.11496083], [-6.7539887, 41.10277916000001], [-6.757238829999983, 41.09798113], [-6.761941440000022, 41.09548597000001], [-6.763935880000013, 41.09080986999999], [-6.770903210000013, 41.08609688], [-6.77394697, 41.08022449000001], [-6.773345179999971, 41.07470581], [-6.77896273, 41.07160357999998], [-6.779998469999971, 41.06725587999997], [-6.78688424, 41.06325607], [-6.790424330000011, 41.056745520000014], [-6.809158530000023, 41.043915170000034], [-6.807164, 41.03903711999999], [-6.808360109999989, 41.03647596999998], [-6.83604503, 41.02824371999998], [-6.86595432, 41.02683748], [-6.878626250000023, 41.02837427999998], [-6.91510695999997, 41.038927059999985], [-6.930088389999972, 41.03006845999998], [-6.931165019999987, 41.01680278], [-6.92437994, 41.01146897], [-6.92156654, 41.0033339], [-6.90857582, 40.99894879999999], [-6.90383641, 40.98935676], [-6.891998850000014, 40.98149062999999], [-6.886768, 40.971356109999974], [-6.87640422, 40.96117815], [-6.86848706, 40.957842259999985], [-6.860172210000021, 40.94889969], [-6.857251680000016, 40.93975788999997], [-6.853672820000018, 40.93560911], [-6.854851189999977, 40.93096784], [-6.849003969999988, 40.92455340000003], [-6.84811206999998, 40.91819828000002], [-6.849850029999982, 40.90664006999997], [-6.84847986, 40.90083225999997], [-6.838779200000023, 40.889502859999965], [-6.83011861, 40.88482018], [-6.82312969, 40.88441304], [-6.819001759999971, 40.88073166], [-6.809076639999974, 40.88249227999995], [-6.80461186, 40.86920351999998], [-6.80536619, 40.86539624000001], [-6.801910669999978, 40.86098955000002], [-6.804101669999981, 40.8565855], [-6.800304429999973, 40.84827258], [-6.80217358, 40.84508594], [-6.80394041000002, 40.84632440999998], [-6.807840880000027, 40.84609646], [-6.812499170000027, 40.841925850000024], [-6.816544359999989, 40.84339488], [-6.81917013000003, 40.84224517999998], [-6.822587430000024, 40.84310442000004], [-6.824163920000024, 40.84515039], [-6.826117220000029, 40.84323936999998], [-6.82619021, 40.84039118], [-6.820985439999986, 40.83649343], [-6.820870219999984, 40.833255229999985], [-6.823074190000021, 40.83384851000002], [-6.82436203, 40.826151039999964], [-6.822417429999986, 40.823261770000016], [-6.82310456, 40.81933957], [-6.817599840000025, 40.80853536], [-6.81697549, 40.80117148], [-6.828018159999978, 40.777246519999984], [-6.825763779999972, 40.76832486], [-6.831198080000021, 40.75263673], [-6.82872512, 40.744226679999976], [-6.830594430000026, 40.742552560000014], [-6.82818223000002, 40.738075899999984], [-6.824876739999985, 40.737005939999975], [-6.82462175, 40.72967485], [-6.817484, 40.72555280999998], [-6.81101179, 40.71731976999998], [-6.81336241, 40.70854262], [-6.81068168, 40.70076939000001], [-6.80709759, 40.69788896999997], [-6.807472230000019, 40.69367096999998], [-6.80555454000002, 40.69303186000002], [-6.80625408, 40.69077537], [-6.802524099999976, 40.680334870000024], [-6.80547994999998, 40.66868309999999], [-6.793893639999975, 40.661680390000015], [-6.799532, 40.65435323], [-6.80787303, 40.62951972], [-6.820888620000023, 40.61008728], [-6.837562839999972, 40.59422405999998], [-6.836950540000024, 40.58291538999999], [-6.84482015, 40.565875859999984], [-6.830422249999972, 40.56313992000001], [-6.82084691, 40.55756782000003], [-6.807598900000022, 40.55444866], [-6.805342709999974, 40.55505445], [-6.804372960000023, 40.55086278], [-6.800829580000016, 40.55062837], [-6.805207500000025, 40.54059582], [-6.80486464, 40.53600522999998], [-6.80397695, 40.53117144], [-6.797110320000023, 40.522869270000015], [-6.795028019999979, 40.51191481], [-6.810570179999988, 40.505089540000014], [-6.814727289999977, 40.501629070000014], [-6.81788152, 40.49505867], [-6.81738931, 40.49033797999998], [-6.82272376, 40.48374935], [-6.83531563000002, 40.47539753999999], [-6.849694309999973, 40.45257577], [-6.84135487, 40.42272983], [-6.834798749999982, 40.408151560000015], [-6.821399399999978, 40.39560067999996], [-6.812665099999978, 40.391323549999974], [-6.809293959999986, 40.38689594000002], [-6.809621639999977, 40.38435453000001], [-6.803755689999987, 40.38182818999997], [-6.79407408, 40.37258261999997], [-6.78438925, 40.36995554], [-6.780996869999974, 40.36467219999998], [-6.78947865999998, 40.3603506], [-6.79346568, 40.35608604999997], [-6.790427460000019, 40.334653], [-6.794182350000023, 40.32879304], [-6.801743860000029, 40.325356389999975], [-6.817623870000016, 40.32610247], [-6.819799500000018, 40.32378812], [-6.823680849999983, 40.32334451], [-6.8265709, 40.319520449999985], [-6.83256584, 40.31859225000003], [-6.835993849999986, 40.31451596], [-6.83977542, 40.31502072], [-6.846755910000018, 40.308052239999974], [-6.86209534, 40.29876896], [-6.86365028, 40.28788316], [-6.86183844, 40.27796544999999], [-6.866653500000027, 40.26632218], [-6.87113811, 40.26250673], [-6.885034669999968, 40.25863622999998], [-6.894496880000021, 40.25985769999998], [-6.909821979999988, 40.25470231], [-6.92557382, 40.25878816999998], [-6.93351323, 40.25786077999998], [-6.936216180000022, 40.25906554], [-6.942910740000019, 40.25735139], [-6.950544839999989, 40.258252370000015], [-6.954578370000029, 40.24900980000001], [-6.964558659999982, 40.23758201], [-6.972214010000023, 40.23667075999998], [-6.975558699999988, 40.240608239999986], [-6.978113, 40.24088057], [-6.989328529999989, 40.23636044000004], [-6.997352990000012, 40.235939080000016], [-7.0121638, 40.22648341], [-7.011423439999977, 40.22170918000001], [-7.019068979999972, 40.20439617], [-7.019000139999985, 40.19707709], [-7.02634601, 40.19202151999997], [-7.028827779999976, 40.18555015], [-7.01564511999998, 40.178056970000014], [-7.01671677, 40.17195001000001], [-7.019806880000012, 40.16921298], [-7.013254619999989, 40.15903019999998], [-7.014228170000024, 40.15404332], [-7.01290237, 40.15106347], [-7.019647469999982, 40.14504756000002], [-7.014298090000016, 40.14209046000001], [-7.01142521999998, 40.13455341999998], [-7.012335539999974, 40.13227943], [-7.00869081, 40.13135219999999], [-7.011899899999973, 40.126873159999974], [-7.006338909999974, 40.12527386], [-7.00567834, 40.12321645], [-7.002701860000018, 40.12367073999997], [-7.00225099, 40.121786159999964], [-6.998266679999976, 40.12125758], [-6.998399929999982, 40.11892950999999], [-6.993329079999983, 40.11867248000002], [-6.993438149999975, 40.11272496999999], [-6.98990631000003, 40.11350429999999], [-6.988925270000014, 40.11798695], [-6.985943039999976, 40.11914345000003], [-6.983427950000023, 40.117456], [-6.97933752000001, 40.11892067999999], [-6.97522106, 40.11652266000003], [-6.96829662999997, 40.115652800000014], [-6.967552219999981, 40.11354399], [-6.96298992, 40.1147631], [-6.962598900000014, 40.11025563000001], [-6.960648289999988, 40.10938585000001], [-6.95305646, 40.11418448999998], [-6.94858396, 40.11108621000002], [-6.941638, 40.112872140000036], [-6.94163836, 40.10800900999999], [-6.94375011, 40.10680229000001], [-6.943819159999972, 40.10454848], [-6.93398858, 40.10308212], [-6.932630509999971, 40.09640997], [-6.92236019, 40.0874737], [-6.91893151, 40.08085354999998], [-6.916801270000012, 40.065588720000015], [-6.91522787, 40.06472339], [-6.909323709999971, 40.06662518], [-6.90542909, 40.06185753], [-6.892486760000011, 40.06016834000002], [-6.89310533, 40.05662622000002], [-6.89695586, 40.05201162], [-6.88794536, 40.047712740000016], [-6.88094208, 40.04118440000003], [-6.882004799999971, 40.03369179], [-6.874830439999988, 40.02369247999999], [-6.876820029999989, 40.017871], [-6.867375069999977, 40.01531416], [-6.8640861, 40.01245206], [-6.86713849, 40.00843246], [-6.8715328, 40.00826751], [-6.874457650000021, 40.006557530000016], [-6.87406685, 39.9950969], [-6.88563407, 39.98040732], [-6.885297769999973, 39.97757266999996], [-6.87975178, 39.971832700000014], [-6.888672509999982, 39.96318459], [-6.885382399999988, 39.95365852], [-6.885769, 39.94044245999998], [-6.891622490000013, 39.93720167], [-6.893818149999971, 39.93239050999998], [-6.901931689999981, 39.93064927], [-6.9027804, 39.92767560999998], [-6.906960940000021, 39.92446344999998], [-6.904808789999977, 39.92096958], [-6.9089397, 39.919155], [-6.901064500000016, 39.91250382], [-6.900472969999978, 39.91011906], [-6.903049400000022, 39.90524089000002], [-6.900108689999976, 39.90061166999998], [-6.905230170000017, 39.89484614999997], [-6.906878799999979, 39.88990912], [-6.902909140000015, 39.88671064000002], [-6.904553579999972, 39.87758581], [-6.903530770000025, 39.87130682], [-6.907524200000014, 39.86897460999999], [-6.909248739999982, 39.8643592], [-6.914187959999982, 39.85914883], [-6.92452063, 39.85775445999998], [-6.928881300000025, 39.85492275], [-6.936504199999988, 39.84335204], [-6.934954320000013, 39.83872141999998], [-6.940898, 39.83398020999998], [-6.94528715000002, 39.83474046000003], [-6.94866772, 39.82769046999998], [-6.957639480000029, 39.82445732999999], [-6.966024670000023, 39.82646718999999], [-6.97035340999997, 39.82537328], [-6.976020540000023, 39.819342939999984], [-6.98108901, 39.82034871], [-6.984026269999986, 39.81075526], [-6.986907640000015, 39.81009777000003], [-6.98791567, 39.80067865999999], [-6.986443049999981, 39.79843276000002], [-6.989496280000016, 39.79450007000004], [-6.9839792, 39.79095228999997], [-6.9821356, 39.78247777999997], [-6.97804343, 39.77912389], [-6.97671616, 39.772703], [-6.98337605, 39.76858367999997], [-6.98602014, 39.764656170000016], [-6.987651930000023, 39.76017804000002], [-6.986330129999976, 39.75466670999998], [-6.989434410000015, 39.75184907], [-6.992664520000011, 39.74051623], [-6.990721090000013, 39.73595398], [-6.992955700000026, 39.73203142000002], [-6.986864149999986, 39.72773795], [-6.993525810000025, 39.72151061], [-6.99490604, 39.71714015], [-6.999354300000015, 39.71420395000002], [-7.000244, 39.7090218], [-7.004939, 39.70169994000001], [-7.0034018, 39.69709687], [-7.00653281, 39.692377639999975], [-7.0076682, 39.68440406999998], [-7.01422462, 39.67826934999999], [-7.01534115, 39.67079168999997], [-7.03517676, 39.66640182000002], [-7.051612980000023, 39.66051529], [-7.06806921, 39.65759772999997], [-7.089081469999986, 39.66339710000001], [-7.126172009999977, 39.66399256], [-7.14525119999998, 39.65315347999998], [-7.14930214, 39.65290053], [-7.20154739, 39.66238453000002], [-7.216422970000012, 39.66040362], [-7.25014, 39.66719659000001], [-7.286510250000013, 39.66158894999998], [-7.2931477, 39.65569687999999], [-7.316689929999979, 39.65003185], [-7.332841320000012, 39.64117139000002], [-7.37472737, 39.65132362999997], [-7.390238600000029, 39.650494170000016], [-7.40230663999998, 39.646632549999985], [-7.429045170000022, 39.65271934], [-7.43764235999997, 39.65835206], [-7.452833070000025, 39.66321773], [-7.477115319999983, 39.66376831999999], [-7.491907110000028, 39.6667351], [-7.498908480000015, 39.66599530999997], [-7.53119851, 39.66781731], [-7.539503329999978, 39.66688003], [-7.545024899999974, 39.66348488999998], [-7.53881490000001, 39.66099969], [-7.534912049999976, 39.66207095999999], [-7.534444210000014, 39.65901854], [-7.530323989999983, 39.65676628], [-7.52853853999998, 39.65101878000002], [-7.529274390000015, 39.64641547], [-7.52555196, 39.64149999], [-7.528136299999987, 39.635951020000014], [-7.527617519999967, 39.63317971], [-7.52047372, 39.624714529999984], [-7.50982617, 39.61820423000001], [-7.50738144, 39.60602531], [-7.503312739999985, 39.60037507999998], [-7.50002817, 39.59926888000001], [-7.499517920000016, 39.59013946000002], [-7.495498089999986, 39.58611696], [-7.487686169999976, 39.58661762000001], [-7.479014850000024, 39.57902826], [-7.469893319999978, 39.57797535], [-7.46480342, 39.57374082], [-7.460880530000023, 39.57263103], [-7.45953661, 39.56673926], [-7.45147493, 39.56131258000002], [-7.448204139999988, 39.55237876], [-7.445098910000019, 39.55148018999998], [-7.445552, 39.54801381000002], [-7.429744629999968, 39.53450716999998], [-7.42586380999997, 39.532917259999984], [-7.421272139999987, 39.53459622000002], [-7.41836337, 39.53164521999999], [-7.40979825, 39.53228628], [-7.405930250000015, 39.53107343], [-7.40047935, 39.53388286], [-7.391716589999977, 39.53047765], [-7.392138960000022, 39.527219719999984], [-7.38906936, 39.525012490000016], [-7.38822707, 39.52013638999997], [-7.389919330000031, 39.50363747999997], [-7.386762930000017, 39.50169461], [-7.386579370000016, 39.49859467], [-7.38175614, 39.49897502000001], [-7.3783216, 39.49685329000001], [-7.37784814, 39.494682820000016], [-7.38127051, 39.491806980000014], [-7.363945680000025, 39.48705645999997], [-7.36179999, 39.48211202999999], [-7.347111770000014, 39.48790437], [-7.34712814, 39.484067389999986], [-7.34380235, 39.47862646999999], [-7.33777225, 39.479203210000016], [-7.3316302, 39.47610954], [-7.324584389999988, 39.47585895], [-7.32090613, 39.47425785999997], [-7.319441909999988, 39.4706921], [-7.313346879999971, 39.46683019999998], [-7.308958930000021, 39.46689411], [-7.302704520000018, 39.46231709000001], [-7.30049721, 39.46269608], [-7.29544962, 39.45732646], [-7.295880279999989, 39.454320639999985], [-7.30557687, 39.44579326], [-7.30564910000002, 39.43736117999999], [-7.30892711, 39.43157491], [-7.30813824, 39.428199989999975], [-7.302288850000017, 39.42222088], [-7.30226341, 39.41332405999998], [-7.306643830000014, 39.40735292999998], [-7.307393010000025, 39.40142632], [-7.309830410000029, 39.39859811999999], [-7.312702839999974, 39.39962621999998], [-7.313836899999989, 39.39355020999998], [-7.321661379999983, 39.38625280999997], [-7.323483380000012, 39.38193425999998], [-7.321807960000026, 39.378295229999985], [-7.317498709999976, 39.37785209], [-7.316286170000015, 39.373997639999985], [-7.312269170000011, 39.37076064000002], [-7.310805710000025, 39.36244853], [-7.306403259999974, 39.35594747], [-7.306241019999979, 39.351423529999984], [-7.310537939999972, 39.34095248000003], [-7.308312719999982, 39.33682927], [-7.298699800000025, 39.33004364], [-7.29287468, 39.329034199999974], [-7.288179749999979, 39.32299354], [-7.282787450000025, 39.320895919999984], [-7.26898702, 39.30942590999998], [-7.270741, 39.306056300000016], [-7.267386160000016, 39.301406409999984], [-7.231395790000015, 39.27836117], [-7.247877559999989, 39.25352495], [-7.245713410000032, 39.24569675999999], [-7.241683590000013, 39.24129582000003], [-7.24182803, 39.234283889999986], [-7.24464706, 39.23206459999997], [-7.245183419999971, 39.22579486], [-7.240142910000028, 39.218819], [-7.241352839999974, 39.20854406], [-7.231107850000016, 39.20334253], [-7.22073822, 39.19256082], [-7.216341659999981, 39.19181068000001], [-7.20811068, 39.18731753], [-7.20016604, 39.18566837], [-7.195306310000025, 39.18742883], [-7.188282469999977, 39.18316086999999], [-7.177154469999983, 39.18069706999998], [-7.166901210000019, 39.18127198], [-7.155985679999988, 39.175331110000016], [-7.15063444, 39.174648560000016], [-7.14935490999998, 39.172568729999966], [-7.140185039999976, 39.17285942999997], [-7.134585540000011, 39.17109521], [-7.132191480000015, 39.16519108000003], [-7.134515190000023, 39.16299204], [-7.13324252, 39.16042544000002], [-7.140313880000021, 39.15042921], [-7.136102480000014, 39.14508517], [-7.137380649999985, 39.141833479999974], [-7.14152272, 39.1394976], [-7.14352567999998, 39.12771812000002], [-7.14951534, 39.12240715], [-7.1476354, 39.115007960000014], [-7.14380638, 39.10925424000001], [-7.10579723, 39.099316330000015], [-7.10020901, 39.1049982], [-7.08030799, 39.10887683], [-7.06771447, 39.11341558999997], [-7.06467053, 39.11295453000001], [-7.055789099999988, 39.115525], [-7.05296686, 39.11791998000002], [-7.03909621, 39.118384179999964], [-7.028303149999989, 39.11584913], [-7.00528855, 39.10246699000001], [-6.995871340000027, 39.09926004], [-6.98153844, 39.08838472], [-6.97051586, 39.07279224], [-6.969314280000031, 39.06764532000001], [-6.962416319999986, 39.061035119999985], [-6.95938011, 39.05446437], [-6.967881390000024, 39.03981833000004], [-6.95131541, 39.02399823], [-6.96405447, 39.01228897], [-6.983421809999989, 38.98076239], [-7.020436479999986, 38.94015012999997], [-7.026923350000019, 38.92395748999998], [-7.05203583, 38.90716356], [-7.04218603, 38.89914743999998], [-7.038806570000023, 38.89138380999998], [-7.0401636, 38.88381629], [-7.035533989999982, 38.8836614], [-7.033136869999973, 38.879178009999976], [-7.03916712, 38.870710209999984], [-7.039337879999987, 38.864777960000026], [-7.0430492, 38.8633884], [-7.046167629999989, 38.86474829999999], [-7.05373845, 38.85769437], [-7.06065051, 38.85811133999999], [-7.06831908, 38.853818089999976], [-7.074792680000025, 38.84656694], [-7.089168, 38.81887297999998], [-7.094940749999973, 38.81534702], [-7.102420880000011, 38.81770506], [-7.115763900000026, 38.81691072], [-7.12854938, 38.81384695], [-7.15479553, 38.793857390000014], [-7.15768658, 38.78500014999997], [-7.16089131999998, 38.78075193999999], [-7.170257, 38.77581526000003], [-7.19252323, 38.767632030000016], [-7.20337952999997, 38.750543699999966], [-7.21765741, 38.74321076], [-7.22526812, 38.73752267000002], [-7.24148146, 38.73518731999997], [-7.255302509999978, 38.725894149999974], [-7.25315836, 38.71766857999998], [-7.264364990000017, 38.7037324], [-7.266794, 38.69008933999997], [-7.26409617, 38.68375748000001], [-7.268029680000015, 38.66933893], [-7.266739100000019, 38.656327119999986], [-7.269693519999988, 38.63879215], [-7.26498458, 38.628526], [-7.259451, 38.62756610999998], [-7.249696900000018, 38.62901114999998], [-7.244909440000012, 38.62687962000001], [-7.24413197, 38.62362958999997], [-7.25379718000003, 38.61642427], [-7.257116750000023, 38.61199836000002], [-7.26374235, 38.588412589999976], [-7.26867485, 38.58490019], [-7.275090030000016, 38.5760287], [-7.281744960000029, 38.576424480000014], [-7.285232470000024, 38.57468454], [-7.286952470000017, 38.563877069999975], [-7.29050118, 38.55682108999998], [-7.303037869999973, 38.54491335999999], [-7.30207034, 38.52716181], [-7.306854539999979, 38.51972668000002], [-7.31396161, 38.51377274999999], [-7.31558899, 38.495745429999964], [-7.319952980000012, 38.48900079], [-7.322620159999977, 38.478229949999985], [-7.32043751, 38.47583391999998], [-7.31352247, 38.47476528000003], [-7.308947629999984, 38.48066186], [-7.301108409999988, 38.48370635000002], [-7.29755968, 38.48241385], [-7.295576210000029, 38.47776746], [-7.30104602, 38.46610152], [-7.307956540000021, 38.46192047999999], [-7.314135439999972, 38.46065701], [-7.31301324999998, 38.45470929000002], [-7.315266709999976, 38.44928550999996], [-7.33109471, 38.443936259999965], [-7.33588260999997, 38.43554533000001], [-7.3344841, 38.43437232000002], [-7.33224248, 38.43709415000002], [-7.330307290000019, 38.43785927000001], [-7.329210449999984, 38.43636882999997], [-7.328198920000013, 38.43879287999999], [-7.32260974, 38.440116299999964], [-7.32059542, 38.4389839], [-7.31654515, 38.43980888000002], [-7.314937699999986, 38.43532008], [-7.311190159999974, 38.43603464000002], [-7.307033499999984, 38.43083808000002], [-7.3035429, 38.43202026], [-7.299677029999983, 38.42534472], [-7.29494999, 38.42613977], [-7.294177020000014, 38.42835665000002], [-7.291631619999988, 38.42752241], [-7.29374673, 38.42612088999998], [-7.29208218, 38.42392140999998], [-7.289534519999981, 38.42497849999999], [-7.28810764, 38.422923349999984], [-7.285530980000027, 38.423684210000026], [-7.283683339999971, 38.41915869], [-7.280525219999975, 38.42034600999997], [-7.28040176, 38.41496479], [-7.270925029999971, 38.39499289000002], [-7.24586238000001, 38.36763395], [-7.231438849999989, 38.35589856], [-7.219794940000016, 38.34310644999997], [-7.21383893, 38.34018672999997], [-7.201765239999975, 38.32856097], [-7.197903889999989, 38.31911656000002], [-7.182568839999987, 38.29598708000001], [-7.171745360000018, 38.28541206], [-7.16828529, 38.28445444000002], [-7.1696111, 38.279273499999974], [-7.164165410000022, 38.28134957999998], [-7.161255, 38.27940849999996], [-7.155507869999988, 38.27881090999998], [-7.1554535, 38.276056809999986], [-7.15055697, 38.275744029999984], [-7.153371119999987, 38.27340163], [-7.151840409999981, 38.272203959999985], [-7.153355659999982, 38.27072719999999], [-7.152781300000018, 38.267667279999976], [-7.150267009999976, 38.26825173999998], [-7.150139389999984, 38.27002157000001], [-7.1474307, 38.26980226], [-7.148762419999978, 38.26851217999998], [-7.146156860000018, 38.26548810000002], [-7.147242940000018, 38.26269361999998], [-7.14503337, 38.26341127999998], [-7.14309781, 38.26151628], [-7.145176200000011, 38.25809228000002], [-7.142719590000025, 38.25546814], [-7.14490528, 38.25112166999999], [-7.14287239, 38.240475570000015], [-7.139725380000018, 38.23613746], [-7.129070249999979, 38.228659450000016], [-7.122276739999986, 38.218360619999984], [-7.117354370000011, 38.213877090000025], [-7.117204249999972, 38.20858632999999], [-7.11549601, 38.20643062], [-7.113263930000024, 38.20672511999998], [-7.113694930000015, 38.203233349999984], [-7.109919980000012, 38.19355724], [-7.107454189999982, 38.19273395], [-7.10786478, 38.188063], [-7.102895639999971, 38.186958], [-7.09771695, 38.179267019999976], [-7.088822, 38.17813639], [-7.08560615, 38.169394609999976], [-7.07461463, 38.17667637999998], [-7.066762299999979, 38.17868730999999], [-7.065233569999983, 38.18279348], [-7.06639105, 38.18657234], [-7.056595359999972, 38.18587581], [-7.055201659999981, 38.18317684999998], [-7.05949012, 38.18026330999997], [-7.059142769999986, 38.17770831999997], [-7.056415539999975, 38.18017153999999], [-7.049083, 38.18025381], [-7.043240260000013, 38.18725578], [-7.037293890000022, 38.18641582999998], [-7.029291260000026, 38.182637860000014], [-7.022576260000019, 38.18544444], [-7.01702965000002, 38.19207470999997], [-7.016575030000025, 38.19729643999997], [-7.012026859999986, 38.19553359999998], [-7.010074729999985, 38.196356979999976], [-7.01017349, 38.20106437], [-7.011997, 38.20329883], [-7.010818830000019, 38.204708219999986], [-7.005054290000014, 38.2047071], [-7.002001779999983, 38.20316299], [-6.995359309999977, 38.20380384], [-6.983219929999976, 38.21123348], [-6.98080815, 38.21138744000001], [-6.977049319999973, 38.20588543999999], [-6.97184627, 38.20235979000002], [-6.956741540000017, 38.21683178], [-6.947431610000014, 38.21737074999998], [-6.94969443, 38.21234951], [-6.946438379999988, 38.21188267], [-6.94254115, 38.21793159999997], [-6.937007079999974, 38.22053152], [-6.935745889999981, 38.21937587999998], [-6.938373600000017, 38.20756003], [-6.935338199999977, 38.20673417], [-6.931656340000025, 38.20831687000003], [-6.935048670000012, 38.20030360000003], [-6.95662042, 38.18321145], [-6.965392080000026, 38.16799907], [-6.968876230000025, 38.16618786], [-6.968812259999975, 38.15996591000003], [-6.962506769999987, 38.15454944], [-6.95719641999998, 38.15612482], [-6.952914199999975, 38.15414342000002], [-6.952212569999985, 38.15234755999997], [-6.958721589999974, 38.15037167000003], [-6.958239120000016, 38.14546088], [-6.961461180000024, 38.14029897000001], [-6.957611940000019, 38.13724022], [-6.960417149999987, 38.13302016999996], [-6.9660682, 38.13376607], [-6.966676690000016, 38.131106330000016], [-6.964108990000012, 38.13085983000001], [-6.966889969999981, 38.12936067999996], [-6.964849740000025, 38.128114549999964], [-6.970257170000023, 38.12059066000001], [-6.97237058, 38.11478141000001], [-6.970855050000016, 38.1105902], [-6.97545524, 38.107759239999965], [-6.97517278, 38.10444504], [-6.97889154999997, 38.104913520000025], [-6.985011250000014, 38.10278729], [-6.987362789999978, 38.10389641], [-6.989696520000013, 38.09630487], [-6.9875605, 38.07464241], [-6.990477089999983, 38.07023773], [-6.99011612, 38.05543268], [-7.00011839, 38.04938162], [-7.002562329999989, 38.04385783], [-6.99907331, 38.03500525], [-7.003041710000011, 38.03008709000002], [-7.002397920000011, 38.02265983999998], [-7.004268489999984, 38.02313653], [-7.00770167999998, 38.02094771], [-7.01611093, 38.02148015], [-7.0242316, 38.0250574], [-7.038386730000024, 38.01741975], [-7.04210174, 38.01706679000003], [-7.04460998, 38.014233220000015], [-7.047301480000024, 38.01741919], [-7.051958949999985, 38.01887995], [-7.057214610000018, 38.0190048], [-7.05930268, 38.017437450000024], [-7.063541229999977, 38.01996607000002], [-7.062135280000018, 38.02686924000001], [-7.06407189, 38.02709049], [-7.06407779999998, 38.028432370000026], [-7.06651204999997, 38.02735731], [-7.068127420000029, 38.03103039000002], [-7.06708916, 38.03346228000004], [-7.071276609999978, 38.03401976], [-7.07372588, 38.03218742999997], [-7.080135389999988, 38.0350274], [-7.082619910000017, 38.03383317999999], [-7.0823524, 38.03598619999999], [-7.090127080000016, 38.038174660000024], [-7.09060796999998, 38.04026559999997], [-7.093058320000011, 38.040297319999986], [-7.093281410000022, 38.041847779999976], [-7.098779869999976, 38.04384474999998], [-7.10356196, 38.04096660000002], [-7.108274759999971, 38.04092792999999], [-7.110780190000019, 38.036246619999964], [-7.11151439, 38.03756298], [-7.114506219999989, 38.03709792], [-7.116238650000014, 38.03184011], [-7.11745891, 38.03248188000001], [-7.11934899, 38.03065021000001], [-7.12108658000003, 38.03300315999998], [-7.128129870000024, 38.02986453999996], [-7.128490989999977, 38.0273749], [-7.124887629999977, 38.02505157999997], [-7.126941249999988, 38.02228632000001], [-7.131203529999975, 38.02255982], [-7.131904730000029, 38.021463310000016], [-7.12775009, 38.019862020000026], [-7.129061620000031, 38.01078182], [-7.120700890000023, 38.005211760000016], [-7.13284686, 37.99994830000002], [-7.137255180000028, 37.999198679999985], [-7.145411409999979, 38.00274815999999], [-7.149888060000028, 38.0007887], [-7.150157509999987, 37.99830224999999], [-7.156019269999972, 37.99387072], [-7.16022782999998, 37.99523494999998], [-7.16308292999998, 37.99399893], [-7.16504887, 37.99595582999996], [-7.17307557, 37.99319405999998], [-7.17741513, 37.99826388999998], [-7.183573759999975, 37.99708097999997], [-7.186980900000015, 38.00294918999997], [-7.19171024, 38.00124933999998], [-7.202218229999989, 38.00347685], [-7.206911369999978, 38.00035460999998], [-7.20604155, 37.99768370000002], [-7.21652296, 37.99567766], [-7.222780399999975, 37.989886619999986], [-7.22714303, 37.98836967], [-7.230738669999979, 37.991527720000015], [-7.232450889999982, 37.989835800000016], [-7.2434919, 37.99204037999997], [-7.248152429999982, 37.98997142000001], [-7.24849437, 37.98722097999999], [-7.25359584000002, 37.98530699000001], [-7.25627451, 37.981841389999985], [-7.259141109999985, 37.98143122999997], [-7.260049250000023, 37.97962395000001], [-7.26319167, 37.979852170000015], [-7.263039869999986, 37.977624], [-7.25421863, 37.96910820999998], [-7.24996657, 37.96699244], [-7.251982649999976, 37.95993919], [-7.248505360000016, 37.95448076999998], [-7.250765369999975, 37.952840829999985], [-7.251170270000024, 37.94881814], [-7.254768900000016, 37.94574262], [-7.252483789999974, 37.941817319999984], [-7.254448550000012, 37.936252], [-7.25786639, 37.93301181], [-7.25539543, 37.92270741], [-7.258121440000023, 37.92206824], [-7.262070850000011, 37.924302859999976], [-7.26170793, 37.91821838], [-7.267780229999977, 37.9123417], [-7.26944351, 37.9065079], [-7.27375424, 37.90478402999998], [-7.27368935, 37.89914811], [-7.28218383000001, 37.89745187000002], [-7.282634089999972, 37.88895105000002], [-7.279549160000023, 37.87670605999998], [-7.281796260000027, 37.87489491999996], [-7.28345879, 37.869079], [-7.289084299999971, 37.86166846], [-7.297534860000013, 37.85675740999997], [-7.300512190000013, 37.84291323], [-7.30326639, 37.83949799], [-7.30970125, 37.83649730000001], [-7.31424792, 37.82858486999998], [-7.320182759999974, 37.823656579999984], [-7.321183530000027, 37.81901745], [-7.324127159999978, 37.81576598], [-7.335245869999983, 37.81137584], [-7.341420289999983, 37.80670790000001], [-7.346551139999979, 37.80554573], [-7.349128020000027, 37.80226218999997], [-7.356326279999985, 37.79920378999998], [-7.360791150000014, 37.79349033], [-7.365946720000029, 37.79276769], [-7.36904332, 37.786771469999984], [-7.37908589, 37.782146979999986], [-7.382139749999972, 37.77526039], [-7.391703910000012, 37.770643650000025], [-7.39676054, 37.76426732999999], [-7.402907680000022, 37.766910490000015], [-7.408268809999971, 37.76739420000002], [-7.40963313, 37.763245139999974], [-7.413143730000021, 37.75989819999999], [-7.421106600000017, 37.75912187], [-7.422660339999978, 37.754929539999964], [-7.418909920000013, 37.74909923000001], [-7.41834471, 37.74494149], [-7.428485059999981, 37.74057944], [-7.428763509999985, 37.737263619999986], [-7.42628713, 37.73377226], [-7.431409770000021, 37.72061028], [-7.436249500000025, 37.717924180000026], [-7.44009397, 37.70580079], [-7.439332849999978, 37.70065084999999], [-7.44103645, 37.69975800999999], [-7.443813450000013, 37.70184174], [-7.44772105, 37.697623299999975], [-7.443943680000017, 37.68733664], [-7.448117850000014, 37.68114477], [-7.45250385, 37.67812398], [-7.44771548, 37.67327943999997], [-7.444145540000025, 37.66473213], [-7.45588082999998, 37.661856960000016], [-7.451402789999973, 37.65839680000003], [-7.454766470000025, 37.65402765000002], [-7.45335897, 37.64829886], [-7.454539300000015, 37.64625483], [-7.457772520000015, 37.64577225000002], [-7.463304840000013, 37.64925527000002], [-7.467326609999979, 37.64926484], [-7.463683329999988, 37.64215301000002], [-7.466228809999981, 37.63757137000001], [-7.47006898999998, 37.63645297], [-7.47121538, 37.63460818999997], [-7.47058243, 37.6246263], [-7.477395189999984, 37.62550224], [-7.482429240000025, 37.62372562], [-7.480378050000025, 37.61767045000002], [-7.48615112, 37.61238017], [-7.48589904, 37.60950778], [-7.489044170000021, 37.60364195], [-7.497259840000019, 37.606786889999974], [-7.503855309999978, 37.60446341], [-7.50038017, 37.59733723999999], [-7.49646694, 37.59401031], [-7.50167949, 37.58529129], [-7.501448660000017, 37.57808611999999], [-7.513450980000016, 37.57221408], [-7.515678709999984, 37.56882340999997], [-7.513826049999972, 37.56587734], [-7.50963722, 37.56733468], [-7.50750753, 37.56654258999998], [-7.506747619999983, 37.5575114], [-7.508074309999975, 37.55681217999996], [-7.512254609999971, 37.56009251], [-7.519330939999972, 37.55943396], [-7.522502090000024, 37.55706067999998], [-7.522846130000022, 37.553399949999985], [-7.519155520000023, 37.546246479999986], [-7.51322958999998, 37.53970987999997], [-7.511493839999973, 37.5244385], [-7.506071489999973, 37.52227729000001], [-7.495461450000022, 37.52353815], [-7.493142419999975, 37.52258185], [-7.490466569999988, 37.518693990000024], [-7.490894560000013, 37.50868051000001], [-7.484503839999988, 37.49825116999999], [-7.480640500000018, 37.495651089999974], [-7.469714849999987, 37.49270643000001], [-7.463774, 37.48690609999997], [-7.463936609999972, 37.484324039999976], [-7.46920546, 37.47905367], [-7.46929187, 37.46989063], [-7.466225930000025, 37.46243220999998], [-7.456534160000027, 37.4518287], [-7.459364009999982, 37.4382387], [-7.457884529999982, 37.42968416000003], [-7.445566909999975, 37.41925973999999], [-7.448933340000027, 37.4150888], [-7.460845440000013, 37.413369090000025], [-7.46280082, 37.40979152], [-7.46075592, 37.40634720999997], [-7.448136960000023, 37.4001135], [-7.440230209999973, 37.39029659], [-7.436491789999986, 37.36404706999998], [-7.43797985, 37.35579489000003], [-7.444516149999975, 37.34783011999997], [-7.445274639999981, 37.34424386], [-7.43909532999998, 37.32667876999999], [-7.442143459999971, 37.31084720000001], [-7.433800939999968, 37.289201919999975], [-7.421940769999985, 37.27417259999998], [-7.423558360000015, 37.26946447000001], [-7.430951559999983, 37.26044171999998], [-7.433779870000017, 37.24968946], [-7.430938290000027, 37.245229540000025], [-7.419012959999979, 37.23761488], [-7.414396909999976, 37.22724024], [-7.412568210000024, 37.22060734], [-7.41372406, 37.21165626], [-7.407867449999977, 37.18476365], [-7.40223318, 37.17517389], [-7.394072810000024, 37.176942750000016], [-7.382989409999984, 37.17192561], [-7.37272142, 37.17167524], [-7.350879519999986, 37.1762639], [-7.342822200000016, 37.18120779], [-7.332146790000023, 37.18487799], [-7.327669369999983, 37.18089644999996], [-7.332061219999989, 37.18496243000002], [-7.331023500000016, 37.18658255], [-7.32728414000001, 37.1834777], [-7.330865759999983, 37.18669033], [-7.325161959999987, 37.18892573], [-7.296553520000015, 37.19722858], [-7.27032002, 37.20183578999998], [-7.14566256, 37.20792781], [-7.072221389999979, 37.205776479999976], [-7.05965230000003, 37.21079353000001], [-7.043650439999987, 37.20745913000003], [-7.01712045, 37.19967013999998], [-6.958334359999985, 37.17310437], [-6.948010699999988, 37.16746772], [-6.94882664, 37.163900230000024], [-6.947201679999973, 37.16792709999998], [-6.948791360000019, 37.172153880000025], [-6.94547622, 37.17223772999998], [-6.93357555, 37.16339426000002], [-6.85540391000001, 37.13029202999998], [-6.841966069999986, 37.120904249999974], [-6.832139609999975, 37.10799803], [-6.83852192999998, 37.117979379999966], [-6.84461664, 37.12395519999998], [-6.85215742, 37.12904441], [-6.85261249, 37.13171855999999], [-6.874094070000014, 37.141479220000015], [-6.87736888, 37.14087965999998], [-6.888083399999983, 37.1456181], [-6.89871679, 37.15185301], [-6.89435820000001, 37.15025913], [-6.8998756, 37.15496944999999], [-6.906403140000014, 37.156340870000015], [-6.915852829999972, 37.16334728], [-6.91744851, 37.16787074000001], [-6.921451389999981, 37.170179449999985], [-6.916334739999981, 37.17615930000004], [-6.91010622, 37.17107794], [-6.911313100000025, 37.1701061], [-6.913448689999989, 37.17124662], [-6.91261417, 37.17022794], [-6.909923839999975, 37.16900817], [-6.91098816, 37.16983761], [-6.90905692, 37.170598510000026], [-6.905420650000017, 37.168435779999974], [-6.906613900000028, 37.16705129000002], [-6.908806089999983, 37.16788394], [-6.904533629999977, 37.16547986999997], [-6.9063383, 37.16679537999999], [-6.905134709999973, 37.16808990000002], [-6.89705686, 37.16314789000002], [-6.898737259999984, 37.16078919999997], [-6.896145430000016, 37.16227704999998], [-6.895161340000018, 37.16021045999999], [-6.87425041, 37.148338859999974], [-6.87069812999998, 37.14819382000001], [-6.8347687, 37.13557086], [-6.832832270000022, 37.13354354999997], [-6.83477864, 37.13242652000002], [-6.832765949999987, 37.13133857], [-6.831404950000011, 37.13313030000002], [-6.82850205, 37.13179181000001], [-6.83048908000003, 37.12925016], [-6.83640692, 37.13147289999997], [-6.83035169, 37.12853390999999], [-6.828903670000017, 37.12971582999998], [-6.828796599999977, 37.12848509999998], [-6.812855779999985, 37.12650403], [-6.798922460000018, 37.12213212999997], [-6.71539188, 37.08353862], [-6.590591869999977, 37.019320809999975], [-6.5218839, 36.977163390000015], [-6.492075780000025, 36.95272789999998], [-6.46213896, 36.92377426999999], [-6.449265459999976, 36.90778738], [-6.435941189999968, 36.885622219999966], [-6.39719513999997, 36.8072764], [-6.38792678, 36.800630149999975], [-6.3715059, 36.79511437000003], [-6.36371536000002, 36.79681287000002], [-6.35269461, 36.79638549], [-6.34657203, 36.7988377], [-6.342399629999982, 36.79461209999998], [-6.36266105, 36.784489470000025], [-6.36751831, 36.77978367], [-6.389412559999979, 36.76596105999998], [-6.39927954, 36.76115607000001], [-6.409519839999969, 36.76101592000005], [-6.413285639999972, 36.75250119999997], [-6.4203884, 36.74553027000001], [-6.425868850000013, 36.74389474999999], [-6.427925990000015, 36.74810632], [-6.426994840000031, 36.74932253], [-6.42818398, 36.748116899999985], [-6.429335440000017, 36.74883154], [-6.43519779, 36.74245418000001], [-6.442678600000019, 36.738246209999986], [-6.439511729999976, 36.72949880999996], [-6.44005397, 36.72083325999998], [-6.432680109999972, 36.70629652], [-6.41097981999998, 36.67359152], [-6.40878784, 36.67360029000002], [-6.410087520000017, 36.67238268], [-6.408329070000018, 36.67131578], [-6.409206159999969, 36.67040762999997], [-6.404836470000012, 36.66186477999996], [-6.401247240000018, 36.66112048], [-6.39873774999998, 36.65848007999996], [-6.393031649999984, 36.641865569999986], [-6.394508019999985, 36.63381095], [-6.386201269999981, 36.62785068], [-6.36284578, 36.61879062], [-6.358999210000023, 36.61463726000002], [-6.357777560000016, 36.61559079999998], [-6.353581890000014, 36.61420433], [-6.35633877, 36.61542414], [-6.355696820000016, 36.616838879999975], [-6.355400529999985, 36.61902779000001], [-6.355920489999984, 36.61684158], [-6.35654699, 36.61711225000003], [-6.35679307, 36.617889229999975], [-6.354703529999971, 36.62202992000002], [-6.34269302, 36.626053089999985], [-6.3356074, 36.62453981000002], [-6.33662674, 36.62069975999998], [-6.326167449999974, 36.610377870000015], [-6.335121920000018, 36.62105729000002], [-6.33341906999997, 36.62226734999998], [-6.33025251, 36.61959871], [-6.33329935999998, 36.62234278000001], [-6.330800379999983, 36.62401661000002], [-6.32956317, 36.62332135000002], [-6.330144799999989, 36.62436834000001], [-6.320740659999974, 36.62300007], [-6.323209690000017, 36.62062446], [-6.324560830000022, 36.62163198], [-6.32213457, 36.61927583], [-6.32309418, 36.620537580000025], [-6.32015961, 36.62248465], [-6.315247720000023, 36.62263953999998], [-6.311241650000023, 36.6178402], [-6.319818779999972, 36.61219497], [-6.322856559999976, 36.6129212], [-6.32009977, 36.611970880000015], [-6.311147710000013, 36.61773468000001], [-6.308377819999983, 36.61517154000001], [-6.30621411, 36.618160109999984], [-6.299818730000013, 36.61785994999998], [-6.287799379999988, 36.611209], [-6.27958141, 36.60322665], [-6.26593257, 36.57983081999998], [-6.261532879999975, 36.58068118999998], [-6.260249990000029, 36.57886904999999], [-6.254086390000027, 36.57709112999997], [-6.2565437, 36.57814137], [-6.257736649999977, 36.58127161], [-6.25253838, 36.581467649999965], [-6.255024480000016, 36.57867847], [-6.25342018, 36.57825370999998], [-6.250208019999986, 36.5794497], [-6.25034724, 36.58143731999998], [-6.248994459999984, 36.58114980999998], [-6.25002186, 36.5798062], [-6.24897408, 36.580663779999966], [-6.248707309999981, 36.58122973000002], [-6.25033247000002, 36.581617939999965], [-6.250096080000013, 36.58317428], [-6.245286050000028, 36.585440949999985], [-6.23821782, 36.58447982], [-6.24938238, 36.572281459999985], [-6.236069199999983, 36.58493467000001], [-6.23281693, 36.58491481], [-6.240194510000025, 36.57777596999996], [-6.237796170000022, 36.57920182], [-6.23566847, 36.57774576], [-6.239102499999972, 36.574102139999965], [-6.231335010000011, 36.58153081999998], [-6.2264848, 36.57559782000002], [-6.224532690000012, 36.57029808999996], [-6.223797840000014, 36.56202781], [-6.225772600000012, 36.55203512999997], [-6.233572080000016, 36.53283700999997], [-6.233007729999985, 36.527598719999986], [-6.22911769, 36.52507281], [-6.23552969999998, 36.525692020000015], [-6.241023789999989, 36.52839041], [-6.257972519999988, 36.52919027999999], [-6.25570991, 36.52901777000001], [-6.255347639999981, 36.52756784], [-6.254853560000027, 36.52457158], [-6.257381809999988, 36.52416015], [-6.255664710000014, 36.51995373], [-6.253954180000012, 36.52069425999995], [-6.250094469999977, 36.51836643000002], [-6.24361159, 36.518443729999966], [-6.243437290000014, 36.51694358], [-6.249015779999987, 36.516332240000025], [-6.2502022, 36.5142724], [-6.248667439999974, 36.51414298000002], [-6.25015903000002, 36.51350762000002], [-6.248584489999988, 36.51402809000001], [-6.2496929, 36.51277237999999], [-6.24799148, 36.511593170000026], [-6.24510791, 36.512843089999976], [-6.24699584000002, 36.5110075], [-6.245626710000025, 36.50896315], [-6.243304060000015, 36.50947686], [-6.242061979999972, 36.506194450000024], [-6.241083819999967, 36.50709511999998], [-6.23190217, 36.50372163999998], [-6.21887898, 36.50997617], [-6.20786743000003, 36.5095789], [-6.200569970000021, 36.519669500000035], [-6.196360660000029, 36.52209833], [-6.19985706, 36.523770830000025], [-6.19840264999998, 36.52532376999998], [-6.200530320000031, 36.52872709], [-6.191278070000022, 36.525289330000014], [-6.191253429999973, 36.52387519], [-6.190196950000019, 36.52560662999998], [-6.18455237, 36.52518074], [-6.173173539999979, 36.52131189], [-6.171428029999974, 36.51192329], [-6.174598190000018, 36.509189500000026], [-6.180888550000024, 36.50769707], [-6.18615552000001, 36.501942219999954], [-6.19209788, 36.49906190999998], [-6.19293935000003, 36.49645307000003], [-6.190731729999986, 36.49242986], [-6.19366763, 36.4867461], [-6.199664930000011, 36.48469303], [-6.20113362, 36.48540161], [-6.20689994, 36.48019132000001], [-6.21319152, 36.48122964999997], [-6.211330279999969, 36.47425975], [-6.21243312, 36.47016586], [-6.219657579999988, 36.46626749000003], [-6.227591340000019, 36.46657593], [-6.227630009999978, 36.46347493], [-6.229836190000014, 36.46260422999998], [-6.247200180000023, 36.46541342999997], [-6.253518869999974, 36.46791782999997], [-6.257596640000027, 36.47311436], [-6.26670195, 36.48933833999999], [-6.262128780000021, 36.49151798000001], [-6.262429199999977, 36.496015450000016], [-6.254350460000029, 36.50057942999997], [-6.25642864, 36.50782183], [-6.25502023, 36.501381180000024], [-6.259096680000017, 36.49931451], [-6.263183550000027, 36.50281633999999], [-6.261392580000016, 36.50535238], [-6.262816489999985, 36.506604309999986], [-6.261033910000022, 36.50638043999998], [-6.26242396, 36.50705433999997], [-6.260591710000025, 36.50701429999997], [-6.261567359999989, 36.50818613000002], [-6.26000646, 36.50769711], [-6.261435650000022, 36.509036780000024], [-6.26354135, 36.50734818999998], [-6.269844010000019, 36.50858141], [-6.27606944, 36.52385568], [-6.27514648, 36.52473707999999], [-6.278723600000015, 36.52431442000002], [-6.28193406, 36.527474629999986], [-6.276530480000012, 36.52684371], [-6.27870751, 36.52816258999999], [-6.278261540000026, 36.52949948000001], [-6.276562600000011, 36.529456039999985], [-6.277881479999971, 36.529753220000025], [-6.276673459999978, 36.53075961000003], [-6.272858229999978, 36.53004433999997], [-6.275698499999978, 36.530939570000015], [-6.27479408, 36.532262], [-6.268630729999988, 36.53199852999998], [-6.27538177, 36.535075349999985], [-6.274011420000011, 36.53594199], [-6.275639019999973, 36.53587927999998], [-6.276838050000017, 36.54073934999998], [-6.27533811, 36.5332473], [-6.281105980000022, 36.52890764], [-6.28294966, 36.529469660000025], [-6.281953339999976, 36.53284017999999], [-6.285520370000028, 36.52953405], [-6.287173450000024, 36.53086719], [-6.281285730000025, 36.53368756000002], [-6.284220010000026, 36.53468812000001], [-6.289949229999974, 36.530763630000024], [-6.29229401, 36.53287058000002], [-6.28569362, 36.53890074], [-6.285545640000018, 36.54067999], [-6.285467779999983, 36.53910519999998], [-6.28269206, 36.54291221000001], [-6.279356969999972, 36.54300396999997], [-6.287289820000026, 36.54283962000002], [-6.291479430000019, 36.53920075], [-6.29050033999997, 36.53770492], [-6.29607027, 36.53660495], [-6.299317309999982, 36.53838938], [-6.305053699999982, 36.536743630000025], [-6.308666389999987, 36.53321923], [-6.30628603, 36.529500689999985], [-6.30960062, 36.52859996999999], [-6.30232826, 36.52753790000002], [-6.296911740000025, 36.52881422], [-6.28901226, 36.52367076], [-6.2901083, 36.5221357], [-6.288617210000011, 36.52242011000001], [-6.287219669999985, 36.51851180000001], [-6.288476439999983, 36.51787343], [-6.25931401, 36.47309453], [-6.25052327, 36.452562849999964], [-6.24875585999998, 36.44415820999996], [-6.246482409999977, 36.44152564999999], [-6.248972239999973, 36.448540889999975], [-6.24783712000002, 36.44886914], [-6.234012720000026, 36.43559218000003], [-6.219035210000027, 36.40317829], [-6.21875285, 36.39255274], [-6.200849809999982, 36.37861619], [-6.18973159, 36.37405668999999], [-6.182209389999988, 36.36857142], [-6.168122060000015, 36.34622905000002], [-6.15246849, 36.30885876], [-6.14300081, 36.29656432999998], [-6.136418769999983, 36.292601069999975], [-6.134301359999981, 36.29281886000001], [-6.136464760000016, 36.29291527], [-6.138701920000022, 36.29540676], [-6.1376662, 36.29650634999997], [-6.13564578, 36.29442367999998], [-6.131808239999984, 36.29672318999998], [-6.118575240000014, 36.29373508], [-6.116102869999982, 36.294547550000026], [-6.102764669999976, 36.28410772999999], [-6.08864957, 36.26516137], [-6.080066730000021, 36.24469197], [-6.05367018, 36.20332919000003], [-6.049232379999976, 36.19928798], [-6.046961930000029, 36.19951707], [-6.040369089999969, 36.192349229999984], [-6.034283629999978, 36.18101365], [-6.02997442, 36.18197901000002], [-6.02697611, 36.186101249999986], [-6.01978629, 36.18617484000003], [-6.010468119999971, 36.18524720999998], [-6.00631109, 36.182648190000016], [-5.98079075, 36.17657299], [-5.9587345, 36.180932679999984], [-5.944717329999988, 36.18658669999997], [-5.92608198, 36.179338700000024], [-5.932541749999989, 36.18205536], [-5.93222029, 36.18655127000002], [-5.926675930000012, 36.18603819000001], [-5.9270026, 36.18256955000001], [-5.93033217, 36.182722339999984], [-5.928083, 36.18232681000002], [-5.926506880000027, 36.18239242], [-5.926157160000026, 36.184644989999974], [-5.92297025, 36.18593954999997], [-5.91490018, 36.18476665], [-5.907096219999983, 36.18026125], [-5.90864036, 36.179331509999976], [-5.906849549999981, 36.18020416000002], [-5.88197964, 36.16344839], [-5.864760809999977, 36.14962253000002], [-5.83911032, 36.12362940000002], [-5.825462859999984, 36.104242169999985], [-5.82574825, 36.102288739999956], [-5.82169349, 36.10256461], [-5.81780093, 36.100231930000014], [-5.811843870000025, 36.09075563], [-5.813173729999977, 36.08881375], [-5.806309590000023, 36.08938035999997], [-5.797243830000016, 36.07827269999997], [-5.793042089999972, 36.07844284], [-5.788559469999975, 36.080719289999976], [-5.783554229999983, 36.08770327999997], [-5.77633896, 36.08776257000001], [-5.76640609, 36.083468030000034], [-5.750153669999987, 36.07079189], [-5.73119416, 36.06602520000001], [-5.72575964, 36.06294940999999], [-5.723817190000022, 36.06005541999997], [-5.716533669999985, 36.06064434000003], [-5.7087276, 36.05894636], [-5.699987860000025, 36.06239719], [-5.695334769999982, 36.0665667], [-5.689289569999977, 36.06736044999999], [-5.670571319999989, 36.05778378999996], [-5.659619969999969, 36.05592730999998], [-5.652500949999972, 36.053155879999984], [-5.635146450000017, 36.04030767000002], [-5.61230002, 36.01452573000001], [-5.608386079999973, 36.00718417], [-5.61258663, 36.00371283000001], [-5.61090378, 36.0001082], [-5.606147930000025, 36.0035555], [-5.608450640000015, 36.00577673000002], [-5.60716444, 36.007814619999984], [-5.602528300000015, 36.00851019], [-5.605130620000019, 36.00837256], [-5.605428309999983, 36.01033995999997], [-5.601805249999985, 36.01029123999999], [-5.601357099999987, 36.00797678999999], [-5.60338142999997, 36.006454709999986], [-5.601002970000028, 36.00800249999998], [-5.601712220000012, 36.01068202], [-5.59959596000001, 36.01177344], [-5.587942019999978, 36.01193539000002], [-5.57418755, 36.01505257], [-5.55316127000003, 36.02355989999998], [-5.539314509999977, 36.03013615000001], [-5.538775369999976, 36.03166178999999], [-5.51691696, 36.03729627], [-5.514124979999973, 36.0401286], [-5.503680760000029, 36.04370248], [-5.498902959999985, 36.048795529999985], [-5.486942229999973, 36.05421793000002], [-5.46453032, 36.05026436999998], [-5.458508879999989, 36.05401144], [-5.451121579999974, 36.05561396999999], [-5.44704802, 36.05813087], [-5.44819725999998, 36.06082943999998], [-5.444605149999972, 36.06169598], [-5.44333002, 36.06497583], [-5.43628818, 36.06918432], [-5.429343029999989, 36.07114609999997], [-5.429168399999978, 36.07449362], [-5.425412160000026, 36.07727378000001], [-5.42676248, 36.08291587], [-5.435499419999986, 36.08609147999998], [-5.44072943000002, 36.08608414], [-5.44355598, 36.089866190000016], [-5.440143919999976, 36.10270771], [-5.435868729999978, 36.10597648999998], [-5.431080569999972, 36.1055871], [-5.432229259999982, 36.10934037000003], [-5.435307550000027, 36.10974648], [-5.43738668, 36.11196649999997], [-5.436105889999974, 36.115453659999986], [-5.441820439999972, 36.11704073999998], [-5.442566349999988, 36.11960331000003], [-5.44155214000001, 36.12129145], [-5.437164179999968, 36.12129975000002], [-5.43597937, 36.1225046], [-5.43441798, 36.12122944999999], [-5.436943, 36.11881658999998], [-5.434445169999976, 36.1210306], [-5.4336248, 36.122885990000015], [-5.432618919999981, 36.12341116999998], [-5.433875779999981, 36.123818259999986], [-5.43233591, 36.125760370000016], [-5.430658899999985, 36.130102770000015], [-5.43000958, 36.140751579999986], [-5.430774659999989, 36.13025365], [-5.431572650000029, 36.12802919000002], [-5.441596560000025, 36.12667145], [-5.44044756, 36.12400892999999], [-5.443598050000027, 36.127441789999985], [-5.437604850000018, 36.13052033999997], [-5.440371890000016, 36.130536059999976], [-5.440698300000027, 36.132106719999975], [-5.436227849999974, 36.13485669999998], [-5.435908900000023, 36.14071278], [-5.441615669999975, 36.13661265000001], [-5.44277956000002, 36.13114491], [-5.44163446, 36.12932958], [-5.443115839999979, 36.12873152], [-5.4445389, 36.130910700000015], [-5.443659939999976, 36.13767956], [-5.446701, 36.13792387999996], [-5.447285389999972, 36.14028239999997], [-5.44553899, 36.143445689999986], [-5.446188950000012, 36.15077817000003], [-5.444084779999986, 36.157103360000015], [-5.436610789999983, 36.16699004999999], [-5.42687303, 36.17562442999998], [-5.424609380000019, 36.17648152000002], [-5.42389281000002, 36.175234180000025], [-5.419926430000024, 36.177477670000016], [-5.418016779999983, 36.175389129999985], [-5.41945194, 36.178677030000024], [-5.416700900000015, 36.17453241000002], [-5.419815630000016, 36.17315349999998], [-5.416142639999972, 36.17445355000002], [-5.417228140000015, 36.17649567999999], [-5.41413717, 36.17756758999998], [-5.413544040000025, 36.18033764], [-5.40972039, 36.18145126], [-5.403057529999977, 36.179933129999974], [-5.398674110000028, 36.18051049000001], [-5.398173009999985, 36.17720360000003], [-5.40028379, 36.17679173], [-5.39378966000003, 36.17746262999998], [-5.39801746, 36.177206719999965], [-5.398510039999985, 36.18059957999998], [-5.391917249999974, 36.18096122], [-5.392084649999972, 36.17915519], [-5.391783100000023, 36.180936859999974], [-5.384425519999974, 36.17991195], [-5.37901943, 36.17469261999998], [-5.38192252999997, 36.173255810000015], [-5.37747646, 36.17364167], [-5.381796970000015, 36.17278060000002], [-5.38185019, 36.16939950000003], [-5.37631758, 36.16840084000001], [-5.3709413, 36.1692646], [-5.364857410000024, 36.16693331], [-5.355740049999977, 36.16054235000002], [-5.364309199999987, 36.157200690000025], [-5.35563927, 36.16051729999998], [-5.352153920000011, 36.156214349999985], [-5.352509829999972, 36.15510772000001], [-5.364980849999985, 36.15514139000002], [-5.36749362, 36.15849876], [-5.365032590000013, 36.15501417999999], [-5.35187428, 36.15503909], [-5.351477580000017, 36.15255017], [-5.338645689999986, 36.15345969000004], [-5.335574529999981, 36.17691873000002], [-5.31664605, 36.22987247000003], [-5.30600389, 36.24331065], [-5.299744099999979, 36.24309778], [-5.295893119999985, 36.24611033], [-5.28097484, 36.27686256000002], [-5.27355287, 36.28770307], [-5.270616710000019, 36.28819155], [-5.274219690000011, 36.288429489999984], [-5.27354304, 36.29196666000002], [-5.272888310000026, 36.28935617000001], [-5.27279661, 36.290800080000025], [-5.27219841, 36.28936930000002], [-5.272162340000029, 36.29081214999998], [-5.271741929999986, 36.28936896], [-5.27171697000001, 36.290811599999984], [-5.271318830000025, 36.28936798999999], [-5.269773099999981, 36.29019957], [-5.26991879, 36.28715923999997], [-5.26941801, 36.292189530000016], [-5.271334689999986, 36.2933697], [-5.26884069, 36.29951925], [-5.265444269999974, 36.30066532], [-5.256904819999981, 36.31036328], [-5.248008400000029, 36.31042285999997], [-5.246066960000011, 36.31223505], [-5.232225469999969, 36.350530050000025], [-5.22843295, 36.3550711], [-5.231502460000014, 36.35564483000002], [-5.230942819999985, 36.35672780000002], [-5.227994319999977, 36.35571016999999], [-5.22809398, 36.353734489999965], [-5.22738555, 36.35624425000002], [-5.228352660000011, 36.35733484000003], [-5.219408099999987, 36.376274940000016], [-5.21666398, 36.379336119999984], [-5.211090529999987, 36.37971863000001], [-5.20306243, 36.39068230999996], [-5.19789351999997, 36.39319290000002], [-5.184973009999986, 36.40835536999997], [-5.176942139999985, 36.41427033999997], [-5.172678070000026, 36.41612352999997], [-5.17032047, 36.4151569], [-5.165875980000014, 36.41654444], [-5.16288759, 36.41333579], [-5.157999910000014, 36.41281125], [-5.160358870000027, 36.41423778999998], [-5.157447020000015, 36.414191240000015], [-5.15854519, 36.41518991], [-5.157069609999986, 36.41465772999997], [-5.158163790000023, 36.41551226], [-5.15525472, 36.41637593999997], [-5.158392320000013, 36.41167752000001], [-5.156490889999987, 36.41187408], [-5.15065442, 36.41940615], [-5.141302130000021, 36.42566704], [-5.13433048, 36.42808114000002], [-5.12130641999997, 36.42861958000002], [-5.10830465, 36.43370796000002], [-5.08097927, 36.45056458], [-5.07174886, 36.45211317], [-5.06611471, 36.45002050999999], [-5.0591314, 36.450060010000016], [-5.051399629999981, 36.45218507], [-5.039389149999984, 36.459241089999985], [-5.03338075, 36.46118231999998], [-5.024202859999981, 36.46054508000002], [-5.016232869999977, 36.46173452], [-5.00955512, 36.45895376999999], [-5.00490007, 36.45974412000002], [-5.00046413, 36.46385661999995], [-4.995062330000022, 36.46556948], [-4.977549940000014, 36.47730818], [-4.97171152, 36.47814388999996], [-4.966589919999974, 36.48173469], [-4.964252389999976, 36.48154784000003], [-4.964853239999984, 36.482799859999986], [-4.963227049999988, 36.48205145], [-4.9617198, 36.48380684999996], [-4.95925744000001, 36.48354083999999], [-4.958948299999984, 36.48500612], [-4.957894370000023, 36.48393277000001], [-4.956800759999969, 36.48527570999997], [-4.952946770000011, 36.48426622000004], [-4.95438422, 36.48594626], [-4.952685290000015, 36.48585690000002], [-4.95286773, 36.48689949], [-4.951475960000029, 36.48570542], [-4.95292804000001, 36.48707878000001], [-4.951124010000026, 36.48636016000001], [-4.952336580000026, 36.48753013], [-4.950838429999983, 36.4865451], [-4.951885879999975, 36.48780791], [-4.95038773, 36.486822879999984], [-4.95144611, 36.4880765], [-4.950320460000029, 36.48725663], [-4.95011065, 36.48868421], [-4.949333490000018, 36.48751613000001], [-4.951822789999983, 36.48440179000002], [-4.9549585, 36.48303447000002], [-4.952683299999971, 36.48310777], [-4.947820729999989, 36.48862246], [-4.94760367, 36.49065408], [-4.935976499999989, 36.499370200000016], [-4.923305939999976, 36.50076492], [-4.92247369, 36.49961557], [-4.921811340000025, 36.50127574], [-4.913148279999985, 36.50539], [-4.89459035, 36.5067137], [-4.893658410000018, 36.50512406], [-4.89113388999997, 36.50691275999998], [-4.888265689999981, 36.50558810000002], [-4.8916991, 36.50490275], [-4.88759692, 36.504715339999976], [-4.88297505, 36.50658210999996], [-4.8810259, 36.505396], [-4.8805191, 36.507062520000034], [-4.878132689999984, 36.50764994000002], [-4.875855699999986, 36.50675734999999], [-4.87342627999998, 36.507917489999976], [-4.872872590000011, 36.506678020000024], [-4.876768460000026, 36.50571542999999], [-4.873478400000016, 36.50540659000002], [-4.869507389999985, 36.50742486], [-4.858810830000013, 36.50742974], [-4.842902130000017, 36.50281808999997], [-4.81108113, 36.49799616], [-4.77245175, 36.488660869999975], [-4.74556825, 36.48505489], [-4.74339517, 36.482725], [-4.742693799999975, 36.48430366999999], [-4.739648399999976, 36.48339262], [-4.740397050000018, 36.48592363999999], [-4.739223560000027, 36.48336275], [-4.740535530000023, 36.48263152000001], [-4.739041600000028, 36.483212170000016], [-4.739289659999987, 36.48482205], [-4.73106159, 36.48677152000001], [-4.719713440000026, 36.48646685], [-4.711661540000028, 36.487321749999985], [-4.70449651, 36.49038992000002], [-4.69484339, 36.49008569999999], [-4.67617933, 36.50360894], [-4.669588369999974, 36.50344894000002], [-4.661630659999981, 36.506732949999986], [-4.654031650000023, 36.505387259999985], [-4.647540069999987, 36.50718070999996], [-4.644055640000015, 36.50620115999998], [-4.638244569999974, 36.50702924], [-4.631019440000021, 36.5155113], [-4.620946339999987, 36.53729357], [-4.616426450000024, 36.53853969999997], [-4.615051299999975, 36.540523909999976], [-4.613995239999982, 36.54322665], [-4.61652727000002, 36.53888672999998], [-4.619040360000015, 36.53980506999995], [-4.616951730000021, 36.54035620000002], [-4.618415160000028, 36.54089524], [-4.616737939999974, 36.540818819999984], [-4.617348200000011, 36.54276660000002], [-4.61571404, 36.54207662999997], [-4.617222129999971, 36.54476041], [-4.61466990999998, 36.54558820999997], [-4.61547699, 36.54679418], [-4.611153810000014, 36.555425], [-4.602806620000021, 36.56295598], [-4.599198030000023, 36.56298638], [-4.586710730000029, 36.5730866], [-4.569721449999974, 36.577385730000024], [-4.56309842, 36.57760792], [-4.558694570000019, 36.58036976999998], [-4.5492383, 36.580889589999984], [-4.540538, 36.57839721], [-4.538785699999977, 36.5807725], [-4.53340353, 36.58215787], [-4.534203240000016, 36.58359886], [-4.53241125000002, 36.58341456999999], [-4.530314249999988, 36.58816487999999], [-4.525972290000012, 36.59075347], [-4.523997629999986, 36.590382099999985], [-4.52410437, 36.591832], [-4.521611869999975, 36.591845800000016], [-4.519837940000024, 36.594302220000024], [-4.518419, 36.59377043999998], [-4.5174152, 36.59617195], [-4.512449299999979, 36.59375616], [-4.512719859999984, 36.5955916], [-4.51126706, 36.59504212999999], [-4.5129784, 36.596237340000016], [-4.51463310000001, 36.59567548999997], [-4.51406901, 36.597701809999975], [-4.510762620000027, 36.595544299999986], [-4.511264159999979, 36.59718752000002], [-4.50904369, 36.59682804], [-4.51216543, 36.592957499999976], [-4.513860990000019, 36.59277374000002], [-4.512659729999971, 36.59250954], [-4.511654859999969, 36.59314425999999], [-4.507772240000025, 36.59755622999998], [-4.50978776, 36.59829693000001], [-4.50681512, 36.60410355000002], [-4.481786569999978, 36.639382880000014], [-4.46227667, 36.65995958999996], [-4.454678480000011, 36.66405484000003], [-4.444908669999977, 36.68131849999999], [-4.440990749999979, 36.68187073999996], [-4.443795679999972, 36.68284635], [-4.44364982, 36.68462388999997], [-4.433171980000026, 36.70200333000001], [-4.426221600000025, 36.70935209999998], [-4.424699989999973, 36.70758552999998], [-4.41750194, 36.708834230000015], [-4.42114706, 36.70858347000002], [-4.422892469999979, 36.71034741], [-4.421199390000024, 36.71081832999998], [-4.42053816, 36.70956424999998], [-4.42096267, 36.71073101000001], [-4.417286140000017, 36.71232524], [-4.423008, 36.71114827999999], [-4.423270870000012, 36.71204654000001], [-4.419788419999989, 36.715062749999966], [-4.417744, 36.71469949999999], [-4.4187927, 36.71693150999998], [-4.413814629999969, 36.71839691], [-4.415906949999981, 36.71343235], [-4.41484367, 36.71284105], [-4.41618972, 36.71297829], [-4.413549190000015, 36.71001698999996], [-4.41529612000002, 36.70698554000002], [-4.413087270000013, 36.70924726000002], [-4.414131040000021, 36.71244388], [-4.40936581999997, 36.71697133999997], [-4.393753740000027, 36.722338199999975], [-4.392565040000024, 36.720999989999974], [-4.39091941, 36.72226317], [-4.37761795, 36.71982175000002], [-4.372028679999971, 36.720346], [-4.36542440999998, 36.71793402], [-4.35200936, 36.71723074999997], [-4.344295969999973, 36.71473100999999], [-4.34602452, 36.71369288999997], [-4.335202459999977, 36.71202991000001], [-4.33028947, 36.71304146000002], [-4.32718544, 36.71134431000002], [-4.306251589999978, 36.71415382999998], [-4.296607109999972, 36.71256454999999], [-4.29044699, 36.71444332], [-4.24917341, 36.71010582999998], [-4.196410310000017, 36.71539803], [-4.180779779999988, 36.71467960000001], [-4.163385210000022, 36.71947507], [-4.10846755, 36.72533514], [-4.10127582, 36.72830447], [-4.0837135, 36.74485373], [-4.077291660000018, 36.74780559999998], [-4.067454080000028, 36.74762374], [-4.06686486000002, 36.74875582], [-4.066281399999978, 36.747066339999975], [-4.070820029999976, 36.74640362000002], [-4.064750580000026, 36.74653015], [-4.062318989999975, 36.74809333000001], [-4.05664349, 36.74591725], [-4.032925829999979, 36.74225807999998], [-4.02409075, 36.74412824999998], [-4.00825224, 36.74070264], [-4.004953560000012, 36.74112716], [-3.957185849999972, 36.726087609999986], [-3.92657858, 36.7371743], [-3.921275930000013, 36.7405148], [-3.913155890000025, 36.74245239999998], [-3.896512699999972, 36.74356149], [-3.884214589999989, 36.74071467000002], [-3.87542308, 36.743781529999964], [-3.86221757, 36.75187394999998], [-3.848582, 36.75067379999997], [-3.845229950000022, 36.75351023], [-3.84074763, 36.75237904999998], [-3.835477910000022, 36.75403877999997], [-3.830300219999974, 36.751785240000025], [-3.824047429999976, 36.75267605], [-3.809534479999974, 36.75004409000002], [-3.79866477, 36.74540271000002], [-3.79205343, 36.74627622], [-3.78760962, 36.74332177999999], [-3.78792114, 36.74092176999997], [-3.785989510000025, 36.74152951], [-3.78556828, 36.73976538], [-3.78123264, 36.73968571999998], [-3.77715866, 36.73778318], [-3.77213327000001, 36.73368705], [-3.772910459999979, 36.73188805000002], [-3.767586390000015, 36.72922700999996], [-3.76386944, 36.72935906999998], [-3.762232209999985, 36.73481455000002], [-3.759136439999972, 36.73663728999997], [-3.756861260000017, 36.73648950000001], [-3.754238869999979, 36.73863365], [-3.74983085, 36.73801239999998], [-3.735612129999987, 36.72810358], [-3.736861149999976, 36.72403009], [-3.735458150000025, 36.72017141000002], [-3.72749810000002, 36.719174789999975], [-3.728755160000028, 36.721853469999964], [-3.7263491, 36.72321145], [-3.725165030000028, 36.72710413], [-3.72561229, 36.72821923999999], [-3.726422910000013, 36.72510413], [-3.726915660000025, 36.728671030000015], [-3.72285855, 36.72955223], [-3.7202386, 36.73202923000002], [-3.71492951, 36.73319721], [-3.709830719999978, 36.73167725000002], [-3.703633669999981, 36.73374251], [-3.69451858000001, 36.72772019], [-3.690670080000015, 36.73067248000001], [-3.687429929999986, 36.73028563000002], [-3.687711860000024, 36.72924729], [-3.684713449999976, 36.73085124], [-3.68175254, 36.73037248999998], [-3.682314429999985, 36.72932354], [-3.676660950000016, 36.72957229999996], [-3.673817860000026, 36.731030859999954], [-3.665430029999978, 36.741490339999984], [-3.661870279999988, 36.74305179], [-3.66150949, 36.74538863], [-3.65772207, 36.74655456999999], [-3.649318690000013, 36.74498724], [-3.64651253, 36.74296523], [-3.62865481, 36.74261953], [-3.62149592, 36.74106163999998], [-3.602011890000024, 36.74464179], [-3.57974051, 36.72340594999998], [-3.553699660000023, 36.71494843999998], [-3.54771183, 36.71531882000003], [-3.535565289999976, 36.72211731999997], [-3.522174670000012, 36.71750747], [-3.529383159999981, 36.72200987], [-3.528704909999973, 36.72434768999998], [-3.528340019999975, 36.72339376], [-3.525870179999988, 36.72412591999996], [-3.522680259999983, 36.72271571999997], [-3.52425528999997, 36.720491159999966], [-3.522004779999983, 36.72218683], [-3.52064552, 36.721552779999975], [-3.522584399999985, 36.72013795], [-3.521269839999984, 36.719485670000026], [-3.519218820000011, 36.722541630000016], [-3.512307970000019, 36.72062454999999], [-3.48266648, 36.69727469], [-3.474670129999969, 36.69672105], [-3.468135509999967, 36.69351977999998], [-3.460451089999972, 36.69638953], [-3.452113029999977, 36.69479895999998], [-3.42855349, 36.69561662999998], [-3.41991318, 36.69388967999998], [-3.413131500000011, 36.70263975000001], [-3.407405669999977, 36.70170400999998], [-3.403281160000027, 36.70724412], [-3.398132800000019, 36.70542251], [-3.392667839999989, 36.70734282999999], [-3.39197225, 36.70926526], [-3.38854497, 36.70902412999997], [-3.388310120000027, 36.71130562000001], [-3.37981441999997, 36.71181992], [-3.376845309999987, 36.71370444999998], [-3.376445900000022, 36.71216420999997], [-3.372281599999973, 36.71234863], [-3.371326070000029, 36.71388413000001], [-3.36943819, 36.712465700000024], [-3.369154019999979, 36.71391795], [-3.364766989999981, 36.71438226999998], [-3.364806589999984, 36.715653219999965], [-3.362065840000024, 36.71620249999998], [-3.362379039999981, 36.718518320000015], [-3.35390679000002, 36.72434934000002], [-3.347729870000015, 36.73281427999997], [-3.3388614, 36.73828479999997], [-3.331917519999975, 36.73838559999997], [-3.32256719, 36.74155754999999], [-3.316362990000014, 36.74183573], [-3.30485645, 36.73823305000002], [-3.294554220000014, 36.74173881], [-3.28194909, 36.74370772999997], [-3.27961616, 36.74594892], [-3.258895830000019, 36.75340627], [-3.244178850000026, 36.75448338999997], [-3.233857310000024, 36.74959133999999], [-3.23024515, 36.75164480999998], [-3.21181073000002, 36.74526996999995], [-3.20205662000001, 36.75047063999998], [-3.193707349999976, 36.749060369999974], [-3.18682111, 36.750324589999984], [-3.179523129999988, 36.74801907999997], [-3.174910270000014, 36.74902661], [-3.16814571, 36.74452894999999], [-3.1649859, 36.74403755999999], [-3.15519164, 36.74743135], [-3.143770720000015, 36.74399301], [-3.13353317, 36.75072108999997], [-3.11758061, 36.749998399999974], [-3.11377351, 36.750993649999984], [-3.071179050000018, 36.745427180000014], [-3.06044951, 36.74733458000002], [-3.032008169999984, 36.74733471999997], [-3.01976294, 36.74068352], [-3.019001530000019, 36.741693269999985], [-3.022351320000027, 36.74414498999997], [-3.020436090000018, 36.74488442999997], [-3.022362640000012, 36.74456869], [-3.021792139999973, 36.74734537000001], [-3.01777019, 36.74509202999998], [-3.02006618, 36.74386577999997], [-3.019147470000025, 36.74301845999999], [-3.015843480000018, 36.74502004], [-3.007957130000021, 36.74127003], [-2.990818980000022, 36.74451408999999], [-2.977681349999973, 36.73832712999995], [-2.96714036, 36.74088418], [-2.9551741, 36.74653196000001], [-2.9416948, 36.75060024000001], [-2.926715620000012, 36.75178121], [-2.919144319999969, 36.750027039999985], [-2.900034910000014, 36.73972564], [-2.878525350000013, 36.72067428], [-2.857927159999972, 36.6988799], [-2.854321699999983, 36.699199950000015], [-2.84948151, 36.69547065999998], [-2.844880159999987, 36.69566301999998], [-2.832962749999977, 36.70372405], [-2.815603160000012, 36.70629447999998], [-2.797167190000028, 36.700530809999975], [-2.794034590000017, 36.69558523999997], [-2.791608519999974, 36.69855589999999], [-2.79255593, 36.69595227], [-2.788910750000019, 36.698479], [-2.792771690000017, 36.69481677], [-2.790942420000022, 36.69649934000003], [-2.791337709999974, 36.69521992], [-2.79018085, 36.69662419999998], [-2.787550269999976, 36.696565419999956], [-2.7897343, 36.696172659999974], [-2.79114023, 36.69374112999998], [-2.79798511, 36.69602477], [-2.79168985000001, 36.69333643], [-2.786571879999986, 36.69413864999997], [-2.771542169999986, 36.68142666], [-2.766862, 36.68199449999996], [-2.758752759999972, 36.68029247], [-2.742803399999974, 36.683747700000026], [-2.72998792, 36.683683129999984], [-2.724934519999987, 36.68521305999999], [-2.71515135, 36.68535222999997], [-2.70032981, 36.68299886999998], [-2.690839060000028, 36.68841949], [-2.68248298, 36.68982176], [-2.67362005, 36.69452147], [-2.650130509999974, 36.70028706000002], [-2.619648609999982, 36.72695818000001], [-2.61414547, 36.73453085], [-2.60755369, 36.751078370000016], [-2.60302913, 36.757337569999976], [-2.606268149999972, 36.75491439000002], [-2.605186180000012, 36.75617285999998], [-2.60655802, 36.75737637999998], [-2.603857659999974, 36.757439500000025], [-2.605884819999984, 36.75975404], [-2.5993259, 36.775688129999985], [-2.584567569999971, 36.79430675000001], [-2.568444480000025, 36.81111556999998], [-2.564390349999981, 36.814300939999974], [-2.56155339, 36.814371610000016], [-2.563005540000027, 36.81531449], [-2.561920590000021, 36.81485975000002], [-2.56192454, 36.81613082999998], [-2.560889339999983, 36.81481987999999], [-2.557699810000022, 36.81575456], [-2.56240233, 36.812959439999986], [-2.55356311, 36.817596060000014], [-2.532925329999989, 36.818814639999985], [-2.530459700000014, 36.82230258], [-2.52478273, 36.824641780000015], [-2.502580750000028, 36.82462283], [-2.49475078, 36.82851108], [-2.49123251, 36.82808136], [-2.48798358, 36.83098810999996], [-2.484879, 36.83073126999997], [-2.486947879999988, 36.83158761], [-2.48665836, 36.83295658], [-2.481953039999969, 36.83557739], [-2.48034336, 36.834804109999986], [-2.485039459999971, 36.83188583], [-2.479592120000015, 36.83478278], [-2.468755330000016, 36.82718049000002], [-2.464324969999982, 36.82571822], [-2.47905891999998, 36.83568190000002], [-2.47852381, 36.83686046000001], [-2.476289140000018, 36.83564265999998], [-2.475124549999976, 36.83702574999999], [-2.46512364000001, 36.833402270000015], [-2.4671976, 36.83027453000001], [-2.463899539999984, 36.83204455], [-2.461224290000022, 36.83133829999998], [-2.462981089999972, 36.83028254999998], [-2.45797686, 36.83067445999996], [-2.459888149999987, 36.82838445000002], [-2.45790996, 36.83062005999998], [-2.45678139000001, 36.83004698], [-2.457361820000015, 36.828841679999975], [-2.456001609999975, 36.82931322000001], [-2.443274320000019, 36.82151062], [-2.444061609999979, 36.81963026], [-2.442720249999981, 36.82060655999999], [-2.430824429999976, 36.81141826999998], [-2.428967600000026, 36.81235588], [-2.428619769999974, 36.810884819999984], [-2.426546779999987, 36.810739600000026], [-2.420931969999978, 36.81642758999998], [-2.410623980000024, 36.81989253000002], [-2.40299529, 36.82764299000002], [-2.371212460000019, 36.840333610000016], [-2.36148923, 36.84159781], [-2.32031437, 36.83418453000002], [-2.291230240000019, 36.82006894999998], [-2.27173052, 36.80477951], [-2.250118729999973, 36.78502937000002], [-2.206473709999987, 36.73640117999998], [-2.2018169, 36.730744950000016], [-2.20083741, 36.72691619], [-2.197642930000022, 36.727183169999975], [-2.19502847, 36.725524859999986], [-2.19340613, 36.72109673], [-2.187228440000014, 36.721811949999974], [-2.184063780000029, 36.71927524000002], [-2.179252489999973, 36.72418221], [-2.174417250000018, 36.72289581], [-2.168263270000026, 36.72345700999998], [-2.167831009999972, 36.722002649999986], [-2.16386086, 36.7266895], [-2.15175035, 36.73117433], [-2.137562379999969, 36.72899919], [-2.12990220999998, 36.73197240999997], [-2.124279729999988, 36.73200333], [-2.119436239999975, 36.736402759999976], [-2.11483014, 36.73763065999995], [-2.11526948, 36.73936471], [-2.11891972, 36.73848129999998], [-2.121006130000023, 36.74017341000002], [-2.121176319999975, 36.746872439999976], [-2.118457180000028, 36.74956570999998], [-2.11282398000001, 36.74846918999997], [-2.10669956, 36.75208328999999], [-2.109293049999983, 36.753527], [-2.10977124, 36.75577518], [-2.106196259999984, 36.762653489999984], [-2.101747750000024, 36.76270115999998], [-2.10265729999997, 36.76156318], [-2.09406821, 36.76502281], [-2.09054261, 36.76280541999997], [-2.090542330000025, 36.76377898000002], [-2.08326809, 36.76495818999998], [-2.07852731, 36.76882486], [-2.07497809, 36.768599030000026], [-2.074121309999976, 36.77090007], [-2.07284357999997, 36.76999770000001], [-2.074182150000017, 36.771432399999966], [-2.07234403, 36.77147217999999], [-2.070642690000015, 36.77503765000002], [-2.063599029999987, 36.77557742999997], [-2.06027718, 36.777822910000026], [-2.063584730000014, 36.781364600000025], [-2.06146748, 36.78498076], [-2.0633989, 36.786510390000025], [-2.061688869999982, 36.78704680999998], [-2.062517839999989, 36.79536464999999], [-2.05970803000003, 36.79691100999997], [-2.06239229, 36.79831138], [-2.06267081, 36.803055159999985], [-2.060022370000011, 36.80972297999999], [-2.05523493, 36.81341706], [-2.049625469999977, 36.81282252999998], [-2.050842319999983, 36.81505879999998], [-2.048185319999979, 36.81776893999998], [-2.041085009999974, 36.81892891000003], [-2.04225236, 36.82152542999997], [-2.04081795000001, 36.82326266999996], [-2.03406369999997, 36.82895922999998], [-2.03283647, 36.82846248999997], [-2.027275599999977, 36.83193278], [-2.025187849999977, 36.83120356000002], [-2.025365490000017, 36.83488287], [-2.02147769, 36.83636537999999], [-2.016265009999974, 36.83620522], [-2.0090258, 36.83405384000001], [-2.003052819999987, 36.836329649999975], [-1.99960678, 36.84002364], [-2.000873570000028, 36.84610089999999], [-1.99543399, 36.850381970000015], [-1.996532089999971, 36.85218507000001], [-1.999943589999989, 36.852060549999976], [-1.99865079000002, 36.85658386], [-2.004648879999971, 36.85856324999999], [-2.00579871999998, 36.86072727], [-2.00517773, 36.86276832000003], [-2.002913380000023, 36.86349755], [-2.00458486, 36.86523327999998], [-2.001109810000013, 36.870198049999985], [-2.00123286, 36.87281322], [-2.00345832, 36.87337273999997], [-2.003876940000011, 36.880885120000016], [-2.00053386000002, 36.88427348], [-1.994950470000011, 36.88561463000002], [-1.992400030000018, 36.889270850000024], [-1.992083319999988, 36.89373018000002], [-1.98033366, 36.9029687], [-1.97771885, 36.902937240000014], [-1.972987429999982, 36.89836236000002], [-1.967301619999973, 36.89886299], [-1.965123560000024, 36.90639789999997], [-1.959024560000013, 36.90917509999998], [-1.958565669999989, 36.914858989999956], [-1.955748869999973, 36.9156185], [-1.95642594, 36.91783291], [-1.952928010000027, 36.91995651999997], [-1.954811049999983, 36.9210007], [-1.95440495, 36.92361121000001], [-1.94666998999997, 36.93010518000002], [-1.945969160000012, 36.932893329999985], [-1.943188359999985, 36.93342751], [-1.940529289999971, 36.93652271], [-1.932541970000017, 36.93919151999999], [-1.91791457, 36.93569701], [-1.91586072, 36.93403773], [-1.91320681, 36.93669067], [-1.906386779999975, 36.93618642], [-1.903696450000016, 36.93743258], [-1.904707349999984, 36.93898332], [-1.90271852, 36.944553619999986], [-1.895519179999976, 36.94849800999997], [-1.89829155, 36.95329210999996], [-1.899764440000026, 36.96724119], [-1.896280419999983, 36.96735305000002], [-1.894634399999973, 36.96387642000003], [-1.89583743, 36.96769146], [-1.898592040000014, 36.96908715999999], [-1.8995817, 36.96823101], [-1.90053739, 36.96973617], [-1.900777970000016, 36.97644467999997], [-1.898913369999989, 36.97797777999999], [-1.901034229999987, 36.977375479999964], [-1.900848110000021, 36.97859964000001], [-1.897019090000011, 36.97844693000001], [-1.894228149999975, 36.97332815], [-1.893933129999985, 36.97508309], [-1.89691122, 36.97891464999997], [-1.90132568, 36.97976683999999], [-1.90076136000001, 36.98775686999998], [-1.89829080000002, 36.98921222], [-1.898017170000029, 36.99182369000002], [-1.896102640000014, 36.99133717], [-1.89843089, 36.98806876999997], [-1.89738069, 36.988428579999976], [-1.895733420000023, 36.99122556999996], [-1.89731093, 36.99248414999998], [-1.895235519999982, 36.99457406999996], [-1.88974823, 36.99557747999997], [-1.887804680000013, 37.00788113999998], [-1.883171470000027, 37.00882013], [-1.877681749999966, 37.01449207999999], [-1.87891236, 37.0248335], [-1.875448909999983, 37.03632932], [-1.872166619999988, 37.03930875], [-1.86551612, 37.041922419999985], [-1.86303641, 37.04533290999998], [-1.86195216, 37.05242532], [-1.85479735, 37.05855791], [-1.85446697, 37.06257484000001], [-1.849475689999972, 37.06834939000002], [-1.848976529999984, 37.09613377], [-1.845959880000015, 37.099160079999976], [-1.844533340000026, 37.10861052999998], [-1.840764019999973, 37.11371153000001], [-1.83541142999997, 37.11632712], [-1.833137870000022, 37.11925222999998], [-1.823104869999982, 37.15216998000002], [-1.82366578, 37.16900396000002], [-1.823135499999987, 37.17196417], [-1.820704319999985, 37.17257094999997], [-1.822391980000026, 37.1726959], [-1.821873130000012, 37.17708939], [-1.820551929999987, 37.18091604], [-1.81819564999998, 37.182478950000025], [-1.820095250000019, 37.18202917999999], [-1.81860615, 37.18505192], [-1.815812659999978, 37.18430293999995], [-1.816236039999975, 37.17883592000002], [-1.815317750000017, 37.18425293], [-1.816783899999984, 37.18559258], [-1.804958570000015, 37.21675994], [-1.794829830000017, 37.23281857], [-1.79135249, 37.23455879999998], [-1.78454789000002, 37.23428184999999], [-1.780774599999972, 37.237578069999984], [-1.775174499999985, 37.23948522999998], [-1.773481650000017, 37.24584926999998], [-1.771869159999971, 37.245859599999974], [-1.76317970999998, 37.25460238999999], [-1.75881181999997, 37.26308342999997], [-1.749978299999977, 37.26668602], [-1.74582982, 37.27132914], [-1.7447487, 37.27530163], [-1.73092509, 37.28376209000001], [-1.73123591, 37.28540587999997], [-1.72361257, 37.2906148], [-1.721305319999971, 37.29562839999998], [-1.707908230000014, 37.30451429999998], [-1.68895682, 37.33933164], [-1.671886550000019, 37.35675303999997], [-1.66093416, 37.358026539999976], [-1.653414309999986, 37.35422767999999], [-1.650750889999971, 37.35668495999999], [-1.64837749, 37.365626], [-1.642541740000017, 37.37301304], [-1.636627940000023, 37.3752884], [-1.633243749999969, 37.37320331999997], [-1.63075184, 37.37360712], [-1.630474100000018, 37.37521725999996], [-1.626136500000018, 37.374022250000024], [-1.62539282, 37.37516728999998], [-1.62754848, 37.37524641], [-1.628187760000013, 37.37673199000004], [-1.6258082, 37.380255539999986], [-1.622189440000012, 37.38050183], [-1.618662640000027, 37.38435435000001], [-1.616625079999983, 37.38336610999998], [-1.61195030000002, 37.38451906], [-1.61260113, 37.38597781999998], [-1.610492480000021, 37.38700758], [-1.611636049999978, 37.38808457], [-1.60836824000002, 37.38948824], [-1.60418008, 37.39482868999998], [-1.597191439999973, 37.39643138999997], [-1.595508359999976, 37.39944881], [-1.591329760000014, 37.39997591], [-1.5927327, 37.400470319999975], [-1.590325790000019, 37.40230733999998], [-1.584905369999982, 37.40277433], [-1.583260460000015, 37.40013180999998], [-1.578522850000027, 37.40094017], [-1.573689860000018, 37.4031983], [-1.577929820000021, 37.40242921], [-1.577741, 37.405842890000024], [-1.572621669999976, 37.40769193000003], [-1.573831669999979, 37.40644470999998], [-1.5705764, 37.407703259999984], [-1.56623882, 37.406461], [-1.565103710000025, 37.40496006999999], [-1.56643726, 37.40256976], [-1.565043729999972, 37.40395889], [-1.559132679999978, 37.40466209], [-1.558460680000014, 37.40612302], [-1.56203567, 37.40705887], [-1.561283430000026, 37.40858192999997], [-1.559001960000015, 37.40853611], [-1.560987920000021, 37.40926332000002], [-1.559638209999988, 37.411301849999965], [-1.555714620000024, 37.412623949999976], [-1.54718032, 37.41045534999998], [-1.547800890000016, 37.41167072], [-1.54317947000003, 37.41692251], [-1.54142525, 37.41706310999997], [-1.541214880000016, 37.41916955], [-1.536038019999976, 37.41981756000001], [-1.534871550000018, 37.42168682], [-1.530399680000026, 37.42152312999998], [-1.525942889999968, 37.42808315], [-1.52200943, 37.42868294999999], [-1.519009909999971, 37.4317819], [-1.509836300000022, 37.432162279999986], [-1.507789629999987, 37.43107292], [-1.504508730000014, 37.43237437], [-1.50132684, 37.4309731], [-1.498017419999983, 37.42238679], [-1.49056619, 37.42146265999999], [-1.486219979999986, 37.42292123999999], [-1.480796330000029, 37.427916909999986], [-1.47737536000002, 37.4288643], [-1.476521269999984, 37.43141296], [-1.476856699999984, 37.433264930000014], [-1.48197643, 37.43327674000001], [-1.48419669, 37.43527007000002], [-1.481890499999971, 37.44927357000001], [-1.47949722, 37.450784], [-1.48151902, 37.45254948999998], [-1.477240940000011, 37.45556782], [-1.476443529999988, 37.46143394000001], [-1.472937749999967, 37.46480456], [-1.47355031, 37.46693050000002], [-1.47184188, 37.46698051], [-1.468792409999966, 37.47124015999999], [-1.465082279999971, 37.481241339999976], [-1.4599786, 37.48194098999998], [-1.46219219, 37.48319558], [-1.460343069999982, 37.48346891], [-1.459679959999988, 37.48656968999999], [-1.452509630000018, 37.49202786], [-1.450300870000013, 37.49162937000003], [-1.446193679999975, 37.494964219999986], [-1.44288046999997, 37.49491156999998], [-1.440577149999984, 37.49851333999997], [-1.43016355, 37.50098005999997], [-1.427956360000021, 37.50373565000002], [-1.422312939999973, 37.50257885000001], [-1.415487930000014, 37.50702088999998], [-1.4015908, 37.507221139999984], [-1.40164449999998, 37.510006810000014], [-1.39085136, 37.52474021000002], [-1.38452241, 37.52646534], [-1.381373789999981, 37.52972987], [-1.378859090000012, 37.52931683000002], [-1.37229568000003, 37.53242602000001], [-1.36561436, 37.54246395], [-1.353999069999988, 37.5513152], [-1.344443850000031, 37.55443511], [-1.340201899999984, 37.55734968999998], [-1.332278029999971, 37.55630066999997], [-1.33193105, 37.55967548999998], [-1.3261794, 37.56273042999998], [-1.319550220000014, 37.56299672000002], [-1.319140669999984, 37.56056650999997], [-1.314982389999988, 37.562724299999964], [-1.29063404000001, 37.56004887000002], [-1.286788849999969, 37.55888455999997], [-1.28668676, 37.55642265999999], [-1.28469473, 37.55887217], [-1.280035870000023, 37.55912879999999], [-1.27899909, 37.557446359999986], [-1.279281339999973, 37.55895557], [-1.277048209999982, 37.55957189], [-1.274246079999973, 37.55589888999998], [-1.272168809999976, 37.55712123], [-1.27471399, 37.55671686], [-1.27308435, 37.55914443000001], [-1.267369489999981, 37.56051166999998], [-1.26211352999997, 37.5577126], [-1.255754239999978, 37.55758270999998], [-1.254271219999978, 37.55855216], [-1.25582937000002, 37.55921509], [-1.254027749999981, 37.560251919999985], [-1.25447129000001, 37.56453041], [-1.255288470000025, 37.56201899], [-1.25706106, 37.56368546999996], [-1.25827672, 37.56253179], [-1.25811065, 37.56480048999999], [-1.256591360000012, 37.56392185999997], [-1.257484939999988, 37.56638646000002], [-1.25472006, 37.56987849], [-1.249186779999976, 37.5716621], [-1.246229540000016, 37.57608836], [-1.238114879999985, 37.57782402], [-1.234230080000021, 37.575936409999976], [-1.226726900000021, 37.57575177], [-1.226215879999987, 37.57342789], [-1.22416135, 37.573162649999965], [-1.21970156, 37.57547471999998], [-1.21347674000001, 37.57534457000002], [-1.20946155, 37.57278726000003], [-1.20059212, 37.57340033999996], [-1.17393177, 37.56296892000001], [-1.168573229999986, 37.55709989999997], [-1.170470679999988, 37.55219053999998], [-1.17491764, 37.550871499999964], [-1.17077615, 37.54432744000002], [-1.167642640000012, 37.54379215999997], [-1.16647373, 37.542070659999986], [-1.15536692, 37.54037446999999], [-1.15424546, 37.54178990000002], [-1.15218924, 37.54118093000001], [-1.153727090000022, 37.540321789999965], [-1.15236216, 37.53967857], [-1.14726224, 37.54223924], [-1.142905180000011, 37.53902542999997], [-1.137150299999971, 37.54015140000001], [-1.131176839999972, 37.53778583000001], [-1.12295692, 37.53836735], [-1.119297140000019, 37.53402821], [-1.11359143, 37.53500059999999], [-1.111057049999983, 37.53407685], [-1.10675659, 37.53586448], [-1.11703262, 37.54306753999998], [-1.117052900000018, 37.54496046000002], [-1.125595320000026, 37.54734955000003], [-1.12713972000001, 37.55212357999997], [-1.121692989999987, 37.55715601], [-1.122592660000013, 37.55964872000001], [-1.11836731, 37.55975264999997], [-1.119841800000023, 37.562344660000015], [-1.114518389999983, 37.56423341], [-1.10865974, 37.56936676999999], [-1.10167997, 37.56778566000001], [-1.0957881, 37.56884428999999], [-1.09115219000001, 37.57524919000002], [-1.084960249999969, 37.57782547999999], [-1.08271771, 37.57740153], [-1.079434270000013, 37.58179115999998], [-1.076227409999981, 37.58143249], [-1.074016959999975, 37.58415415999996], [-1.07030026, 37.58336343], [-1.070459439999987, 37.58202320999998], [-1.066427179999984, 37.57986634], [-1.059198779999979, 37.58000898999997], [-1.057824649999973, 37.58233856], [-1.055523339999977, 37.58286841], [-1.048710809999974, 37.58181864999999], [-1.045805230000013, 37.57947243000002], [-1.031172719999981, 37.57912097000002], [-1.023018449999974, 37.57317173], [-1.01876394, 37.57434403], [-1.017990849999982, 37.57275391], [-1.01248735, 37.57490534999998], [-1.01214462, 37.581829929999984], [-1.00535853, 37.583634969999984], [-1.008178980000011, 37.58361052999998], [-1.009919969999988, 37.58584788999998], [-0.999669460000026, 37.58421453999998], [-0.99884034, 37.58726461], [-0.993614359999972, 37.58576994], [-0.989653490000012, 37.58145778999999], [-0.986488720000016, 37.58501767999998], [-0.984129870000012, 37.58430148], [-0.989281900000031, 37.58811142], [-0.986667179999974, 37.59058119999997], [-0.989329350000017, 37.596024859999986], [-0.994537409999982, 37.59525738], [-0.99308826, 37.5956563], [-0.994539479999989, 37.60024111], [-0.992274689999975, 37.6014823], [-0.98924114, 37.601403589999975], [-0.991139969999978, 37.600714979999985], [-0.9898689, 37.59743994999999], [-0.98270422, 37.59725453999998], [-0.98402462, 37.59575407000001], [-0.98150891999998, 37.59580117], [-0.981683599999978, 37.59730017000002], [-0.974981840000011, 37.596752719999984], [-0.976039639999987, 37.599095989999974], [-0.973123290000019, 37.59720745000001], [-0.972886850000023, 37.59340028000002], [-0.97559061, 37.589337200000024], [-0.98351451, 37.589058370000025], [-0.975330559999971, 37.58848560000003], [-0.978841, 37.58305743000003], [-0.977414530000012, 37.58095118], [-0.974817660000017, 37.58108687], [-0.975941270000012, 37.577230939999986], [-0.96915212, 37.57538394], [-0.96982059999997, 37.57370116], [-0.966846169999987, 37.57482151], [-0.958395509999974, 37.574125850000016], [-0.957714740000017, 37.57293347999998], [-0.959951889999989, 37.571449129999976], [-0.959015750000025, 37.57007211999997], [-0.955467050000021, 37.57148866999998], [-0.952393970000029, 37.56793869], [-0.951214940000022, 37.56923398999998], [-0.94976459, 37.56762267000003], [-0.9569249, 37.56496212000002], [-0.955520400000021, 37.56622653], [-0.957669550000011, 37.56547068000001], [-0.95845703, 37.5668992], [-0.957771889999982, 37.56545442], [-0.961390099999988, 37.56355234], [-0.967404280000011, 37.56928867999997], [-0.960989590000013, 37.56287853], [-0.962547170000014, 37.56139139], [-0.960413820000022, 37.55866893000001], [-0.95223068, 37.55777922], [-0.943426949999974, 37.55929336999997], [-0.93400679, 37.55893057000002], [-0.93279686, 37.55724214999997], [-0.919247629999974, 37.553939939999985], [-0.91533784, 37.558566219999975], [-0.90701869, 37.56013126], [-0.90412496, 37.56320709], [-0.879312969999972, 37.56985634], [-0.878904849999975, 37.57585998], [-0.87634841, 37.57736406], [-0.871588719999985, 37.57471891999999], [-0.86709262, 37.57951319999997], [-0.85983701, 37.579021359999984], [-0.848981530000016, 37.58204123999999], [-0.84325265, 37.5804407], [-0.844338810000028, 37.57890148999997], [-0.84202554, 37.57862489999999], [-0.842605419999976, 37.577364830000015], [-0.83220201, 37.578453869999976], [-0.82000524, 37.57502098], [-0.81438274999998, 37.57795395999998], [-0.813227269999983, 37.581068660000014], [-0.80327129999997, 37.58655215000002], [-0.797755710000016, 37.585422], [-0.79653988, 37.586715019999964], [-0.788734049999973, 37.58759629999999], [-0.78766162, 37.59130705], [-0.782375569999986, 37.59465026999998], [-0.77653475, 37.59340484], [-0.7705021, 37.597075889999985], [-0.766760750000016, 37.59606789], [-0.760366660000025, 37.59779404999998], [-0.75016222, 37.59778908999997], [-0.74726756, 37.599509139999974], [-0.73184885, 37.60150258999996], [-0.728683960000017, 37.60464080999998], [-0.720929510000024, 37.60560866], [-0.71966103, 37.60745855999997], [-0.717763820000017, 37.60689918999997], [-0.714911819999987, 37.617919139999984], [-0.71155578, 37.61726831999998], [-0.709345649999979, 37.62062273999999], [-0.707774589999985, 37.620502099999975], [-0.708434809999988, 37.621875670000016], [-0.703320630000015, 37.625705179999976], [-0.702763030000012, 37.62983059], [-0.69943105, 37.63132460999997], [-0.6990791, 37.630245379999984], [-0.694264040000016, 37.62986296], [-0.688103109999986, 37.63378847], [-0.689892759999969, 37.63344506], [-0.688594629999972, 37.6358437], [-0.69059368, 37.63642355999998], [-0.691984370000012, 37.63469356], [-0.698884429999984, 37.63288194], [-0.70844533, 37.63997093000001], [-0.719580749999983, 37.65714642999998], [-0.721802139999969, 37.66234392999998], [-0.719440849999979, 37.66393835999997], [-0.724660479999985, 37.66525577], [-0.73145574999997, 37.67848938999999], [-0.74092232999997, 37.70988683], [-0.73824176, 37.734607799999985], [-0.737458200000018, 37.73686363], [-0.72945073, 37.738601990000014], [-0.73351139, 37.7379142], [-0.73443048, 37.73903127], [-0.73432177, 37.74445404999999], [-0.731548550000013, 37.74570734], [-0.728283640000014, 37.74448196000002], [-0.72912646, 37.746237399999984], [-0.733055010000017, 37.74691681999998], [-0.72719315, 37.74674081], [-0.722802409999975, 37.74004165999997], [-0.721418280000011, 37.74003292999997], [-0.72763501, 37.74750629], [-0.72782839000002, 37.75008726999997], [-0.73029136, 37.748224339999965], [-0.735061089999982, 37.74923528999998], [-0.745172159999975, 37.75898136999998], [-0.745739500000026, 37.76907599], [-0.742778740000018, 37.77236248], [-0.74012294, 37.77233857], [-0.744954969999978, 37.77994675999999], [-0.751988589999974, 37.78126180000002], [-0.75347184000002, 37.783272650000015], [-0.757134660000016, 37.7815492], [-0.754436050000017, 37.78067770000002], [-0.75670509, 37.78036050000003], [-0.75528822999998, 37.77953147], [-0.7531192, 37.7806706], [-0.75383658999997, 37.77947674999998], [-0.755284880000021, 37.778891589999986], [-0.75794613, 37.77987048999998], [-0.75371683, 37.77593294], [-0.74998867, 37.78056574999997], [-0.75050193, 37.77749361999998], [-0.753650220000011, 37.775508140000014], [-0.748533250000024, 37.76829139], [-0.7470751, 37.757990499999984], [-0.74217868, 37.75328288], [-0.74218515, 37.752697259999984], [-0.744208379999973, 37.75110497], [-0.74499943, 37.74897541], [-0.74547636, 37.74896652000001], [-0.74494545, 37.74888426000001], [-0.744167930000011, 37.75094199], [-0.742686839999976, 37.75038193999996], [-0.74135351000002, 37.74795032999996], [-0.733543199999986, 37.74653873], [-0.738805839999978, 37.74440502], [-0.736611839999981, 37.74639045999996], [-0.74186818, 37.74744654999998], [-0.739158160000016, 37.74401528000002], [-0.741646140000013, 37.74317989], [-0.74361750999998, 37.74365924], [-0.74202881000002, 37.744403769999984], [-0.74401960999998, 37.74499162], [-0.744837390000017, 37.74758455], [-0.742751229999988, 37.747517539999976], [-0.745623, 37.74824841], [-0.74366701000003, 37.742777069999974], [-0.739010030000021, 37.73732596999997], [-0.740576909999983, 37.73431017], [-0.740024320000026, 37.72673897999995], [-0.744943640000018, 37.709693529999974], [-0.743926510000016, 37.708448500000024], [-0.745736589999975, 37.70598698], [-0.74279132, 37.705489030000024], [-0.741296859999983, 37.70017068000003], [-0.74018729, 37.69189492999997], [-0.74262176, 37.689400360000015], [-0.74045983, 37.68926882], [-0.73855819, 37.686916400000015], [-0.733583639999973, 37.675259169999975], [-0.732954660000027, 37.66836232], [-0.734243350000018, 37.66773826999999], [-0.732640639999977, 37.666761249999986], [-0.734599850000026, 37.665708530000025], [-0.734557219999988, 37.66338275000002], [-0.7299175, 37.66200485], [-0.732962260000019, 37.661036139999965], [-0.73548847, 37.6625806], [-0.7375764, 37.66101664], [-0.740267500000015, 37.66123947000002], [-0.740274350000022, 37.65951841], [-0.7357378, 37.65810667999998], [-0.734328840000019, 37.66082811], [-0.72615048, 37.66026512999996], [-0.72386547, 37.65862600999997], [-0.72286975, 37.65448853999999], [-0.72452648, 37.65145662000001], [-0.72235538, 37.64795429000002], [-0.72245703, 37.65019109999998], [-0.719790080000023, 37.64882387999999], [-0.719919269999977, 37.64756476999997], [-0.722933179999984, 37.64684803], [-0.7242444, 37.63805108999998], [-0.72845967000002, 37.63433853], [-0.73612191000002, 37.63202575], [-0.74511939, 37.63350483], [-0.751421339999982, 37.63758124], [-0.750535389999974, 37.64178174000003], [-0.75855482000001, 37.64191644999999], [-0.760731879999981, 37.644895579999975], [-0.760355570000024, 37.643086120000014], [-0.76112699, 37.64456965999998], [-0.76655351, 37.64539350000002], [-0.768107180000019, 37.64763076], [-0.767777610000019, 37.64652510999997], [-0.7701115, 37.64655124999999], [-0.77392542, 37.64938988], [-0.775735270000028, 37.64836968000003], [-0.786419130000027, 37.65078760999997], [-0.809681069999985, 37.66259477], [-0.82431155000002, 37.67438263000001], [-0.82887808000003, 37.68341539999999], [-0.83466533, 37.68794660000002], [-0.835740419999972, 37.69192245999997], [-0.85643008, 37.71263099], [-0.859568619999977, 37.71709476], [-0.859825370000026, 37.722758739999975], [-0.851420299999971, 37.730941469999976], [-0.851746900000016, 37.73259656000001], [-0.84955825999997, 37.7321601], [-0.85173451999997, 37.732632379999984], [-0.851688840000015, 37.73460508999997], [-0.850196940000012, 37.73636217], [-0.849121329999985, 37.73471142], [-0.84928559, 37.7360932], [-0.84813647, 37.73541436], [-0.84882423999998, 37.73439058999997], [-0.84793976000002, 37.73554594], [-0.84973063999997, 37.736398709999975], [-0.84769073, 37.73865941000002], [-0.848610420000016, 37.742560220000016], [-0.844831289999978, 37.748042259999984], [-0.83941973, 37.75265615], [-0.837840570000019, 37.75114926000002], [-0.837932119999973, 37.75268291000002], [-0.826981290000011, 37.75533799], [-0.82573532, 37.75835188], [-0.8044929, 37.77656644], [-0.79800333, 37.78482598000002], [-0.80044326, 37.78333964], [-0.80130548, 37.7902586], [-0.796984519999977, 37.78701475000001], [-0.801234979999985, 37.79033839], [-0.80311083, 37.79678062999997], [-0.801864299999984, 37.79937069999996], [-0.799639179999971, 37.79895965], [-0.80177871, 37.79957637], [-0.800749619999983, 37.80287339], [-0.79843329, 37.80591203], [-0.797049609999983, 37.8054626], [-0.798398159999983, 37.80594742], [-0.795554039999973, 37.811066799999985], [-0.791473879999983, 37.81343243], [-0.784101730000022, 37.81419501999998], [-0.78538986, 37.8174634], [-0.783541599999977, 37.81924892999997], [-0.775135379999981, 37.81848655], [-0.761722869999969, 37.79956944], [-0.761564959999969, 37.79426767000002], [-0.75655683, 37.79201858], [-0.753503640000026, 37.78822057], [-0.748167479999969, 37.7900651], [-0.75206215, 37.79494267], [-0.758209850000023, 37.81658836], [-0.7581527, 37.8181012], [-0.752887249999988, 37.82054201], [-0.752916689999979, 37.82144371999997], [-0.757530709999985, 37.81913468000001], [-0.75747278, 37.82254892], [-0.755360140000017, 37.82253568], [-0.75504966000002, 37.82116002], [-0.754960020000022, 37.82261816], [-0.75192101, 37.82243398999997], [-0.75062899, 37.82121078], [-0.751689160000022, 37.82296124000003], [-0.75738485, 37.82282659999997], [-0.75986334999998, 37.830650699999964], [-0.76267084, 37.84489717000002], [-0.761221150000017, 37.86538867], [-0.75829801, 37.86619811000001], [-0.757990019999975, 37.86773319999998], [-0.75657632, 37.86712051], [-0.758252129999974, 37.86583677999998], [-0.757265089999971, 37.86502495999997], [-0.755664060000014, 37.86758972999997], [-0.750432230000026, 37.897560829999975], [-0.747519, 37.89911811999998], [-0.749254909999972, 37.89925046999998], [-0.7481184, 37.90034612999998], [-0.747109189999972, 37.89875883000001], [-0.740969369999966, 37.90913026999998], [-0.736212149999982, 37.90885858], [-0.732423089999976, 37.9126154], [-0.73030763, 37.91224117999998], [-0.7287409, 37.91362570999998], [-0.72539834, 37.91210128], [-0.726591089999971, 37.91104298], [-0.719824579999984, 37.91138057999998], [-0.722163529999984, 37.92109502], [-0.717735229999988, 37.93701317000003], [-0.71034837, 37.94186178999998], [-0.70493625, 37.94099933], [-0.70355921, 37.95671502000001], [-0.69674177, 37.96946763999997], [-0.693847049999987, 37.971032899999976], [-0.68851907, 37.966702030000036], [-0.693748990000025, 37.971256259999976], [-0.693407809999973, 37.97270036], [-0.68800657999997, 37.97541475000005], [-0.68738656, 37.97232074], [-0.68673267, 37.97538068], [-0.683177709999977, 37.97512145], [-0.683061589999971, 37.97386593999998], [-0.684895569999965, 37.97366029], [-0.682036440000016, 37.97382592], [-0.683082690000019, 37.974885280000024], [-0.681263610000021, 37.97517383000001], [-0.679493519999985, 37.97282305], [-0.68192039, 37.97311420999997], [-0.67962652, 37.971492019999985], [-0.680445649999982, 37.96897604999997], [-0.687218419999984, 37.964261449999974], [-0.680150139999972, 37.96860076], [-0.678100549999973, 37.97367864999997], [-0.669100799999989, 37.97713209], [-0.66597626, 37.97622307000001], [-0.664044770000018, 37.98041093], [-0.66042483, 37.98326757], [-0.655821179999982, 37.983040720000034], [-0.657095419999974, 37.98449888], [-0.654672219999969, 37.98551388], [-0.655967029999983, 37.98668411], [-0.654164559999987, 37.98929742], [-0.655701249999977, 37.99145469000002], [-0.653359650000012, 37.99275963999999], [-0.654830979999989, 37.99375319], [-0.652535070000017, 37.99790653000002], [-0.64764035, 37.99998937], [-0.647355920000011, 38.00425486999998], [-0.652279860000011, 38.00875966], [-0.652504800000016, 38.01098986], [-0.65276254, 38.02539449], [-0.65013845, 38.02944203999998], [-0.65177566999997, 38.034178460000014], [-0.650698320000013, 38.05433235999997], [-0.643759559999979, 38.10398780000002], [-0.641968840000022, 38.11002520000001], [-0.637379179999969, 38.11195139000002], [-0.64165404, 38.11056904], [-0.640347719999967, 38.11184888], [-0.64154094999997, 38.11258053], [-0.638767509999971, 38.11275425], [-0.64089943, 38.11277907], [-0.641322969999979, 38.11414821999998], [-0.639144839999975, 38.1275937], [-0.632543960000019, 38.14617627], [-0.612860870000027, 38.17522499000002], [-0.596053530000024, 38.18752409999996], [-0.591857230000022, 38.189105079999976], [-0.59061005, 38.18745756], [-0.57905707, 38.19088722999998], [-0.566495880000026, 38.19130324999998], [-0.562673569999973, 38.18643926999999], [-0.56458902999997, 38.190623929999965], [-0.55703418, 38.18984516000002], [-0.563246109999982, 38.18433365999997], [-0.55426367, 38.18939098], [-0.5518063, 38.18913249000004], [-0.551852219999973, 38.187421429999986], [-0.55020364, 38.18926122999998], [-0.54795823, 38.18915125999996], [-0.54804685, 38.1875312], [-0.547867559999977, 38.18913134000003], [-0.54492856, 38.18927713], [-0.544546259999969, 38.18740394000002], [-0.544480979999986, 38.18900646], [-0.541518259999973, 38.1891787], [-0.541237099999985, 38.18769507000001], [-0.54031742, 38.188901239999964], [-0.537858319999989, 38.18700249], [-0.53672887, 38.18867278], [-0.533491129999977, 38.18887507999998], [-0.533424619999969, 38.187801429999986], [-0.5183745, 38.193944659999985], [-0.509723880000023, 38.20253750000001], [-0.50713198, 38.21256516000001], [-0.50744751, 38.21837462], [-0.51420342, 38.23830462], [-0.51874058, 38.26777400999998], [-0.51993147, 38.297569469999985], [-0.51385453, 38.31881338999999], [-0.50901318, 38.328261549999986], [-0.506686980000018, 38.328049880000016], [-0.507254790000017, 38.329488430000026], [-0.50574971, 38.32869669], [-0.50723936, 38.32962043000001], [-0.50582846000001, 38.332401630000014], [-0.497745919999974, 38.33258965999998], [-0.493626769999977, 38.32930292000002], [-0.491912280000017, 38.33059074], [-0.496262089999974, 38.33249488000001], [-0.497088840000015, 38.33472910999997], [-0.492086240000012, 38.33516273], [-0.489631640000016, 38.33237099], [-0.486421689999989, 38.33488813000001], [-0.49008081, 38.33526394], [-0.484948040000012, 38.33582060999997], [-0.482485609999977, 38.33788514999998], [-0.48554437, 38.33776162999999], [-0.487233699999969, 38.339194499999984], [-0.48584281, 38.34103880999998], [-0.480346480000015, 38.34348864999998], [-0.479856630000021, 38.34045964], [-0.48161678, 38.33885761000001], [-0.479144039999986, 38.33989467], [-0.47845230000001, 38.33741094], [-0.489543369999971, 38.32797206], [-0.47745023, 38.33694785], [-0.47851496, 38.341539040000015], [-0.47410417000002, 38.347967489999974], [-0.466088889999978, 38.35076774999998], [-0.46272552, 38.354353119999985], [-0.45104400999998, 38.358550569999984], [-0.44426436, 38.36325034999999], [-0.44253352, 38.3633297], [-0.44015688, 38.36127749999998], [-0.43849659999998, 38.36130427], [-0.440310280000013, 38.360821330000014], [-0.438488020000019, 38.36089862], [-0.437834329999971, 38.36158713], [-0.43430676, 38.36005024], [-0.43702919, 38.35846097000002], [-0.434751509999985, 38.35879853999999], [-0.433776909999986, 38.35593896000002], [-0.435370399999971, 38.35520798999998], [-0.413869430000024, 38.35328456999997], [-0.412285679999971, 38.352132320000024], [-0.403840469999971, 38.35247703999999], [-0.408697779999976, 38.35776548], [-0.40908279, 38.36076539000002], [-0.408645889999988, 38.377812050000024], [-0.405421059999976, 38.39852719], [-0.400361620000022, 38.41221859], [-0.398282620000013, 38.41366809], [-0.39397757, 38.41364438999999], [-0.390652160000013, 38.4163094], [-0.39064317, 38.41910234999999], [-0.388798010000013, 38.419773], [-0.391157209999983, 38.42041128], [-0.389129900000012, 38.42105083999997], [-0.390701970000019, 38.4222392], [-0.3890693, 38.42304974999998], [-0.389152539999987, 38.42741252], [-0.38710574, 38.42953827999998], [-0.384920379999983, 38.42947144999999], [-0.38664837, 38.4314202], [-0.384285930000017, 38.43244864000002], [-0.385453760000017, 38.43119529999997], [-0.383653199999972, 38.43093881], [-0.38422269, 38.42849176999999], [-0.38291539, 38.43233690000001], [-0.38021351, 38.43166375999998], [-0.38290606, 38.433228699999965], [-0.382515229999988, 38.43485079], [-0.37996675, 38.43753284], [-0.37689065999998, 38.43769818000001], [-0.3775204, 38.43960442], [-0.375012819999977, 38.44304412], [-0.364767149999968, 38.44566102], [-0.363953859999981, 38.447859200000025], [-0.362479230000027, 38.44619513], [-0.36067109, 38.44928088000001], [-0.356330060000015, 38.4489306], [-0.3534751, 38.45243407999998], [-0.3430811, 38.45591069], [-0.34178152000001, 38.45822381000002], [-0.318862800000017, 38.47123395000002], [-0.31966681, 38.47242368000002], [-0.318063150000016, 38.47301762], [-0.31821676, 38.47103894], [-0.317172409999982, 38.47447484], [-0.31216843, 38.47743239], [-0.28892304000002, 38.487843049999974], [-0.282369580000011, 38.48805139000004], [-0.279676060000022, 38.49078186], [-0.272583820000014, 38.49158977999998], [-0.267592690000017, 38.49473487999999], [-0.260748009999983, 38.49534965], [-0.250213319999967, 38.49893166], [-0.237719290000011, 38.49975450999997], [-0.23334554, 38.501993729999974], [-0.230467749999982, 38.50139407], [-0.231636029999982, 38.5023227], [-0.230483940000023, 38.50396224999998], [-0.22289888, 38.50829637000002], [-0.215466709999979, 38.50864229], [-0.22016311, 38.505492430000025], [-0.21016379, 38.511155829999986], [-0.197404919999981, 38.51519358999999], [-0.19081868, 38.515882539999986], [-0.187270060000019, 38.5142476], [-0.180669760000017, 38.516764610000024], [-0.179091040000016, 38.51549222], [-0.17203173, 38.51624978999999], [-0.16845803000001, 38.52023572], [-0.167646930000012, 38.52395511000002], [-0.160993050000021, 38.52458666000001], [-0.162072370000016, 38.52718061], [-0.16033924, 38.52954413000002], [-0.149821159999986, 38.53564912], [-0.135964399999972, 38.536229609999985], [-0.13331681, 38.53530884], [-0.134483440000011, 38.533949949999986], [-0.131840660000014, 38.53435366999999], [-0.131455659999969, 38.533073869999974], [-0.125165949999974, 38.53518984], [-0.110833219999982, 38.53390860000002], [-0.107656639999985, 38.53246061999998], [-0.10885338, 38.52864313], [-0.10660425, 38.5289569], [-0.105607690000023, 38.52692310000001], [-0.103910449999981, 38.52806134], [-0.10375767, 38.52672414], [-0.098959529999987, 38.52539793000002], [-0.097557530000014, 38.52347114000001], [-0.086337590000025, 38.53321970999998], [-0.079448720000026, 38.53735438000004], [-0.07557546, 38.53782516999997], [-0.073296879999977, 38.54139896999999], [-0.067533549999989, 38.544335850000024], [-0.064200979999982, 38.55067598], [-0.058748089999979, 38.55188138999998], [-0.056490599999973, 38.55771677], [-0.04958369, 38.5621916], [-0.048554110000012, 38.56379633000001], [-0.050434040000031, 38.56608711], [-0.053967569999978, 38.56526622], [-0.055660449999986, 38.56848918999997], [-0.06133508, 38.569758109999974], [-0.064051029999973, 38.57210573], [-0.06174047, 38.582048180000015], [-0.05815444, 38.587507819999985], [-0.054726669999983, 38.58796209], [-0.054831569999977, 38.589045859999985], [-0.057159280000017, 38.58854589], [-0.054849849999975, 38.59168608], [-0.05341352, 38.59003721], [-0.053854759999979, 38.58570578], [-0.052371699999969, 38.58912802000001], [-0.053882940000023, 38.592031109999965], [-0.03258961, 38.61261051], [-0.031625879999982, 38.616207760000016], [-0.018074949999984, 38.624809], [-0.01842595, 38.62326837], [-0.015884849999983, 38.626663059999984], [-0.00595265, 38.63047219999997], [-0.0003118, 38.62995819000001], [-0.00035947999998, 38.62881524999998], [-0.004706350000026, 38.628683480000014], [0.00019105, 38.62852184], [-3.982e-05, 38.629870129999986], [0.003603669999973, 38.63075855999998], [0.00585595, 38.62831323000002], [0.00586725000003, 38.630231889999976], [0.009175440000017, 38.63051614], [0.010458110000011, 38.63234801], [0.030551160000023, 38.62591874], [0.02938088, 38.62839955999996], [0.03131385, 38.62875486], [0.030773710000032, 38.63147161000002], [0.03520461, 38.63386117000002], [0.03479248, 38.63607009999998], [0.039088369999978, 38.6368864], [0.043476190000031, 38.639871349999986], [0.04472779, 38.638775669999966], [0.045322280000014, 38.64060704999998], [0.05137107, 38.641305129999985], [0.057681170000019, 38.64139244000001], [0.058083079999987, 38.6397693], [0.059248190000026, 38.64150459], [0.067120469999977, 38.64024417000002], [0.069287630000024, 38.63692598999999], [0.06911749, 38.63912867], [0.070841630000011, 38.63915544999998], [0.070935069999969, 38.63623406], [0.0671469, 38.63601821999997], [0.07109743, 38.63546402], [0.071540159999973, 38.63319111000001], [0.08386343, 38.63102872999997], [0.0807764, 38.634839890000016], [0.076036370000034, 38.637072869999976], [0.0757273, 38.64085580000001], [0.073405849999976, 38.64136733], [0.073594139999988, 38.64469571999998], [0.075174889999985, 38.64834784], [0.078952029999979, 38.65123938], [0.077632869999984, 38.65289575000001], [0.080373820000013, 38.65626497], [0.08363398, 38.65914294999997], [0.08508948, 38.65878920999999], [0.088533070000023, 38.66218472], [0.088257010000021, 38.664849669999974], [0.09846124, 38.67284068], [0.111622120000019, 38.67501341], [0.115173840000026, 38.673702570000025], [0.12101345, 38.68192499000001], [0.13066016, 38.68700917], [0.13403398, 38.68688267999998], [0.134635359999979, 38.68538908999998], [0.13908281, 38.68484626999998], [0.134877170000017, 38.68566188], [0.13509777, 38.68676405000002], [0.138065290000012, 38.68707176], [0.13833279, 38.685830360000026], [0.14697714, 38.68715638], [0.147055469999975, 38.68029851999999], [0.148607299999978, 38.67925673000002], [0.15503410000002, 38.686885], [0.155685910000031, 38.69803836000001], [0.158010460000022, 38.69809266], [0.16466304, 38.704002570000014], [0.167496670000027, 38.71062831], [0.17644005, 38.713439409999985], [0.1807092, 38.71688168999997], [0.182411750000015, 38.72078115999998], [0.18414868, 38.71949961], [0.189074120000023, 38.72320296], [0.19923514, 38.72515922], [0.196341360000015, 38.72912123999997], [0.199592849999978, 38.72905020999998], [0.201440900000024, 38.73128778], [0.204453660000031, 38.73127721], [0.20400318, 38.73226252000001], [0.213301079999982, 38.73237635], [0.214800509999973, 38.72785774], [0.21803484000002, 38.730480259999986], [0.22254722, 38.730572], [0.2260567, 38.73265519000003], [0.231500950000026, 38.73172987999999], [0.231376670000021, 38.73662503], [0.23398648, 38.73711130000002], [0.23387938, 38.739834880000025], [0.231687530000026, 38.74020187000002], [0.232872349999979, 38.745556250000014], [0.225705980000024, 38.74479056000002], [0.223788599999983, 38.74972623], [0.223909420000018, 38.752920969999984], [0.225973930000018, 38.754314330000014], [0.2226106, 38.75575854], [0.221658100000025, 38.75785682], [0.22476636000003, 38.76428425], [0.220873049999981, 38.763166580000025], [0.21988465, 38.760121889999986], [0.21618809, 38.76158412], [0.210537669999982, 38.760532510000026], [0.20655136999997, 38.76169611], [0.1978586, 38.77057394], [0.19382902, 38.77284636], [0.192629090000018, 38.77174409000003], [0.190714569999979, 38.77267929000002], [0.191489860000024, 38.77561295999997], [0.183852640000022, 38.7855419], [0.18200474, 38.79342983], [0.183314810000012, 38.795970569999966], [0.18610436000003, 38.79605659999998], [0.18435672, 38.79791504], [0.1860789, 38.79858873], [0.18627391, 38.797538400000015], [0.18650512, 38.79859511], [0.186699720000011, 38.79753578000002], [0.1871169, 38.798632450000014], [0.187313370000025, 38.797356870000016], [0.18853713, 38.79872879000001], [0.18713773, 38.79470412000001], [0.18976108, 38.799587189999976], [0.196767010000029, 38.79973781000002], [0.19905155000003, 38.80165710000002], [0.197001389999986, 38.80446991999999], [0.193884609999982, 38.80479851], [0.189176200000021, 38.80919737], [0.170278430000018, 38.81534273999997], [0.168057250000015, 38.81770929], [0.160804210000016, 38.82060859], [0.15940083, 38.82377261], [0.155624149999975, 38.82535224], [0.155434189999971, 38.82731226], [0.150680689999985, 38.82790016], [0.147536499999986, 38.83156146999997], [0.132725129999978, 38.83417625], [0.132421330000021, 38.83539157], [0.12960809000001, 38.8326924], [0.12514015, 38.83323557], [0.12077291, 38.83635237], [0.122014480000015, 38.83840917000001], [0.120981030000015, 38.84296818999998], [0.12260904000003, 38.84437502000003], [0.11911568, 38.84192801999998], [0.12142151000003, 38.83907366], [0.120364530000029, 38.83675966999996], [0.11934709, 38.838255299999986], [0.117739180000011, 38.83756856999997], [0.11814329, 38.83864782999997], [0.117226180000025, 38.83769039000001], [0.116026930000025, 38.83924489000001], [0.11803544, 38.839344379999986], [0.11504037, 38.839865809999985], [0.109504300000029, 38.845526830000026], [0.111177389999976, 38.84691461], [0.117255609999982, 38.842329079999985], [0.116242469999976, 38.84524793999998], [0.12065061, 38.84463463000004], [0.125800090000022, 38.84859570999998], [0.120074419999985, 38.84489327], [0.11599836, 38.84546166], [0.112077179999981, 38.84773741999999], [0.113594350000031, 38.8500392], [0.109773709999973, 38.84748354999998], [0.104199630000022, 38.84857792000002], [0.08924960000001, 38.85557814999998], [0.078242520000026, 38.85655372999998], [0.05484393, 38.86306946999997], [0.047570420000011, 38.863547980000014], [0.04840911, 38.86240897], [0.046562190000013, 38.86097976000003], [0.034729430000025, 38.85990981999998], [0.020730569999983, 38.86509303000001], [0.015271580000021, 38.86379287999997], [0.00950894, 38.866221], [-0.010449460000017, 38.87032895], [-0.017590410000017, 38.873448739999986], [-0.074186380000015, 38.91419701], [-0.09005724, 38.92768370000001], [-0.0935594, 38.93174390999999], [-0.092604439999974, 38.93309846], [-0.09515527, 38.93254833999998], [-0.091473130000019, 38.93340359000001], [-0.09637208, 38.93320132], [-0.107072039999982, 38.94210672999997], [-0.14836412, 38.98514179000003], [-0.15223056, 38.99090971], [-0.14677902999998, 38.994427299999955], [-0.149438320000011, 38.992888759999985], [-0.151791569999984, 38.99552285999999], [-0.161135539999971, 38.99236659999998], [-0.159286839999979, 38.99458865000001], [-0.152975120000014, 38.996813029999984], [-0.15592557, 38.99665082], [-0.156294260000014, 38.99811027], [-0.144285900000011, 38.99527615000002], [-0.15628056, 38.99845227999998], [-0.19626898, 39.05323207], [-0.213544430000018, 39.085817300000016], [-0.231384849999987, 39.12507898000001], [-0.229805749999976, 39.12488943], [-0.23155596000001, 39.12597608], [-0.230564610000017, 39.12736693], [-0.23231786, 39.127786979999975], [-0.2348424, 39.13244154], [-0.233817820000022, 39.13349829], [-0.23708141, 39.13937755], [-0.23557231, 39.14069309], [-0.238644969999973, 39.14318039999998], [-0.23930211000002, 39.14945722999998], [-0.238220180000012, 39.150791929999976], [-0.235952070000016, 39.15050387999996], [-0.238220369999986, 39.15167482000001], [-0.23337439, 39.15132554], [-0.23892758, 39.151934830000016], [-0.23949327999998, 39.15433563], [-0.240937090000015, 39.16713555], [-0.238679080000012, 39.17603683], [-0.234186200000031, 39.18021836999997], [-0.22955558, 39.17993708], [-0.229011279999986, 39.17817640999996], [-0.228278220000022, 39.18092466999996], [-0.223978600000018, 39.18017356999998], [-0.221602750000026, 39.18142316999999], [-0.22003339, 39.18012445999999], [-0.21628071, 39.18634093999998], [-0.222205449999972, 39.18845542], [-0.25352697, 39.24024265], [-0.272960700000013, 39.275951289999966], [-0.273238070000011, 39.27866041999999], [-0.278519210000013, 39.27847783], [-0.278467120000018, 39.27922434], [-0.27242776, 39.27863241], [-0.27493109, 39.27924063000002], [-0.282334859999974, 39.29100812999998], [-0.30291383, 39.33052223999997], [-0.32521778000002, 39.38681886000002], [-0.333181769999976, 39.41755890000001], [-0.332523040000025, 39.42264253], [-0.335720509999975, 39.4246889], [-0.33522894, 39.42630813], [-0.326562320000014, 39.42573024], [-0.332708599999984, 39.42690779], [-0.332695630000012, 39.42815966], [-0.331539849999973, 39.42679081], [-0.331020229999969, 39.42822919999997], [-0.33096093000003, 39.42674144], [-0.330439240000015, 39.42823384], [-0.330298019999984, 39.42676221], [-0.330252849999988, 39.42824755999998], [-0.33047127, 39.42952278], [-0.33047061000003, 39.42832465], [-0.3312274, 39.42949515], [-0.33275942, 39.428314269999966], [-0.33283594, 39.429352], [-0.330527140000026, 39.42988440000002], [-0.332691, 39.43010538], [-0.332717830000015, 39.43183561], [-0.329885850000029, 39.43055427], [-0.329649280000021, 39.42732381000001], [-0.324243720000023, 39.42621725], [-0.325102540000014, 39.42441736999997], [-0.323407549999981, 39.42590968], [-0.31332832, 39.42280287], [-0.310093169999985, 39.42808780999999], [-0.314469100000013, 39.42334278], [-0.32728467, 39.42749453], [-0.32943271, 39.43207527], [-0.325395199999989, 39.432243409999984], [-0.333406540000017, 39.43509450000002], [-0.334425610000018, 39.43365857], [-0.334153130000022, 39.436535], [-0.33233248, 39.43523192999998], [-0.32980949000002, 39.43984019], [-0.325597860000023, 39.44241856], [-0.32829526, 39.44442527999998], [-0.319987890000031, 39.44176646000002], [-0.316616249999987, 39.44333697], [-0.324989449999978, 39.446170179999974], [-0.32558919, 39.44962542000001], [-0.321339229999983, 39.448338079999985], [-0.32051329, 39.44987753], [-0.32615112, 39.45194466], [-0.322746859999967, 39.45405522000002], [-0.326834289999989, 39.455347749999966], [-0.325787209999971, 39.45750374], [-0.32797295, 39.45595958999998], [-0.329656220000025, 39.45691727999996], [-0.3313472, 39.45980302999999], [-0.3297566, 39.46158618000003], [-0.32514683000001, 39.461479899999986], [-0.324076050000023, 39.46000474999999], [-0.32538199, 39.45807096], [-0.32316821000003, 39.45852435000001], [-0.31484179, 39.44688142], [-0.313750219999982, 39.450793019999956], [-0.30803140000001, 39.450236899999986], [-0.31277266, 39.442977640000024], [-0.31185337, 39.44210954000002], [-0.31337525, 39.44181152999998], [-0.31043682999998, 39.44208568], [-0.30748969, 39.44710721], [-0.303821269999979, 39.44702192], [-0.303087029999981, 39.43384346], [-0.302117330000014, 39.43458658999999], [-0.301966689999982, 39.44931208], [-0.31158894, 39.451094249999976], [-0.32120541, 39.46303750000002], [-0.32321276, 39.50009224], [-0.321922690000021, 39.504314649999976], [-0.320332880000022, 39.504530190000025], [-0.321704639999975, 39.50514744], [-0.319760689999979, 39.507012429999975], [-0.320544539999979, 39.50870618999997], [-0.31839353000002, 39.51020602], [-0.320196759999973, 39.51095093], [-0.317611370000022, 39.50998074000003], [-0.3189206, 39.51283077], [-0.31557991, 39.5240777], [-0.296108949999975, 39.54952636999999], [-0.294554510000017, 39.55030096], [-0.291802409999972, 39.548957520000016], [-0.29362687, 39.551414460000025], [-0.29077479, 39.55204161999998], [-0.291817079999979, 39.55276862999996], [-0.290009460000011, 39.55466336], [-0.28840349, 39.554067309999986], [-0.28805096, 39.556545490000026], [-0.286285740000013, 39.5561529], [-0.28239487, 39.56400755], [-0.283345159999979, 39.55814711], [-0.280334179999975, 39.56759880000001], [-0.278070520000014, 39.56833851], [-0.277769319999972, 39.57068271], [-0.27607994, 39.57042688], [-0.277397560000023, 39.570962269999974], [-0.2749498, 39.57253541], [-0.2750904, 39.57488998], [-0.27310559, 39.575041560000024], [-0.274724569999982, 39.57650295000003], [-0.270836370000011, 39.585113980000024], [-0.27098545, 39.5899191], [-0.26937274, 39.59392606], [-0.266802589999978, 39.593847559999986], [-0.268687720000013, 39.594765770000016], [-0.266534110000017, 39.59534567999999], [-0.268157370000012, 39.59611359], [-0.266585419999987, 39.60351772999997], [-0.261502590000019, 39.61252364], [-0.23821766, 39.63573615000002], [-0.21573188, 39.64735104], [-0.213808300000014, 39.64650311999998], [-0.21355357, 39.64762305], [-0.21935223999998, 39.650347560000014], [-0.21573481, 39.65511631], [-0.209596889999972, 39.65270775999998], [-0.209950569999989, 39.65115782], [-0.21099166, 39.65221880999998], [-0.20814614, 39.64329516], [-0.2088234, 39.64673463], [-0.206012330000024, 39.64854071], [-0.205796379999969, 39.65216588000002], [-0.20966738, 39.65414177999999], [-0.208256589999972, 39.66342247], [-0.20374351, 39.67215095000002], [-0.201617899999985, 39.67282936999998], [-0.201808289999984, 39.673887939999986], [-0.20303066, 39.67306161999998], [-0.202890320000023, 39.67509412], [-0.202297419999974, 39.674188], [-0.201075019999979, 39.6750143], [-0.20079433, 39.6721519], [-0.200901090000024, 39.67556862], [-0.20230228, 39.67637714], [-0.19973818, 39.692512190000016], [-0.190216760000018, 39.71997333], [-0.180211290000013, 39.73622455], [-0.158793409999979, 39.76311359], [-0.156325489999979, 39.76295399], [-0.141366740000023, 39.786529599999966], [-0.13674344, 39.78933408999996], [-0.131054510000015, 39.79697634999996], [-0.12553279, 39.80673931000001], [-0.12411764, 39.80678527], [-0.120916460000023, 39.8146418], [-0.101903189999978, 39.83373298999997], [-0.09785483, 39.841630559999984], [-0.08638471, 39.85642167000002], [-0.07717625, 39.86271134000002], [-0.069021099999987, 39.85850587000002], [-0.075247870000012, 39.861879], [-0.070697849999974, 39.864421329999985], [-0.06857031, 39.86250291000001], [-0.069938609999983, 39.8611143], [-0.066834069999975, 39.86127895], [-0.066989609999989, 39.85735551], [-0.065775759999973, 39.86115307000003], [-0.062412889999984, 39.860797619999985], [-0.064870439999988, 39.86237321000002], [-0.062089640000024, 39.8680947], [-0.06068164, 39.86931106000002], [-0.057871219999981, 39.86832994], [-0.060216850000016, 39.86924521999998], [-0.05794444000001, 39.873177960000014], [-0.05643129, 39.87384213], [-0.05432235, 39.87231125999999], [-0.055922069999969, 39.87372110000003], [-0.05255669, 39.878049310000016], [-0.030786570000018, 39.896742899999985], [-0.01292888, 39.90669663999996], [-0.005155670000028, 39.91517022999998], [-0.0002518, 39.932635210000015], [0.001590350000025, 39.933019829999985], [0.00247561000001, 39.947373], [0.008435149999983, 39.965845839999986], [0.011154770000029, 39.96806303000002], [0.017220240000017, 39.96569823], [0.024336260000023, 39.96805262999999], [0.017727370000027, 39.96631554000001], [0.012553250000016, 39.96791855], [0.01396201, 39.96987253], [0.019554849999988, 39.967673050000016], [0.014730590000024, 39.9703119], [0.01688603999998, 39.970075589999986], [0.01463066, 39.97070183], [0.017639009999986, 39.97441559], [0.020639739999975, 39.97316634000001], [0.020102829999975, 39.96974849], [0.02398621, 39.97152966999999], [0.028435519999988, 39.96835979], [0.02350741, 39.9728843], [0.027266539999989, 39.98934180000001], [0.03528652, 40.010443489999986], [0.038627349999981, 40.0155081], [0.04155026, 40.01669232], [0.042706739999981, 40.02188623999997], [0.044628, 40.02188071000003], [0.04335291999998, 40.02376981], [0.044947470000022, 40.026952520000016], [0.04650093, 40.02657833], [0.045550870000025, 40.0291885], [0.048468220000034, 40.03391259999998], [0.050127829999984, 40.03407601], [0.0494999, 40.03523651999998], [0.05465131, 40.03932503999999], [0.062635529999973, 40.04227544999998], [0.062570040000011, 40.043691349999975], [0.064336499999988, 40.04309509999999], [0.065590620000018, 40.04571002999999], [0.06743502, 40.04502159], [0.06958383, 40.04667596999999], [0.07255735, 40.04659699000001], [0.07265001, 40.04917965], [0.07481599, 40.050428130000014], [0.07615575, 40.04946474], [0.075804, 40.05154579], [0.078430899999976, 40.05131375000003], [0.07753324, 40.05246357], [0.080056780000018, 40.05409875999998], [0.08161011, 40.05319266000002], [0.08161863, 40.05520108], [0.08405012, 40.05453275], [0.082901369999975, 40.05557222], [0.084573129999984, 40.05677065], [0.093630849999977, 40.05539369999997], [0.096291580000012, 40.05668258999999], [0.09751831, 40.05529862], [0.101236230000016, 40.05689235000001], [0.10644594000003, 40.05674348000003], [0.11427755, 40.06139678000002], [0.120658400000019, 40.06224256], [0.132043449999981, 40.07174374], [0.1340876, 40.07464276000001], [0.133486580000031, 40.07738828], [0.13514503000001, 40.077244239999985], [0.13484348, 40.07373954], [0.13542362, 40.077182640000025], [0.13482962, 40.07803643], [0.138098319999984, 40.08180291], [0.142481280000021, 40.083016939999986], [0.143986739999979, 40.081075449999986], [0.147554259999988, 40.08291495999999], [0.148793120000023, 40.086385079999985], [0.146656440000018, 40.087353], [0.147620900000012, 40.09402821000002], [0.1581029, 40.11854873999998], [0.17230238, 40.14434448999998], [0.190507260000022, 40.17043323], [0.202239900000013, 40.18172824999996], [0.20998698, 40.184143589999984], [0.220075249999978, 40.19134812999998], [0.22200082999997, 40.19059195], [0.222481229999979, 40.192551139999985], [0.22528908, 40.19281514], [0.225400420000011, 40.19466751], [0.227775419999986, 40.19471834999998], [0.231034089999976, 40.19804107], [0.254793609999986, 40.20313943], [0.26400468, 40.20855428000002], [0.27836274, 40.244149089999986], [0.287540729999989, 40.24848196], [0.287811870000012, 40.25116733000002], [0.289188700000028, 40.25047065000001], [0.28797282000002, 40.24793826], [0.289502160000012, 40.25038967000001], [0.287308990000026, 40.25267678999998], [0.2960181, 40.25845439], [0.30409521000003, 40.25967387], [0.31057018999997, 40.26853149999999], [0.31772923, 40.27090219], [0.32979317, 40.27950821], [0.333688109999974, 40.28457492000002], [0.335274570000013, 40.29171665000001], [0.346677489999982, 40.296106660000014], [0.350310599999989, 40.29964017], [0.354005840000022, 40.312259619999985], [0.36288251, 40.319945630000014], [0.36626694999998, 40.32600771], [0.37402227, 40.33002368], [0.37605178, 40.33343199], [0.38639319000002, 40.34017261000001], [0.392314709999983, 40.35192376999996], [0.40005148, 40.35547912], [0.40005878, 40.35796475], [0.403357720000019, 40.35777754000003], [0.40352756, 40.35553888000001], [0.40491762000002, 40.35742534], [0.40637795, 40.35626546000001], [0.402225719999978, 40.353298530000025], [0.408445770000012, 40.35734831000001], [0.407963729999989, 40.3601636], [0.405808139999983, 40.3594436], [0.404019919999973, 40.36064015999999], [0.40403028, 40.365287299999984], [0.40993389, 40.38473865], [0.417826850000031, 40.40059116], [0.43000215, 40.41136229], [0.434055509999988, 40.41252072999998], [0.431394789999987, 40.41349149000001], [0.434322070000023, 40.41636761], [0.436018959999974, 40.41613699], [0.435303070000024, 40.40948443000001], [0.438679820000024, 40.42348818], [0.44589013999998, 40.43635967], [0.45590717, 40.44482354999998], [0.466397540000027, 40.46014431], [0.470819569999975, 40.46335282999997], [0.475621769999986, 40.46135298999998], [0.471859720000019, 40.46294328], [0.475187960000035, 40.46642770000001], [0.47760948000001, 40.46399506], [0.475953780000031, 40.46321634], [0.47783582, 40.46358295000001], [0.47812214, 40.46227739000003], [0.475973370000021, 40.45719940999997], [0.47779789, 40.4587386], [0.47868975, 40.462080149999984], [0.47713607, 40.46738676], [0.481940619999988, 40.47341136], [0.483733360000028, 40.47318614000002], [0.48850947, 40.48478632], [0.491363660000031, 40.48864483], [0.49460751, 40.4900057], [0.49891466, 40.49797197], [0.505595800000015, 40.50460496], [0.505044800000025, 40.506936300000014], [0.50845243000002, 40.51231752999998], [0.513138569999987, 40.51595756000001], [0.514946320000029, 40.52525093000001], [0.52195768, 40.53877151], [0.522157159999981, 40.54234987000001], [0.52996062, 40.55088332000003], [0.534167749999983, 40.551853239999986], [0.530299740000028, 40.55149435999998], [0.531880099999982, 40.55303105999999], [0.53234386, 40.551747], [0.538243289999974, 40.56756998], [0.541455339999988, 40.56957884], [0.543108070000013, 40.568447359999986], [0.54186961, 40.57004344000001], [0.547243909999984, 40.57295837], [0.55113887000002, 40.569785479999986], [0.55636234, 40.571407759999985], [0.5513031, 40.56998756], [0.54979134, 40.57177226], [0.552152550000032, 40.57287037000002], [0.549512250000027, 40.57207805], [0.54790017000003, 40.57442419], [0.576145399999975, 40.598660840000015], [0.580416900000015, 40.60408505999998], [0.586039170000024, 40.60713456000002], [0.590445489999976, 40.61284235999999], [0.595880870000029, 40.61370869000001], [0.604590959999974, 40.60910486], [0.595455299999981, 40.61458653000001], [0.596619240000015, 40.61623433], [0.59327881, 40.61631147], [0.598515689999976, 40.61897597999997], [0.600015139999976, 40.61784847000001], [0.59855064, 40.61522844000002], [0.59992694, 40.61752700999999], [0.601680769999986, 40.61607631999998], [0.599044959999973, 40.61387112999997], [0.602416620000022, 40.61613437999997], [0.608523279999978, 40.61651077999996], [0.60590598000001, 40.6166287], [0.603239609999988, 40.618909500000015], [0.60414269, 40.61658477], [0.602666619999978, 40.61638774], [0.598299120000011, 40.61978427], [0.60084211000003, 40.62047937999998], [0.602899190000014, 40.6191723], [0.601470369999972, 40.62051379], [0.600292189999985, 40.62080275000001], [0.601875349999988, 40.622329330000014], [0.607573300000021, 40.62300674], [0.608291650000021, 40.61725650999998], [0.60842367, 40.62321428000001], [0.626515970000022, 40.62184505999998], [0.640810149999974, 40.62388915999998], [0.643726239999978, 40.62295949], [0.649293019999984, 40.62512493], [0.65173558, 40.62418302], [0.651019149999976, 40.62513330999999], [0.65399832, 40.62665997], [0.66320928, 40.62650272], [0.665123329999973, 40.62756761], [0.668000680000025, 40.625287679999985], [0.665736430000013, 40.627755249999986], [0.667294590000027, 40.6287954], [0.683572780000015, 40.63419319000002], [0.683187529999976, 40.636213789999964], [0.685247630000018, 40.63455393000002], [0.69271978, 40.63628705999999], [0.692774469999972, 40.63941932], [0.69449635, 40.63634721000002], [0.70042484, 40.637949200000016], [0.708108620000029, 40.63623432999997], [0.713877110000019, 40.63899349], [0.721367040000011, 40.63847274], [0.72627971, 40.63986301], [0.73270682, 40.63830418999997], [0.73358824, 40.64075222], [0.733572719999982, 40.63962701000001], [0.738738709999979, 40.63835184999998], [0.738680919999977, 40.636894800000015], [0.73979699, 40.63803834000003], [0.745177309999988, 40.63616157000001], [0.73526312, 40.62077727], [0.70868187, 40.59088971], [0.691607410000026, 40.58888903], [0.683498080000027, 40.5890043], [0.67371224, 40.59323408999999], [0.66032524, 40.59147144], [0.65429681, 40.58555664999999], [0.657040819999981, 40.57825589999999], [0.654440479999985, 40.58104011999998], [0.653242120000016, 40.58137529000001], [0.65386568, 40.57786123000001], [0.652504340000018, 40.580408009999985], [0.64959616000002, 40.58101344], [0.652903139999987, 40.575802349999975], [0.650374119999977, 40.57555822999997], [0.648944179999979, 40.57293771999998], [0.634146919999975, 40.57644902000002], [0.63037462, 40.5787653], [0.632738650000012, 40.58206809], [0.629668090000028, 40.58164242999998], [0.617869910000026, 40.58584074999998], [0.6152722, 40.57906864999999], [0.618350799999987, 40.571983430000024], [0.616153309999982, 40.57613209], [0.61209703000002, 40.57516047999999], [0.61142994, 40.57812634000001], [0.607959740000012, 40.57597445000003], [0.606861159999987, 40.57772896999998], [0.601762210000033, 40.575375659999985], [0.594986479999989, 40.57809076000002], [0.59668112, 40.56938311000001], [0.60257738, 40.56174207], [0.617954469999986, 40.55346148000001], [0.62978109, 40.55251350000002], [0.646162410000013, 40.554131199999986], [0.658980189999988, 40.55664315], [0.67434672999998, 40.56190934], [0.691043860000026, 40.571354619999966], [0.70535417, 40.58347683], [0.747593799999973, 40.63266085], [0.757675429999979, 40.64105014000002], [0.77225624, 40.64866096000002], [0.844803469999976, 40.67809846999999], [0.86357032, 40.689862890000015], [0.87043356000002, 40.69662107], [0.880600860000029, 40.71846014000001], [0.878574389999986, 40.72656137000002], [0.872384110000025, 40.73473051], [0.872099620000025, 40.73146201], [0.86271176, 40.73289373], [0.85917874, 40.73505637], [0.85485615, 40.73298564], [0.84123199000001, 40.73055869999996], [0.83086571, 40.73298321999998], [0.823470659999982, 40.738217929999976], [0.79895158, 40.76211939999998], [0.778285140000013, 40.78552027000001], [0.76587187, 40.792284729999984], [0.747364119999983, 40.79356375], [0.730246349999974, 40.78921131000002], [0.734736899999979, 40.78878663], [0.73415644, 40.785410339999984], [0.73220137000002, 40.78646432000002], [0.73415835, 40.784599780000015], [0.737343620000029, 40.78562218], [0.745185680000024, 40.784755099999984], [0.7447235, 40.78138403000002], [0.759944540000013, 40.78091523000003], [0.77354531, 40.77757065], [0.78149571, 40.77321235], [0.780552320000027, 40.768281230000014], [0.77682784, 40.76881766999997], [0.77739694, 40.76757424], [0.77467011, 40.76627677], [0.772750160000017, 40.768347930000026], [0.77409213, 40.76569233], [0.77246234, 40.76535847999999], [0.770594329999989, 40.76730182], [0.77114178, 40.76358259], [0.76741326999998, 40.76509146], [0.767268730000025, 40.76358323999998], [0.76270385, 40.76203039000002], [0.755690099999976, 40.76304276000001], [0.7546886, 40.76460637000002], [0.754123310000016, 40.76319289], [0.750498209999987, 40.76359914999998], [0.75020984, 40.76478828], [0.73990637000001, 40.76628496], [0.739740070000023, 40.76754214999997], [0.737826789999985, 40.766586599999975], [0.738099730000012, 40.76807269000001], [0.73543009, 40.76778105000001], [0.73675116, 40.76683762999998], [0.729013520000024, 40.7701683], [0.72176254, 40.77861596000001], [0.718417860000015, 40.77918325999998], [0.70813108, 40.7863501], [0.71027119, 40.785632790000015], [0.701733630000012, 40.79701139], [0.699722130000014, 40.80452366999999], [0.70387336, 40.80585814000002], [0.702786809999989, 40.80635236999996], [0.706523269999974, 40.810023539999975], [0.70957815, 40.80933083], [0.707982540000016, 40.81004862], [0.709662879999984, 40.80978737999999], [0.70870565, 40.81047561999997], [0.709939220000024, 40.81006666], [0.708902980000013, 40.81061335000001], [0.711443900000025, 40.812179530000016], [0.71054515000001, 40.80754358999998], [0.71442212, 40.81265989], [0.7193931, 40.81358916], [0.72493497, 40.81730048], [0.731983449999985, 40.818486190000016], [0.735252740000024, 40.82392764], [0.741336, 40.82332494999997], [0.741254139999986, 40.82502965999998], [0.74353745000002, 40.82557686000001], [0.742084950000015, 40.82567809], [0.74313107, 40.82720205], [0.74163124, 40.828358469999976], [0.74273945, 40.833509679999985], [0.74510484, 40.838872239999986], [0.749349589999973, 40.84096754], [0.74934221, 40.84377755999998], [0.756522390000028, 40.84744304000003], [0.762611379999983, 40.84648779000001], [0.76374071, 40.85071957], [0.769867369999985, 40.857732709999986], [0.781881220000012, 40.86040973], [0.782913849999977, 40.86229401999997], [0.792109279999978, 40.86648539], [0.79245013000001, 40.87078785999998], [0.793682319999982, 40.86868497999998], [0.79539609, 40.86981725000002], [0.795085870000031, 40.87434828999997], [0.797093849999976, 40.874399169999975], [0.796006889999983, 40.87613707000003], [0.80217941, 40.879292509999985], [0.800388059999979, 40.87909048999998], [0.80317591000002, 40.88156504000003], [0.801381909999973, 40.88131809], [0.801969, 40.88286568], [0.804722349999971, 40.88308092000002], [0.80291561, 40.87744007], [0.80560252999998, 40.88456478], [0.80811518, 40.88616575], [0.806949420000017, 40.88694276000001], [0.81418331, 40.89201677], [0.816886010000023, 40.89196325], [0.816441960000033, 40.89331983], [0.825050709999985, 40.90141866], [0.824157550000033, 40.90260106], [0.82674404, 40.90319958999998], [0.826838090000013, 40.90832075], [0.82999425, 40.90932353999998], [0.829712719999983, 40.91081885], [0.833773559999986, 40.91165636], [0.832338119999988, 40.91310904], [0.835775819999977, 40.91486777999996], [0.833604050000023, 40.91611085], [0.836369299999983, 40.91486603000001], [0.835980910000026, 40.91410446999997], [0.83666291, 40.91481122], [0.836614060000029, 40.91745153], [0.837548590000017, 40.918212889999985], [0.83701004, 40.91875317000003], [0.84138163, 40.9218675], [0.84328864, 40.92138060000002], [0.851508810000017, 40.92961634], [0.85078551, 40.92616433999998], [0.852709070000025, 40.92922496999996], [0.851964249999988, 40.931321199999985], [0.8578826, 40.93527466999998], [0.858827320000031, 40.94170008], [0.862229149999984, 40.94707945], [0.875425559999979, 40.95195831], [0.87975556, 40.95611713999999], [0.88075211, 40.95973982], [0.88584631, 40.96192742999996], [0.898650019999987, 40.97557918], [0.904256320000031, 40.977352359999976], [0.91492241, 40.98710325], [0.92098774, 40.98897703999999], [0.923677109999988, 40.98763362], [0.922329599999982, 40.98635574999998], [0.92618201000001, 40.98918720000002], [0.927979959999979, 40.988045169999985], [0.927315159999983, 40.989256590000025], [0.929311019999976, 40.990043950000015], [0.930360860000024, 40.988513179999984], [0.92695146, 40.986936589999985], [0.93084882999998, 40.988325409999966], [0.929888440000012, 40.989961189999974], [0.932813210000011, 40.99197751999998], [0.937794159999984, 41.00276666999998], [0.94363064, 41.00874432000001], [0.964039870000021, 41.02653943], [0.971190850000023, 41.02957961999998], [0.98815597000001, 41.04132060000001], [0.992553070000023, 41.042833979999976], [1.00388136, 41.04311553999999], [1.015050589999979, 41.05074968999999], [1.022897860000027, 41.05166411999998], [1.026441459999988, 41.05456581], [1.02998847, 41.054792770000034], [1.030077650000013, 41.05644657000002], [1.035005890000023, 41.05688610000003], [1.03500912999998, 41.05829977999997], [1.039306280000017, 41.05795081], [1.040270220000015, 41.06028528], [1.04446743999997, 41.060633019999976], [1.0441755, 41.061885979999985], [1.048802140000015, 41.0628308], [1.049142809999983, 41.06411553], [1.052601750000011, 41.06464204999998], [1.052489340000031, 41.06339431999998], [1.057689880000035, 41.06399437], [1.061858080000019, 41.06251448], [1.058937890000012, 41.06455367], [1.0645878, 41.06529964000002], [1.06204444, 41.06090500999998], [1.065240909999973, 41.064700230000014], [1.07148084, 41.06613640000001], [1.083022470000029, 41.063647039999985], [1.083639929999978, 41.06170705000002], [1.08350865, 41.06362077], [1.095289290000024, 41.06805551999999], [1.125091709999985, 41.07484253000002], [1.13152016000001, 41.07431455999996], [1.13037336, 41.072914969999985], [1.14344898, 41.07194023000001], [1.14893325, 41.06757317999998], [1.147567450000016, 41.0653442], [1.153394439999978, 41.065485069999966], [1.15818777000002, 41.06376299], [1.15821794, 41.06160071999998], [1.16100443, 41.060698479999985], [1.162005550000013, 41.05846504999999], [1.160548470000023, 41.05592436000001], [1.16713432000003, 41.05641529], [1.17034066, 41.05463313999998], [1.181618900000015, 41.0643991], [1.178633860000017, 41.06817261], [1.186389320000021, 41.08124472999998], [1.190812899999983, 41.08586516000001], [1.19228044000003, 41.08536141000003], [1.19127907000001, 41.08701879000002], [1.197444580000029, 41.0909451], [1.196770629999973, 41.09250952999998], [1.19995518, 41.09540984999999], [1.20636413000003, 41.099398810000025], [1.208848820000025, 41.096741499999965], [1.21149389, 41.09845460999997], [1.20884, 41.09697594999999], [1.207562260000011, 41.100264449999976], [1.215042220000021, 41.10423173000002], [1.221011929999979, 41.10505726], [1.213056980000018, 41.0994419], [1.221929580000024, 41.105257690000016], [1.22384536, 41.10487215999996], [1.22195283, 41.101537859999986], [1.224038940000035, 41.1017674], [1.22492927000002, 41.09913229999998], [1.227586849999981, 41.09917868999998], [1.225965720000013, 41.10526249], [1.22854098, 41.10532088], [1.230041300000019, 41.10088035999998], [1.237257350000022, 41.10368526000003], [1.2367278, 41.10673938], [1.241418439999976, 41.10526073999998], [1.239104850000027, 41.108524749999965], [1.241520609999979, 41.10813849], [1.24179087, 41.10919108000002], [1.242374619999989, 41.10808897000002], [1.24255653, 41.109432970000015], [1.24316171, 41.10829404], [1.24287172, 41.10988957999998], [1.243786290000023, 41.10874824], [1.243968810000031, 41.10973203], [1.249113159999975, 41.10864153], [1.247604270000023, 41.105923830000016], [1.24473036, 41.10658827000003], [1.245047210000015, 41.104118270000015], [1.23273367, 41.09943055], [1.23381718, 41.098139], [1.23207681, 41.09587984000002], [1.230462, 41.09483168], [1.22904629, 41.09595533000002], [1.223524280000025, 41.090593359999964], [1.226592779999974, 41.08851755], [1.220765099999984, 41.083571880000015], [1.22637821000002, 41.08739984000001], [1.235170010000012, 41.09899865], [1.244831080000018, 41.10187507000003], [1.24993931, 41.10816075000001], [1.25557827000003, 41.11195927], [1.263948, 41.11434155000001], [1.266178889999979, 41.11220570999998], [1.268565489999973, 41.11375597999998], [1.27042921, 41.11311945999997], [1.27510542, 41.116187359999984], [1.274381189999989, 41.11750197], [1.276479379999974, 41.119188860000015], [1.282146780000027, 41.12009447], [1.284868540000021, 41.12275748999997], [1.28879715, 41.12310625000002], [1.297926099999976, 41.12777189999998], [1.322120519999979, 41.12951211999999], [1.32486355, 41.12776111], [1.32779749, 41.12873124999997], [1.338659079999974, 41.12783559], [1.34389087000001, 41.12482857999998], [1.347019730000018, 41.12766383], [1.3526041, 41.12711035], [1.378859980000022, 41.13403721000001], [1.38411113, 41.1343773], [1.385905090000028, 41.13252595000003], [1.394896120000011, 41.13162422000002], [1.40965437, 41.141954380000016], [1.4641955, 41.165249960000025], [1.479221640000018, 41.16840201000002], [1.48043257, 41.16746335], [1.48693983, 41.17096430999999], [1.51333021, 41.17798974999998], [1.526091130000011, 41.17846027999999], [1.53971426, 41.182776149999974], [1.588718179999979, 41.18848333], [1.59956206999998, 41.18912133000003], [1.60706405, 41.18765936], [1.61591343, 41.190950940000015], [1.62042966, 41.19008518], [1.627890520000029, 41.19209903], [1.63029074, 41.19114698], [1.631312679999986, 41.192789550000015], [1.63720384, 41.192488979999986], [1.637808309999977, 41.193788170000026], [1.64032919, 41.19285806], [1.641091620000019, 41.19436693999999], [1.64423354, 41.19328560999998], [1.645236299999974, 41.19532499000001], [1.647638880000029, 41.19491271999998], [1.64745468, 41.19365962], [1.64893916, 41.196102670000016], [1.654567900000011, 41.19697345999998], [1.653214160000029, 41.19419201999999], [1.64723715, 41.19277703], [1.65676211, 41.19379629], [1.65748433, 41.196747330000015], [1.673141949999985, 41.19783184999996], [1.67919401000003, 41.199449549999976], [1.690334779999986, 41.20570356], [1.69868395, 41.208081880000016], [1.707417180000013, 41.20749954999999], [1.715501040000017, 41.21148107000002], [1.71780654000002, 41.21104432000002], [1.717665260000028, 41.209744569999984], [1.71982138, 41.21021430000001], [1.71860056, 41.21048050999999], [1.72001299, 41.21188113999999], [1.726515719999988, 41.21210915999998], [1.728321240000027, 41.21118854], [1.72766493, 41.20969389], [1.729174310000021, 41.20797509999998], [1.728026959999984, 41.20958896], [1.731176070000024, 41.210269740000015], [1.729393359999986, 41.21001895999998], [1.728200289999976, 41.213147349999964], [1.730868410000019, 41.21410001999999], [1.728210339999984, 41.214938699999976], [1.733250210000011, 41.21537955], [1.733970599999983, 41.21346809], [1.73375796, 41.21547569], [1.735687619999989, 41.21610751], [1.73668435, 41.21340130999997], [1.734181749999977, 41.21259501999999], [1.736793700000029, 41.213099679999985], [1.737434, 41.21123651], [1.734198140000029, 41.21117175], [1.732189780000012, 41.207301759999986], [1.73452578, 41.21009579999998], [1.737952920000024, 41.210827959999975], [1.737029139999984, 41.213882309999974], [1.742644969999976, 41.21816165], [1.75006961, 41.21777403000002], [1.753704129999984, 41.21971265], [1.761815630000024, 41.21860254], [1.777567809999978, 41.22367496999998], [1.788575410000017, 41.223684919999975], [1.790351969999988, 41.22694219000001], [1.791375400000019, 41.22626026], [1.792889019999981, 41.22852906], [1.79550869, 41.22847376999999], [1.796598570000021, 41.23032803000002], [1.79900499, 41.2301285], [1.798918779999988, 41.23123054000001], [1.801996, 41.23237147], [1.80293618, 41.23153086], [1.80786938000001, 41.23423268], [1.80993847, 41.23301163], [1.815215550000012, 41.23600484999998], [1.820652820000016, 41.235659720000015], [1.821420960000016, 41.23313348999998], [1.82510291000003, 41.23341103999998], [1.821708310000027, 41.23347257], [1.821668069999985, 41.23454567999996], [1.826499419999978, 41.23423470999999], [1.824035329999986, 41.23203332], [1.826957689999975, 41.23300897], [1.82890756, 41.23664546999998], [1.85359613, 41.234380290000026], [1.860373960000034, 41.236353520000016], [1.86292862, 41.23959466999998], [1.866573380000021, 41.23904412999999], [1.86578084, 41.23656574], [1.870308840000029, 41.24291932999998], [1.894976, 41.24976644999998], [1.899985320000022, 41.24927368], [1.898365929999983, 41.25027013], [1.900999, 41.25197645999998], [1.900055839999978, 41.24862243], [1.90344865, 41.253780589999984], [1.919914959999972, 41.25873031], [1.923379030000025, 41.25735736], [1.92290585999997, 41.25931337], [1.92563013, 41.25889041], [1.92497834, 41.25989974], [1.928224369999973, 41.26085887], [1.928770269999982, 41.25939489999998], [1.92393015, 41.25659545000001], [1.934794610000015, 41.26238635], [1.948886429999975, 41.26396765], [1.997152539999985, 41.26413691999998], [2.023355779999977, 41.266162530000024], [2.0745183, 41.27640819000001], [2.099409639999989, 41.28446089], [2.116111460000029, 41.290596], [2.12733319, 41.297900870000014], [2.137479140000015, 41.30652219], [2.14748378, 41.31997449999997], [2.15259595, 41.32255411], [2.16017204, 41.34192144], [2.166177469999979, 41.34127326999997], [2.16048117, 41.343411060000015], [2.161034989999981, 41.342107740000024], [2.15852002, 41.34248184000001], [2.15942418000002, 41.34318847], [2.156286890000014, 41.34188890999997], [2.1487825, 41.3299185], [2.14592519, 41.33079387], [2.1472764, 41.33368627], [2.144363070000029, 41.334762199999986], [2.145395929999978, 41.336345459999976], [2.149540209999981, 41.336636779999985], [2.15090072, 41.34644313000002], [2.1526234, 41.34632082000002], [2.153993349999974, 41.34309926000001], [2.16142694, 41.34735691], [2.16020673, 41.350805909999984], [2.162492640000012, 41.35190956], [2.16597134, 41.35072674999998], [2.166999069999986, 41.35208497999997], [2.16517791, 41.35307623], [2.167422109999988, 41.35485688999998], [2.170657460000019, 41.35286560999999], [2.17304856000003, 41.35649417000002], [2.169943590000031, 41.358623689999966], [2.170917200000023, 41.36020040000001], [2.175318750000013, 41.35859761000001], [2.17667465, 41.36047214], [2.172234659999987, 41.36219375], [2.17486632, 41.36568539], [2.179561519999973, 41.36401518000001], [2.18073953, 41.36575363], [2.176025920000015, 41.36734369000002], [2.176774549999987, 41.37254971000002], [2.182084429999986, 41.37033850000002], [2.18292395, 41.37187614], [2.17803794999998, 41.3741583], [2.18228683, 41.37948545], [2.18315892999997, 41.37752844], [2.181458289999982, 41.37508435], [2.183280220000016, 41.37439891], [2.184977090000019, 41.37664507], [2.184666289999976, 41.380845509999986], [2.187340270000019, 41.37750163999997], [2.18486916, 41.37258958000002], [2.187858439999981, 41.37470529999998], [2.1861115, 41.37228138000001], [2.187193529999983, 41.37161129], [2.18559846, 41.37169235], [2.18706322000001, 41.37072588], [2.18445830000003, 41.37058245], [2.185125420000026, 41.36800445999998], [2.18713298, 41.37010152000003], [2.186642509999988, 41.36694559999999], [2.182370229999982, 41.364770729999975], [2.17484890999997, 41.35313593], [2.17207271, 41.33788380999997], [2.170024859999989, 41.33812009000002], [2.172023469999978, 41.33771497], [2.17180704, 41.33498779], [2.17607677, 41.35219827999998], [2.183317649999974, 41.36361158], [2.18704758, 41.36572990000002], [2.18853412, 41.36968708000001], [2.190465649999988, 41.369329690000015], [2.188799980000031, 41.37077344], [2.19351488, 41.37953625999998], [2.196732220000026, 41.38030898000002], [2.19540649, 41.38107122000001], [2.197229049999976, 41.38114177999997], [2.196361540000022, 41.38389996], [2.199888200000016, 41.38509973000002], [2.198309899999976, 41.38689077999997], [2.200478379999987, 41.38829607], [2.20199135, 41.38718317999999], [2.200865460000014, 41.38536157], [2.202429350000016, 41.386830220000014], [2.202813530000022, 41.386551720000014], [2.199735610000014, 41.38363915], [2.201926689999984, 41.38517844], [2.203669260000015, 41.38738623], [2.201545279999983, 41.38967920000002], [2.20494842, 41.39097442], [2.20606426000003, 41.38923125999999], [2.207285170000031, 41.39418148], [2.210230469999974, 41.39557829000002], [2.21167410000001, 41.39449541], [2.210598500000013, 41.39599372], [2.212238469999987, 41.39497393999998], [2.211304939999977, 41.396006649999975], [2.213669320000025, 41.39910429], [2.21563354, 41.39899701999999], [2.216042659999976, 41.40201239999996], [2.21758484, 41.40349979], [2.218633099999984, 41.40270487999998], [2.218063869999982, 41.40365807], [2.22874901, 41.41311984], [2.247783309999974, 41.44254535999997], [2.266465199999978, 41.45913673999998], [2.27702062, 41.46458452], [2.279823470000017, 41.46446456000002], [2.282975739999985, 41.46702025999997], [2.30822923, 41.476225579999976], [2.31411433000002, 41.47602511], [2.313078729999984, 41.47697335], [2.315162520000023, 41.47639967], [2.31664124999998, 41.47764554000002], [2.316271739999981, 41.47620422], [2.313033100000011, 41.47524695], [2.315128659999977, 41.47540193999998], [2.322958, 41.47949525], [2.348110710000032, 41.48546449999998], [2.350295709999989, 41.48495749000001], [2.350839840000025, 41.48618348], [2.368490130000023, 41.49142659000001], [2.365878070000028, 41.48952320999997], [2.369043540000018, 41.49044640999998], [2.39948077, 41.503979569999984], [2.43953843, 41.528364230000015], [2.44222971, 41.52802943], [2.442351080000018, 41.52947304999997], [2.444695139999975, 41.52785833], [2.44309892, 41.52924849000003], [2.44476554, 41.52898029], [2.446745590000023, 41.53201005], [2.448683340000025, 41.52983839999999], [2.445493010000032, 41.52851362000001], [2.444595950000018, 41.526251609999974], [2.4493742, 41.53007563], [2.44728143, 41.53310989000002], [2.448590500000026, 41.53471311000001], [2.45442442000002, 41.53655121000001], [2.45933784, 41.54125060000001], [2.467808420000024, 41.54563609], [2.493638739999974, 41.55249381], [2.501091, 41.55627725], [2.50358909000001, 41.55563515], [2.50623577, 41.55702033999998], [2.503822519999978, 41.55598402000003], [2.502540670000023, 41.55711685999999], [2.50465002, 41.55683548], [2.505358110000013, 41.558817949999984], [2.5080881, 41.55808358], [2.50650282, 41.55931207000002], [2.5086086, 41.55870671], [2.508559019999982, 41.55967233], [2.509108870000031, 41.55852961999997], [2.506838729999979, 41.55593811], [2.50921544000002, 41.55809238999998], [2.50992674000001, 41.56011067999997], [2.547841290000015, 41.57594323000002], [2.55370571, 41.577639570000024], [2.558883680000019, 41.57609213000003], [2.556449410000027, 41.57747953], [2.559682669999979, 41.577853789999985], [2.555436630000021, 41.57936509], [2.56288189, 41.57936389], [2.56004895, 41.575144369999975], [2.55778823, 41.57450688999996], [2.56067089000002, 41.57498814999997], [2.563124430000018, 41.57883898999998], [2.569853360000025, 41.58193286], [2.62301313, 41.600490870000016], [2.62546617, 41.60028941999999], [2.632439079999973, 41.60378168], [2.698741360000022, 41.62280023999999], [2.71091605, 41.62791908999997], [2.719048970000012, 41.62925062999999], [2.726198519999982, 41.63463663], [2.74565722, 41.64266394], [2.757308260000015, 41.645598519999986], [2.774188040000018, 41.64740417], [2.778597169999986, 41.65066548], [2.789119269999977, 41.66998316], [2.79170835, 41.67020329999997], [2.791371529999986, 41.67193072000003], [2.79414512, 41.67393286999997], [2.79678301, 41.67349326999999], [2.79798916, 41.674620459999986], [2.79552311, 41.67483534000002], [2.79748972000003, 41.67547394], [2.800909700000028, 41.67398642], [2.797764750000015, 41.67212927], [2.801390369999977, 41.6741241], [2.802873510000017, 41.672995709999974], [2.80299089000003, 41.67576237], [2.807842879999978, 41.67683963999998], [2.807601020000011, 41.67894937000002], [2.814422939999977, 41.682554990000014], [2.816014189999983, 41.681826029999975], [2.815979, 41.68555464000003], [2.818927990000025, 41.68669212000002], [2.819472470000028, 41.68886094000002], [2.82951965, 41.69066345000001], [2.833343370000018, 41.694024509999984], [2.840620320000027, 41.69295145], [2.845190420000012, 41.69486972999998], [2.846355900000026, 41.69738478], [2.85364535, 41.69961394000001], [2.857733739999981, 41.69992698], [2.85973885, 41.69860014], [2.8646199, 41.69943948999999], [2.865576359999983, 41.69833728], [2.872426889999987, 41.7000926], [2.873595349999989, 41.70170701], [2.877847420000036, 41.700786669999985], [2.88112217, 41.704021210000015], [2.88059422000003, 41.70297711], [2.88530849, 41.703563059999965], [2.887693160000024, 41.701271029999965], [2.890327299999981, 41.70353903000003], [2.89931446, 41.70500271], [2.89907189999998, 41.707202639999984], [2.90256909, 41.70996597], [2.905712319999979, 41.71044301], [2.912378780000023, 41.70782150999995], [2.91966523, 41.71298106000002], [2.924355430000017, 41.71199130999998], [2.92949494, 41.71509187999998], [2.934765899999985, 41.71518786], [2.933615230000024, 41.71820905000001], [2.93487104, 41.72035837], [2.93962286000002, 41.72146220000001], [2.941173680000015, 41.72536946000002], [2.94461616, 41.72543381000002], [2.9477885, 41.7277715], [2.948429400000018, 41.730150639999984], [2.946608279999985, 41.73020924], [2.951055700000025, 41.731130349999965], [2.951090989999981, 41.73293784], [2.953749850000017, 41.731026280000016], [2.953742030000012, 41.73690473999997], [2.958473890000011, 41.73570438999999], [2.960234700000025, 41.73758408], [2.95765644, 41.73803333999999], [2.957912090000029, 41.74027043], [2.96557037, 41.74547059999998], [2.971225730000015, 41.753160149999985], [2.975270230000014, 41.75399329000002], [2.97754756, 41.75766405], [2.98075186, 41.757991759999975], [2.980709609999981, 41.759344210000016], [2.98301889, 41.75909751], [2.98430165, 41.76060574], [2.997745609999986, 41.76295369999998], [2.997700619999988, 41.76504441], [3.00272161, 41.76512329999997], [3.001380729999979, 41.76659784000002], [3.011125810000026, 41.77218057999998], [3.02603675, 41.77398004], [3.030163760000012, 41.77081022000002], [3.032288580000026, 41.77243555000001], [3.029509820000029, 41.77587650000002], [3.029680040000021, 41.77947712], [3.03453015, 41.78028370000002], [3.035525669999986, 41.77910604], [3.03606591, 41.78037374999999], [3.03647353, 41.779083060000026], [3.037576530000024, 41.78006905000002], [3.038035140000016, 41.77829857999998], [3.033000769999988, 41.77668273000001], [3.04363294, 41.77848916], [3.043678850000013, 41.78165523], [3.048705950000014, 41.782676830000014], [3.04644242, 41.78290446000001], [3.04682737, 41.785710569999985], [3.044745329999985, 41.786333640000024], [3.046203419999988, 41.78878601], [3.05267218, 41.79080239999998], [3.054425120000019, 41.78758618000002], [3.05632359, 41.78756672999999], [3.06158409, 41.795245419999986], [3.061108160000022, 41.79797103999997], [3.065328, 41.8001058], [3.06433397, 41.80193175999998], [3.06663474, 41.80069363000001], [3.065162139999984, 41.80229292999998], [3.065995259999987, 41.806263380000026], [3.07161507, 41.81947635999998], [3.075408430000024, 41.82280354], [3.08420864999998, 41.825995169999985], [3.08777209, 41.83154867], [3.093027390000018, 41.832282249999984], [3.093683400000012, 41.83780579000001], [3.102716109999978, 41.84385997], [3.102160359999973, 41.84491411], [3.11161555, 41.848105610000026], [3.122480199999988, 41.84816246000001], [3.127830680000025, 41.84545462000002], [3.123352159999974, 41.845199340000015], [3.124067799999989, 41.84349579], [3.125134929999974, 41.84495989], [3.125558799999985, 41.84322693000003], [3.126197370000022, 41.84474096999997], [3.128167890000026, 41.8430692], [3.12079184, 41.84121372999998], [3.131937460000014, 41.84195807], [3.135859250000028, 41.84519530999999], [3.133311430000028, 41.84461182999998], [3.132387269999974, 41.84627261], [3.13687405, 41.84761624999997], [3.13583309999998, 41.84404454], [3.137813109999982, 41.848871069999966], [3.145253410000029, 41.85012786999998], [3.14521623, 41.85387442000004], [3.142576850000016, 41.85560041], [3.143814390000025, 41.85770328000002], [3.15080267, 41.85812884], [3.150598680000019, 41.86138929], [3.155145799999977, 41.86246787000002], [3.158213070000014, 41.86193371], [3.15897434, 41.85946236], [3.158773550000029, 41.860877379999984], [3.160654589999974, 41.86015497999998], [3.16520059000003, 41.861845310000014], [3.16596998, 41.86382912], [3.169932669999979, 41.86284130999998], [3.176901990000022, 41.86642568999998], [3.178532460000028, 41.87494283000002], [3.18169541, 41.8761401], [3.178298320000032, 41.87899705], [3.18323685, 41.88173657], [3.181610489999985, 41.88521797], [3.183329089999985, 41.88778943000002], [3.19055661, 41.887911490000015], [3.193676099999983, 41.89051506999996], [3.192716, 41.89204333999996], [3.194384070000019, 41.89359129], [3.20086172, 41.89107081999998], [3.203012989999978, 41.89163826999998], [3.205350840000028, 41.90032404], [3.208300669999974, 41.90055103999998], [3.21037583, 41.90404802999998], [3.20705534, 41.90818898], [3.212074610000026, 41.909122689999975], [3.20767384, 41.91306130000002], [3.20945334999998, 41.91462999], [3.20742654, 41.91733249], [3.21630092, 41.91811968], [3.21559357, 41.92149771], [3.22038162, 41.92227254999999], [3.21755327, 41.9220663], [3.21826164, 41.923522049999974], [3.2162817, 41.924106779999974], [3.219384219999973, 41.92662954999999], [3.21799099, 41.928658660000025], [3.215059939999974, 41.929133059999984], [3.219663749999979, 41.931844259999984], [3.218246389999972, 41.93337959999998], [3.220555899999981, 41.93481125], [3.218417600000029, 41.93562968000001], [3.21665837, 41.93390702], [3.214199210000031, 41.93638110999998], [3.216497500000028, 41.93868661], [3.217529819999974, 41.93777533], [3.21815142999998, 41.94266537999998], [3.22595909, 41.94545398000002], [3.228191210000031, 41.94855487], [3.2336069, 41.95054605999997], [3.229580740000019, 41.95512212000002], [3.233688159999983, 41.95852576], [3.23359563, 41.96214032000001], [3.2319103, 41.9594598], [3.22970719, 41.96073202999999], [3.230575740000014, 41.962583979999984], [3.22698253, 41.96431895999997], [3.231841680000024, 41.96590846], [3.23105734, 41.96947972], [3.22693441, 41.97011841], [3.222118349999975, 41.97440420999998], [3.2102683, 41.9734913], [3.21119079, 41.977383759999974], [3.201653349999982, 41.99154752000002], [3.19570903, 42.013769799999984], [3.194597459999988, 42.027385839999965], [3.19899961, 42.0492452], [3.201156919999988, 42.05154954000002], [3.20397613, 42.05061347999999], [3.20534954, 42.05169109], [3.204052170000025, 42.05089739000001], [3.200866940000018, 42.05303246], [3.20339624, 42.05308427], [3.202857450000028, 42.05412164], [3.206862319999983, 42.053823250000015], [3.203752639999979, 42.05228183], [3.208388659999982, 42.05312828], [3.20658418, 42.05060691999997], [3.21203288, 42.05408242999997], [3.211056099999977, 42.05533266000001], [3.213705560000014, 42.05957216], [3.212163, 42.059484990000016], [3.21469767000002, 42.061192420000026], [3.20994931000003, 42.06204455999998], [3.210905939999986, 42.06354975999998], [3.208945429999974, 42.06573551000001], [3.211017779999984, 42.067531139999986], [3.212002749999979, 42.06685655], [3.212265939999983, 42.068804469999975], [3.206511879999982, 42.07062022000002], [3.20704033, 42.07219371], [3.202745160000025, 42.07348898000002], [3.204246300000031, 42.07463166000002], [3.1988561, 42.07770539], [3.19875693, 42.08027605999998], [3.202586280000028, 42.08162554], [3.200986319999987, 42.08281047], [3.199670100000023, 42.08145968999999], [3.19801445000003, 42.083682709999984], [3.195087219999981, 42.0831573], [3.195288930000028, 42.08695382], [3.19276206, 42.09102419000001], [3.191533019999977, 42.09044269], [3.190141990000019, 42.095009550000015], [3.18790889, 42.095409479999965], [3.187922770000016, 42.09802804000001], [3.184558, 42.09921825], [3.183783509999973, 42.10354466], [3.181766099999989, 42.10529196999998], [3.179552930000018, 42.10280131000002], [3.17716654, 42.10374039], [3.174497689999989, 42.10252541000002], [3.16953703, 42.10533154999997], [3.16978322000002, 42.1081086], [3.174780559999983, 42.10728971], [3.176814380000024, 42.11153637000001], [3.172699130000022, 42.11185767], [3.171488270000029, 42.114443370000025], [3.169318140000027, 42.11500156999998], [3.16490297, 42.11298947999999], [3.16341655, 42.115355929999986], [3.158685650000022, 42.1155659], [3.149049350000018, 42.12128736], [3.14625251000003, 42.12037564], [3.149712199999985, 42.12089165], [3.151382159999985, 42.11916358], [3.145019680000022, 42.11888471999998], [3.14853841, 42.11851547], [3.149128640000029, 42.11699851999999], [3.147374559999977, 42.116489790000024], [3.147600140000019, 42.117692819999974], [3.145736950000018, 42.11718093], [3.14660722, 42.11792623999997], [3.143766070000014, 42.11717887000002], [3.14541422, 42.11746832], [3.14487864, 42.11556186000002], [3.14274856, 42.116909519999965], [3.141807490000021, 42.11493480999999], [3.138102910000013, 42.1157549], [3.13675328, 42.12665585], [3.133831190000014, 42.12794686], [3.133326420000023, 42.12660576000002], [3.125832030000025, 42.12700768], [3.123869639999976, 42.12847203], [3.124711099999976, 42.13092029000001], [3.12257939, 42.13138555], [3.12394356, 42.13298670000002], [3.121881059999985, 42.13416835], [3.123891710000025, 42.1359509], [3.12203175, 42.135726500000025], [3.119834210000011, 42.13813951], [3.119606169999977, 42.14015901], [3.12180266999998, 42.14086049], [3.119379289999977, 42.14018916000001], [3.11790399, 42.1420684], [3.113519289999986, 42.16178183], [3.111736229999982, 42.20590237], [3.119447930000017, 42.22675061], [3.128214910000021, 42.23944963], [3.133866730000027, 42.24512318], [3.135832219999984, 42.24515265], [3.134586089999981, 42.24703784], [3.136470849999982, 42.24573944], [3.135364130000026, 42.24756314], [3.136889210000018, 42.249290489999964], [3.14828987999998, 42.25785877], [3.150552759999979, 42.25844806999998], [3.150948909999983, 42.257292580000026], [3.151692600000029, 42.26006993999999], [3.162617180000026, 42.26422484], [3.172543759999977, 42.26386896000002], [3.174662519999987, 42.26125211], [3.171478420000028, 42.25992096], [3.174971770000017, 42.26131641], [3.172746679999984, 42.25938436999998], [3.175262550000017, 42.26069760999998], [3.18009751, 42.25797881999997], [3.177969020000035, 42.25752686000003], [3.180486240000016, 42.25774176], [3.181194729999985, 42.25631724], [3.17809591, 42.25585477], [3.178954929999985, 42.25250486], [3.178472119999975, 42.25536636000001], [3.18110675, 42.25579091999999], [3.18111421, 42.252037], [3.17681015, 42.251513680000016], [3.18163794, 42.25082950000002], [3.1804844, 42.24771447000002], [3.18259668000003, 42.245286869999966], [3.196613489999988, 42.247011800000024], [3.197826379999973, 42.242589420000016], [3.202439789999985, 42.241952], [3.20336545999998, 42.23978645], [3.204548830000011, 42.24122539000001], [3.207762230000028, 42.2405198], [3.20904739, 42.23905479000001], [3.207341779999975, 42.23735621999998], [3.212079249999976, 42.23736880999998], [3.21813492, 42.23232281999998], [3.22098783000002, 42.23398578], [3.220549249999986, 42.23653899], [3.226438440000029, 42.23729839], [3.225032640000034, 42.239868319999985], [3.22761184000002, 42.23936772999996], [3.229411639999987, 42.24066481], [3.22654808, 42.241721], [3.22595938, 42.243733340000034], [3.23064318, 42.24381109000003], [3.230746070000012, 42.24558772000003], [3.226818809999979, 42.249123229999974], [3.229516320000027, 42.25153253999998], [3.237687660000013, 42.24742329], [3.239051620000033, 42.25092229], [3.243456, 42.24976359999998], [3.249491849999977, 42.24062147999998], [3.25922907999998, 42.23889134999998], [3.261629910000014, 42.23708558999996], [3.264372799999979, 42.23787137], [3.26661739999998, 42.24290595999999], [3.25424049, 42.24428618000001], [3.252853350000012, 42.24642336], [3.256376369999979, 42.24884086], [3.253710309999971, 42.25249726], [3.25527464, 42.25336575999997], [3.26176434, 42.251003030000014], [3.265982320000012, 42.25358016000003], [3.2742062, 42.254281010000014], [3.276900290000028, 42.25262084], [3.27938118, 42.25307859999999], [3.27922126000001, 42.25487862], [3.281536740000029, 42.253797220000024], [3.280922430000032, 42.25784549999999], [3.287864219999977, 42.26572673000002], [3.286347980000032, 42.267655400000024], [3.28727896, 42.27103360999999], [3.282975939999973, 42.27029820000001], [3.283116610000031, 42.27353088], [3.280472339999977, 42.27436035999999], [3.280324940000019, 42.27725784], [3.276900329999984, 42.27986739999998], [3.277258299999982, 42.281269939999966], [3.280866420000028, 42.280378529999986], [3.276040069999989, 42.28339817000001], [3.27620183, 42.28708882999999], [3.280595250000028, 42.28871965000001], [3.283251659999985, 42.28581918], [3.28773152, 42.2849156], [3.287550460000013, 42.28249522], [3.288494920000027, 42.28357739999998], [3.290556210000021, 42.28200570999998], [3.29127351, 42.28360443999997], [3.29567, 42.282597139999986], [3.29529707, 42.28420190999998], [3.29728211, 42.28368745], [3.295848429999989, 42.28583676000003], [3.299292040000027, 42.28451276999997], [3.297570659999987, 42.28936034], [3.290514830000013, 42.29226945], [3.29078815, 42.28954500999998], [3.28627343, 42.293259030000016], [3.292179670000023, 42.29497716000002], [3.291361450000019, 42.29710152000001], [3.28860999, 42.297352040000014], [3.289476209999978, 42.29910459999997], [3.29212996, 42.29896745999998], [3.293057229999985, 42.30157176], [3.288077340000011, 42.301972019999965], [3.286912710000012, 42.303665349999974], [3.28841291, 42.3030247], [3.289982180000017, 42.30428849000001], [3.289209859999985, 42.30675235999998], [3.29088543, 42.3073802], [3.294640079999974, 42.30709234], [3.295788710000022, 42.3046347], [3.300347130000019, 42.30438337], [3.300480759999975, 42.30596022000002], [3.298144520000022, 42.30672815], [3.30278404999998, 42.30801144999997], [3.302825530000022, 42.311330630000015], [3.3042079, 42.30987715], [3.30356041999997, 42.31152411], [3.30544084999998, 42.31116827999998], [3.306303890000015, 42.31324493000002], [3.305916269999981, 42.31046694], [3.30790952000002, 42.31075294], [3.307643479999982, 42.31402608000002], [3.310063389999985, 42.31239821], [3.31281897000001, 42.31302906], [3.311695310000029, 42.31766378], [3.316149679999989, 42.31395206999997], [3.31841659, 42.31514987000001], [3.31525666000002, 42.317619939999986], [3.32050427, 42.316735590000015], [3.32227392, 42.319500029999986], [3.311247969999978, 42.32480847999999], [3.311028729999976, 42.32008594], [3.306992569999977, 42.3225322], [3.30895425, 42.32322496000001], [3.307684580000015, 42.32701261000002], [3.30449563000001, 42.32678362], [3.305302819999975, 42.325397879999976], [3.30294114, 42.32664439000001], [3.30082477, 42.32586103999997], [3.29430128, 42.32988424999998], [3.29210773000001, 42.32966306999999], [3.29296132, 42.32679864], [3.289033919999981, 42.3293733], [3.2891774, 42.327412119999984], [3.288140889999978, 42.32796425999999], [3.286252690000016, 42.32545782], [3.285750920000015, 42.33148030999999], [3.282006030000032, 42.332973539999976], [3.280949140000028, 42.33198750999997], [3.277617419999978, 42.33263874999998], [3.279774409999977, 42.33297923999996], [3.28037372, 42.33424247999996], [3.27849421, 42.33485888999998], [3.28030502, 42.33622655], [3.270935040000018, 42.33776756], [3.26769511, 42.340438769999984], [3.26114325, 42.340438089999985], [3.263280769999981, 42.33668433999997], [3.260818099999987, 42.33778251000002], [3.262598830000015, 42.33458841], [3.26035225, 42.33505363], [3.260284819999984, 42.33315803999997], [3.25873093, 42.33509748], [3.25564151, 42.33538375], [3.253517369999984, 42.33317771999998], [3.25046367, 42.335775249999976], [3.251347169999987, 42.33026304999997], [3.24975792, 42.329773940000024], [3.246946560000018, 42.332124080000014], [3.2466621, 42.33634328999999], [3.241351279999979, 42.33527442], [3.2412977, 42.33754569000003], [3.239580260000023, 42.33747750999996], [3.24075371, 42.33927668], [3.236836840000028, 42.34357728000001], [3.23822275, 42.34898344], [3.229267940000018, 42.35156053999998], [3.22687641, 42.349224560000025], [3.223119949999983, 42.349033239999976], [3.222655650000014, 42.34728525999998], [3.219118580000012, 42.34980028], [3.215410919999977, 42.34948903], [3.215130819999988, 42.34653380000001], [3.211645170000022, 42.346993460000014], [3.20997229, 42.34381689999997], [3.209465929999975, 42.34544669000001], [3.20347488, 42.34707745], [3.199980240000025, 42.34080412], [3.202710160000018, 42.34203315], [3.201452029999979, 42.34084125], [3.203351239999973, 42.34115220000002], [3.203408180000019, 42.33717946], [3.196529590000012, 42.33496935999998], [3.193396299999978, 42.33826278], [3.190323750000013, 42.33909543], [3.189901169999987, 42.34182778000001], [3.18543072, 42.34387022999998], [3.187899910000029, 42.35181985999997], [3.184326060000014, 42.35040211999998], [3.181638580000027, 42.351825799999986], [3.182889630000013, 42.35381043999998], [3.18163485, 42.35252811999999], [3.178056930000017, 42.35291971999998], [3.177733389999985, 42.3545665], [3.172240579999988, 42.35572757000002], [3.17106355, 42.35807756], [3.162947160000016, 42.36046007999998], [3.164610529999979, 42.362197649999985], [3.163455530000026, 42.36502345000001], [3.16772507, 42.36783552000002], [3.165771290000017, 42.36920122999999], [3.164692650000015, 42.37466038999999], [3.162648510000026, 42.374860710000014], [3.16433446, 42.37360853], [3.161795639999981, 42.37260232000001], [3.163862719999983, 42.37177066], [3.162535050000018, 42.37123019], [3.16140746, 42.37260525999998], [3.163059040000028, 42.37384839], [3.161162439999988, 42.37307755], [3.161910859999981, 42.3714259], [3.15911, 42.371955029999974], [3.15872661, 42.37621545000001], [3.155162280000026, 42.37998121], [3.158169030000012, 42.38352778999997], [3.159767909999986, 42.38311751999998], [3.15990192000001, 42.38522565999997], [3.16317745, 42.38445485], [3.162614739999982, 42.38626753], [3.16694082, 42.389886690000026], [3.162875840000031, 42.39177139], [3.159685920000029, 42.38896396000003], [3.153597099999979, 42.39126352000001], [3.152713129999981, 42.39364255000001], [3.16502376, 42.40065701000004], [3.16352586, 42.40407742999999], [3.155937160000022, 42.40521586000001], [3.15621021, 42.40737952], [3.161446459999981, 42.409122490000016], [3.162150570000033, 42.41134389000001], [3.165261759999973, 42.41061787000002], [3.16455715, 42.41321235], [3.17097955, 42.41638508], [3.168698220000024, 42.41999192999998], [3.170075229999982, 42.42521944], [3.16674565, 42.42496722000001], [3.16061651, 42.428124539999985], [3.1642947, 42.43043747999999], [3.16907813, 42.43002613000002], [3.17150942, 42.43336934000002], [3.174948859999985, 42.43349845], [3.174591929999977, 42.43536785], [3.163783199999983, 42.43610906000002], [3.156265439999977, 42.43417421], [3.153223520000016, 42.43574240999999], [3.144912159999982, 42.43302139999999], [3.138043470000024, 42.43547015], [3.12569784999997, 42.43485479000002], [3.1209363, 42.43823363999998], [3.11718774, 42.43618409000001], [3.10960567, 42.43519471], [3.102603819999976, 42.42843081], [3.102667719999971, 42.42659106999997], [3.09875513, 42.42508976], [3.085184590000015, 42.42584965999998], [3.0778311, 42.43121012], [3.07655791000003, 42.43537359000001], [3.070011409999971, 42.43578474000004], [3.06708221999998, 42.44255655000002], [3.058131960000012, 42.44576813000001], [3.051063830000021, 42.454757329999985], [3.04720177, 42.456807200000014], [3.040316860000021, 42.47351839], [3.031397240000029, 42.47470991], [3.016765589999984, 42.46936058], [3.01321976000002, 42.46636975999998], [3.0000674, 42.47299351], [2.988773730000027, 42.47416233999998], [2.982589209999976, 42.47179497], [2.980529820000026, 42.46729399], [2.976181420000033, 42.46759362], [2.967415030000017, 42.46542349999998], [2.960477759999977, 42.47339211999997], [2.950865740000021, 42.4780611], [2.947092550000012, 42.48211932999997], [2.934934559999987, 42.47446120999998], [2.931841989999977, 42.47467586999998], [2.924855429999987, 42.463813430000016], [2.924606619999983, 42.45861437], [2.91842151, 42.45619853999998], [2.910798820000021, 42.4577365], [2.904078970000024, 42.457120889999985], [2.891895500000027, 42.46187283], [2.888864080000017, 42.46195715], [2.885940890000013, 42.4598304], [2.882447689999983, 42.460433439999974], [2.87616523000001, 42.46564478], [2.870330039999975, 42.46772720000003], [2.863498799999982, 42.463982330000015], [2.86430146, 42.45970128000002], [2.861419420000022, 42.45527633], [2.85289082, 42.454939549999985], [2.83961768000003, 42.4592557], [2.832759029999984, 42.4528368], [2.833398160000027, 42.44821323], [2.827303330000019, 42.4392705], [2.8187118, 42.44045563000001], [2.808680560000019, 42.43122633999998], [2.803915359999976, 42.43304393000001], [2.804492209999971, 42.43035007999998], [2.799311159999985, 42.41847887], [2.78406304, 42.41767680000001], [2.77717079, 42.411832369999985], [2.77251311, 42.41283303], [2.77049435, 42.41162076999998], [2.759792329999982, 42.41863331], [2.757513570000015, 42.42424835], [2.753164340000012, 42.42624088999998], [2.73919654000003, 42.42351391], [2.73354498, 42.42482398000002], [2.73018, 42.42257134], [2.718244920000028, 42.42186421], [2.703051890000026, 42.41138041999997], [2.69702033000001, 42.41037616999996], [2.693233590000013, 42.406397099999985], [2.686196070000019, 42.40715278], [2.67366483, 42.40451727], [2.671313149999979, 42.402419580000014], [2.673570650000023, 42.39944482999998], [2.670931500000018, 42.38717116], [2.665772919999976, 42.38558176], [2.65402263, 42.38859455], [2.65137561999997, 42.38630400999999], [2.661447199999973, 42.37706432], [2.66282635, 42.37162176000002], [2.660876170000022, 42.366011159999964], [2.664923890000028, 42.36256978000003], [2.670022549999978, 42.36190272000001], [2.675142759999981, 42.35703944999999], [2.675452809999982, 42.34232383], [2.67164614, 42.34074850000001], [2.654848840000029, 42.34138315], [2.654571860000012, 42.34316125], [2.650741379999988, 42.34415196000001], [2.634576440000029, 42.34386997], [2.63342074000002, 42.34627649000002], [2.631357810000011, 42.34668423999998], [2.62551461, 42.34539669], [2.616300670000011, 42.34576889999998], [2.61005426000001, 42.34689493], [2.608036900000013, 42.34863232999999], [2.6013144, 42.349187109999974], [2.59934815000002, 42.35204712999998], [2.58843185, 42.35444497000002], [2.586694459999976, 42.35729358999998], [2.57100736, 42.35805945000001], [2.56850329, 42.35623701], [2.56195291, 42.35710516], [2.559515089999976, 42.35424404], [2.554262929999988, 42.35386928000001], [2.5543834, 42.345752379999965], [2.551601520000023, 42.3444832], [2.552023500000026, 42.34252720999998], [2.548544330000029, 42.33926631000001], [2.54458844000001, 42.33899018000002], [2.541672609999976, 42.33357718], [2.532806589999978, 42.33292645999999], [2.51118383, 42.33748215], [2.51013931, 42.33954904], [2.500228700000022, 42.34319529], [2.492093970000019, 42.34273128000001], [2.483427079999973, 42.33978055], [2.480908289999969, 42.34095464999998], [2.47315817000003, 42.34923015], [2.46621776, 42.36069830999998], [2.45684436, 42.36346885000001], [2.454193460000019, 42.36985209], [2.44829164, 42.36913431], [2.442471530000015, 42.37104104999999], [2.433400670000028, 42.37762134000001], [2.435281800000028, 42.388839019999985], [2.432719130000014, 42.39375014], [2.410787770000013, 42.39223383], [2.39601242, 42.39511993999999], [2.387481499999982, 42.40030268], [2.3793157, 42.40139848], [2.37203122, 42.400588779999985], [2.361163550000011, 42.40276442], [2.345613700000011, 42.40930823], [2.345761839999981, 42.41561207000002], [2.343877990000021, 42.41688849], [2.330925680000025, 42.41573775000001], [2.324939040000017, 42.41749319], [2.31832245, 42.42242853], [2.318879570000016, 42.42513038], [2.31260166, 42.428483189999966], [2.30693676, 42.4290344], [2.30023456, 42.42392577], [2.29104688, 42.42290194999999], [2.28596215, 42.42586497000002], [2.285815210000015, 42.42743821999997], [2.256928769999981, 42.43873618], [2.252068389999987, 42.43657391999999], [2.24619013, 42.42892151], [2.24114164, 42.42871198], [2.2356759, 42.4264147], [2.224333350000013, 42.425916380000025], [2.21934042, 42.42301151], [2.214833019999974, 42.42301916999997], [2.207139930000019, 42.41963371999998], [2.206673250000029, 42.41737726999999], [2.19978351, 42.41678160999998], [2.192913430000021, 42.418624409999985], [2.18687414, 42.417440159999984], [2.184236560000022, 42.41948642999997], [2.180482890000012, 42.41817114], [2.16768406, 42.42489947], [2.166118279999984, 42.422854569999984], [2.159315349999987, 42.422135499999975], [2.156922520000018, 42.423476880000024], [2.148251679999987, 42.42042861999999], [2.142953040000011, 42.416561809999976], [2.12866499, 42.41254924000001], [2.124198680000026, 42.4078429], [2.121680230000016, 42.397224159999986], [2.114833609999983, 42.3945867], [2.116756329999974, 42.38330094], [2.0894325, 42.37384302999998], [2.08459263, 42.36174234], [2.081680950000015, 42.36416755], [2.072819069999976, 42.36552443], [2.067548870000012, 42.3611396], [2.058376630000017, 42.35863779999998], [2.034927180000014, 42.35776417], [2.02358938000003, 42.35578695999999], [2.01518651, 42.347377710000025], [2.01258795, 42.350102560000025], [2.013129079999989, 42.35277979000003], [2.006600369999976, 42.353407939999975], [2.00332948, 42.356080989999974], [1.99880746, 42.35584659999998], [1.9962884, 42.35943193], [1.99115631, 42.35931392000002], [1.98581003, 42.36215809000003], [1.97924286, 42.37135745000001], [1.972480810000031, 42.37336231], [1.965429030000019, 42.38092535], [1.964786950000023, 42.38785873], [1.96012245, 42.39307611000001], [1.960825049999983, 42.403966869999984], [1.95485977, 42.41150036], [1.958572739999988, 42.42343109], [1.940786030000023, 42.43042256000001], [1.942934880000033, 42.445041400000015], [1.93668287, 42.45441401], [1.93281156, 42.454968279999974], [1.922037850000028, 42.44767173000001], [1.915659430000018, 42.446172550000014], [1.89855705000002, 42.45024709999998], [1.89612464, 42.449613040000024], [1.89555013, 42.447548829999974], [1.891952889999975, 42.44772085], [1.889798410000012, 42.45018096999997], [1.8843629, 42.44985516], [1.88226402, 42.45849821], [1.879188219999983, 42.460691379999986], [1.86436131, 42.46659048999997], [1.85862251, 42.46268393999997], [1.84750686000001, 42.46785583], [1.84343442, 42.47715818], [1.834501470000018, 42.48292062], [1.826673700000021, 42.48394478], [1.82355368, 42.48655253], [1.816961929999984, 42.483094039999976], [1.804893690000025, 42.49021072], [1.791919379999976, 42.48552418], [1.762017079999981, 42.48758415000001], [1.747296069999975, 42.49542612], [1.7307, 42.49251196], [1.725622039999977, 42.50437252000002], [1.711373629999985, 42.49225593], [1.70361005, 42.48980218], [1.690322679999977, 42.49494819999999], [1.67947539000003, 42.49468077000002], [1.66997792, 42.50418924999998], [1.66564158, 42.49612770000002], [1.661985259999987, 42.49309833999998], [1.66288065, 42.47979945], [1.65998277, 42.47861191000002], [1.662506740000019, 42.47444848], [1.65702087000003, 42.46821612], [1.650855920000022, 42.46690908], [1.64670295, 42.46862632999998], [1.64016668, 42.46640635], [1.63587411000001, 42.46804781], [1.632110150000029, 42.46598520999998], [1.631436739999978, 42.46296019000001], [1.622036989999976, 42.46575295999995], [1.606941979999984, 42.46436238], [1.60024958, 42.46678331000002], [1.597370400000018, 42.466322689999984], [1.590099890000026, 42.46401239999999], [1.585689830000017, 42.46040770000002], [1.581808389999989, 42.45155047999999], [1.579194650000026, 42.44971934999998], [1.574162820000015, 42.45223468000002], [1.567449530000017, 42.45887762], [1.561073740000025, 42.45864584999999], [1.55623476999998, 42.45412977], [1.560225759999982, 42.44899164999998], [1.552938099999986, 42.44338456000002], [1.554497600000031, 42.44025233000002], [1.551997050000014, 42.43259099], [1.528232790000019, 42.43203075], [1.517190760000015, 42.42873098], [1.50906667, 42.42966378], [1.49799508000003, 42.43322391999998], [1.484581190000031, 42.43276928], [1.475342409999988, 42.43530098999996], [1.45518270999998, 42.43605203], [1.447230589999986, 42.4394407], [1.442583400000017, 42.44470831000003], [1.44679597000003, 42.44377028999997], [1.44615458, 42.44809898], [1.44190662, 42.45163141], [1.44116798, 42.455450639999974], [1.447525930000024, 42.46006553999998], [1.44059155000003, 42.46362133], [1.44119196000001, 42.47535679], [1.433538890000021, 42.48184823000001], [1.418972869999989, 42.482799099999966], [1.419138860000021, 42.48394516], [1.42555511, 42.49315089999999], [1.443342309999985, 42.495216330000034], [1.468366030000017, 42.51001590999997], [1.460110319999986, 42.52309655], [1.45511916, 42.52650544], [1.45230878, 42.53268342999998], [1.452500599999977, 42.53862745000002], [1.450545219999989, 42.539892060000014], [1.438830549999979, 42.54346262], [1.430939360000031, 42.53932074999998], [1.425526179999977, 42.53921521], [1.413638449999977, 42.535352780000025], [1.414341840000025, 42.539971569999985], [1.41935473, 42.54474804999995], [1.418945349999988, 42.54929276000003], [1.424089249999989, 42.55693618999999], [1.440921249999987, 42.56398216999999], [1.44494715, 42.568012569999986], [1.44343422, 42.571916], [1.432142260000033, 42.57535243], [1.426481689999977, 42.582801729999986], [1.427666450000026, 42.58748289], [1.430922120000022, 42.5880321], [1.440538039999973, 42.59440305], [1.443021790000015, 42.602761199999975], [1.43705225000002, 42.60347913999998], [1.43339451, 42.60688936999997], [1.42899932, 42.61296622], [1.430595840000024, 42.61742439], [1.428120660000031, 42.61861873999997], [1.42816744, 42.62082290999999], [1.420430270000031, 42.62501193], [1.41969471, 42.63235159], [1.41628068, 42.63579692000002], [1.417103799999983, 42.64190584999998], [1.41414703000003, 42.64492825999998], [1.41365886, 42.65559879], [1.40584834, 42.65675522999999], [1.40323024, 42.65889093], [1.401305569999975, 42.664799539999976], [1.396875160000015, 42.66805817], [1.38743967, 42.66869051000002], [1.389563329999977, 42.67320091999997], [1.38713293, 42.67749886], [1.38924446, 42.68702477000002], [1.37700642999998, 42.695398889999986], [1.364932260000026, 42.69467172999998], [1.36160312, 42.69785094999999], [1.35393243, 42.699700779999986], [1.351079409999987, 42.702717519999986], [1.352503, 42.71119886], [1.357795930000026, 42.71512104], [1.35732469, 42.719721870000015], [1.338019839999983, 42.71851073999998], [1.335295970000026, 42.72427726], [1.332372220000015, 42.724730159999986], [1.325334610000019, 42.72433019000002], [1.316936260000017, 42.71893011999996], [1.30924878, 42.71759929000002], [1.29479930999998, 42.71948421], [1.2781613, 42.71406612], [1.274869959999976, 42.718763029999984], [1.268179710000025, 42.71842758000002], [1.26605816, 42.71562552999998], [1.25271843, 42.7144654], [1.24726, 42.72268136], [1.242994339999985, 42.72298364], [1.24076964, 42.72492082], [1.235016310000025, 42.72489976], [1.232751830000025, 42.72733345000002], [1.229104630000029, 42.72775638999998], [1.216664080000023, 42.720076189999986], [1.209824480000027, 42.720958230000015], [1.205836510000024, 42.720492600000014], [1.20152398, 42.717751809999974], [1.192310769999988, 42.716387920000024], [1.189143479999985, 42.71740423], [1.17814690000001, 42.71293518], [1.17576551, 42.70892543999998], [1.166144299999976, 42.70891586], [1.152889989999972, 42.71648328], [1.149382509999979, 42.7210132], [1.133196970000017, 42.72827039999998], [1.135109739999972, 42.73572829000001], [1.13416655, 42.73770712999998], [1.130188670000017, 42.73923726], [1.13119605, 42.74263126000001], [1.129724169999982, 42.74566454999998], [1.132724899999975, 42.75037314999999], [1.128140180000031, 42.75565258000002], [1.12187701, 42.759587729999986], [1.119382830000011, 42.763431979999986], [1.10940297, 42.76569942], [1.108527119999975, 42.77185325], [1.094995459999982, 42.774588969999975], [1.087389080000024, 42.778417220000016], [1.08323018, 42.78282433999997], [1.08324954, 42.78497550999999], [1.078886659999976, 42.78833633], [1.076733679999983, 42.787755770000025], [1.07342445, 42.78259747000002], [1.05941282, 42.78347336], [1.058389030000025, 42.78202406], [1.05365076, 42.78265112999997], [1.047870329999988, 42.780982930000015], [1.04378388, 42.78110934], [1.04367975, 42.78513764000002], [1.038997279999981, 42.786815560000015], [1.032977670000017, 42.787108849999974], [1.03142163, 42.78498479999999], [1.009882299999986, 42.78855959], [1.005627770000011, 42.790824430000015], [0.995143060000031, 42.78709422], [0.983896170000024, 42.78670292999998], [0.97800224, 42.79029338], [0.978487829999989, 42.793670879999986], [0.976433309999973, 42.79594821], [0.969526179999981, 42.79862808], [0.96594954000001, 42.80368614], [0.960160970000014, 42.80590348], [0.95786395, 42.80363302], [0.947706910000034, 42.80158], [0.9470096, 42.799461189999974], [0.93961159, 42.79694307], [0.933495149999977, 42.790526849999985], [0.93541628, 42.78882212], [0.926413499999979, 42.78931153], [0.91726424, 42.79367680999998], [0.916427330000015, 42.79591135], [0.907233450000028, 42.79707204999998], [0.906339970000024, 42.80093812000001], [0.89946078, 42.80372983], [0.897808199999987, 42.80681136000001], [0.892881809999971, 42.80780743000001], [0.885161650000016, 42.81320192999998], [0.87089747, 42.81566623000001], [0.861007510000012, 42.82122248], [0.85829141000001, 42.82572588999999], [0.85552282, 42.82683663], [0.843769879999985, 42.82923087], [0.83309814, 42.82835534999999], [0.822241589999986, 42.832410050000014], [0.82060228, 42.83458972], [0.817774440000028, 42.83455805000002], [0.815449510000027, 42.83712968], [0.801411589999987, 42.840622359999976], [0.795459820000032, 42.839928599999986], [0.789198009999985, 42.83616545999999], [0.77746494, 42.83614832999997], [0.76282187, 42.84038558000003], [0.761498589999986, 42.84277014000002], [0.750194680000029, 42.84662603], [0.73594813, 42.848785249999985], [0.734638109999979, 42.85424846000002], [0.7266838, 42.857497379999984], [0.720494579999975, 42.85877045], [0.71632982000001, 42.85809555999998], [0.714370470000028, 42.86011311], [0.709237100000021, 42.86145031], [0.691715459999976, 42.85515666], [0.67795511, 42.855267300000015], [0.67829143000003, 42.84774710000002], [0.66715136, 42.84372923], [0.659749819999982, 42.8389783], [0.659369129999981, 42.834812610000014], [0.66186242999998, 42.82918626999999], [0.670097369999982, 42.82427601000001], [0.670369759999977, 42.82164709999998], [0.666781550000027, 42.81888104000002], [0.66492315, 42.81454673000001], [0.67087407, 42.80579291999997], [0.67007124, 42.801938], [0.659175230000026, 42.79755136], [0.654504820000011, 42.79277564], [0.651983199999981, 42.78711172000002], [0.645041120000027, 42.78296649], [0.654448119999988, 42.77686739], [0.667006270000019, 42.77532156999999], [0.662505249999981, 42.77008163], [0.65039548, 42.76530991], [0.651442799999976, 42.762755360000014], [0.64874278, 42.75860077999998], [0.642581270000024, 42.75374624999998], [0.64726666, 42.75135478], [0.66073581000002, 42.75187848999997], [0.66357597000001, 42.74928439], [0.6632306, 42.74321784], [0.66701962, 42.7411875], [0.666729139999984, 42.73729813999997], [0.67022746, 42.73115139], [0.676682229999986, 42.72819057000001], [0.680163519999976, 42.72325243], [0.673148730000015, 42.717985789999986], [0.682421490000026, 42.70837756], [0.674067860000016, 42.69942657], [0.676162660000026, 42.6908687], [0.668886579999984, 42.68917566000002], [0.64717578, 42.694192260000015], [0.640302910000012, 42.692709729999976], [0.628903079999978, 42.69563847000001], [0.618805579999979, 42.69558058000002], [0.605799320000024, 42.699251179999976], [0.59709223, 42.70552222], [0.593925230000014, 42.704163260000016], [0.587361820000032, 42.69449228], [0.58474475, 42.69588898], [0.577363860000014, 42.69467968999998], [0.566074919999985, 42.69832802], [0.545702300000015, 42.70133009], [0.535396150000024, 42.69976763], [0.53071441, 42.70245152], [0.527313949999987, 42.70254753999998], [0.520823869999977, 42.69766046], [0.520853110000023, 42.69472425000002], [0.516780820000019, 42.69134709], [0.494305470000028, 42.692558840000025], [0.483915449999982, 42.69861169999999], [0.47419915, 42.700150099999966], [0.46786425, 42.694904070000014], [0.46063504, 42.69287221], [0.456146539999986, 42.69271092], [0.452054450000013, 42.694635439999985], [0.449719299999978, 42.69236489], [0.436429770000013, 42.68962843], [0.434268040000029, 42.691281590000024], [0.422090359999982, 42.69045838000002], [0.417924509999979, 42.694391839999966], [0.405001330000023, 42.69557004], [0.395305190000015, 42.69952329], [0.39306091, 42.71321334], [0.385229879999989, 42.71133864000002], [0.381012850000027, 42.71372357], [0.374892660000026, 42.71434573], [0.370286210000027, 42.71947005], [0.36023112, 42.72434937000003], [0.35811267, 42.719720439999975], [0.352447349999989, 42.71792388], [0.3456134, 42.71074068], [0.339383749999969, 42.7104637], [0.32517392, 42.70502530000001], [0.326029429999979, 42.69773392], [0.321903789999974, 42.691109680000025], [0.32380975, 42.68702932], [0.32135567, 42.68289564], [0.316731830000033, 42.68475877], [0.313134990000015, 42.683908630000026], [0.311311569999988, 42.68152129], [0.30105769, 42.67733372], [0.295266020000027, 42.67319474], [0.27084698, 42.69136671999998], [0.263694569999974, 42.693237010000026], [0.268606289999978, 42.70006606], [0.260747419999974, 42.71153709], [0.260005340000021, 42.71601544], [0.25020057, 42.71859987], [0.23707991, 42.71755861000002], [0.232050319999976, 42.71899761], [0.226895149999976, 42.71731540000002], [0.214045459999989, 42.72339534], [0.20602779, 42.72967152], [0.191728980000024, 42.73212473], [0.184272289999987, 42.73582642], [0.175796019999987, 42.737043739999976], [0.174900070000021, 42.73480853], [0.162411170000026, 42.72846448], [0.16178864000001, 42.7231871], [0.151220040000025, 42.72478461000002], [0.14039660000001, 42.72183184999999], [0.136726680000014, 42.72243686], [0.131622380000018, 42.71468884999998], [0.106580590000029, 42.710113440000015], [0.09022357, 42.71709404], [0.084352379999987, 42.71616302000001], [0.0765215, 42.71412283999998], [0.071535829999978, 42.70910627], [0.0721928, 42.70658535], [0.07021975, 42.70346874000001], [0.058428449999988, 42.69756256], [0.05424091, 42.69830481], [0.048057189999982, 42.695930509999975], [0.02432662, 42.702485459999984], [0.01580953, 42.70182784999998], [0.014572649999981, 42.69418853], [0.0111434, 42.69118124999998], [0.00473507, 42.68890948], [0.00484241000003, 42.68733985], [-0.00287918000002, 42.68490403], [-0.016661500000011, 42.68511116000003], [-0.021002829999983, 42.68723231], [-0.026740560000019, 42.68772372], [-0.031991329999985, 42.69075053], [-0.0434156, 42.69180268], [-0.048971020000011, 42.69435033000002], [-0.055710509999985, 42.69226377], [-0.062119260000012, 42.69458962], [-0.065770650000017, 42.70776708999998], [-0.063173600000023, 42.71027579000001], [-0.068459579999983, 42.7180743], [-0.07937062000003, 42.71691258000003], [-0.087895, 42.72133501], [-0.09534341, 42.72083996999997], [-0.09698986, 42.72219641999998], [-0.106406209999972, 42.72061599000002], [-0.11175678, 42.72637005], [-0.108378, 42.72942733], [-0.109295730000025, 42.734646169999984], [-0.117654120000022, 42.7385309], [-0.11721226000002, 42.742526820000016], [-0.122763780000026, 42.74901479], [-0.12278863, 42.75164475], [-0.126834160000012, 42.753205150000014], [-0.130165839999988, 42.75779104999998], [-0.136467809999988, 42.76157777], [-0.13585458999997, 42.76348040000002], [-0.13841782, 42.76673215000001], [-0.149756499999971, 42.76919424000001], [-0.149782799999981, 42.7731479], [-0.147351009999982, 42.77393374], [-0.146882650000025, 42.77614619], [-0.154402529999966, 42.78115988], [-0.156180070000027, 42.78612054999998], [-0.15417250000001, 42.792842059999984], [-0.159987339999977, 42.79802906], [-0.164574109999985, 42.795324390000026], [-0.167061209999985, 42.79119888], [-0.176800550000014, 42.7859378], [-0.179761979999982, 42.78560561000001], [-0.183612119999987, 42.78751035], [-0.188662689999973, 42.78694118], [-0.18947060999998, 42.79042778], [-0.194027649999988, 42.79158412999996], [-0.198172359999987, 42.79564768], [-0.208603250000018, 42.79807268000001], [-0.211951009999966, 42.79622731000003], [-0.215342210000019, 42.79667906], [-0.21979087, 42.80273022], [-0.22404102999997, 42.80121257], [-0.228278560000017, 42.804899099999986], [-0.238765779999979, 42.80859235000001], [-0.238192539999971, 42.81652053], [-0.23883111, 42.81811173], [-0.24209113, 42.81879363999998], [-0.24334299, 42.82365023], [-0.24585170000001, 42.82225189], [-0.24546051, 42.82059465000001], [-0.2551432, 42.81933250999998], [-0.262786230000011, 42.82491828000003], [-0.275565059999985, 42.82892405], [-0.276816759999984, 42.83551816], [-0.290248859999986, 42.83892553], [-0.2976715, 42.83874984999998], [-0.30298233, 42.84154947], [-0.306240929999988, 42.84146412000001], [-0.313264159999981, 42.84937313000001], [-0.324126810000021, 42.83475204], [-0.33117292, 42.83421419000002], [-0.335092030000016, 42.83810544], [-0.342166229999989, 42.83520835999999], [-0.344056390000013, 42.83763845999999], [-0.34683989, 42.83778404999999], [-0.348178150000023, 42.83510467999997], [-0.355317820000012, 42.83065051000002], [-0.355371499999973, 42.82795938], [-0.360564990000025, 42.82177603999999], [-0.36409033, 42.820281470000026], [-0.3644881, 42.81639164000001], [-0.36816616, 42.813594790000025], [-0.375197209999989, 42.81190129000002], [-0.38152149, 42.80839928000001], [-0.383483640000026, 42.801024319999975], [-0.39474679, 42.79896704999999], [-0.3962588, 42.80198198999999], [-0.40738977, 42.80542230000002], [-0.408788249999985, 42.80766010999997], [-0.41925904, 42.80584361000001], [-0.441703699999971, 42.79537079], [-0.451433059999983, 42.80349393], [-0.459683419999977, 42.80389345], [-0.477634730000014, 42.80932404999999], [-0.48395253, 42.816081529999984], [-0.492740569999976, 42.81684166000002], [-0.498293349999988, 42.820790139999986], [-0.50066696, 42.827451420000024], [-0.50526782, 42.82742572], [-0.51298776, 42.8225331], [-0.51376406, 42.81873199000001], [-0.51845388, 42.81738401], [-0.51929077, 42.815421120000025], [-0.522357769999973, 42.81457807000002], [-0.521948409999975, 42.81319149999997], [-0.52501059, 42.81215917999999], [-0.52594737, 42.80860457], [-0.522793269999984, 42.79908141999998], [-0.529646970000012, 42.79155752], [-0.54371637000001, 42.79318398], [-0.551119470000024, 42.77753928999998], [-0.553167429999983, 42.78047361], [-0.55788772, 42.78167299], [-0.56235785, 42.78239859], [-0.567586029999986, 42.78062781], [-0.57054803, 42.78303194999998], [-0.569126459999979, 42.78905295], [-0.570642789999984, 42.790606939999975], [-0.564690730000021, 42.79989940999999], [-0.569138229999969, 42.80685553999998], [-0.576667819999982, 42.80820382000003], [-0.584084269999981, 42.80461461999998], [-0.58750625, 42.80498395], [-0.592093319999985, 42.80211798], [-0.600470040000029, 42.80242895], [-0.598476749999976, 42.81538096], [-0.602033080000011, 42.82020101], [-0.60143687000001, 42.82486196], [-0.60415101, 42.82648562], [-0.60424176, 42.82825243999996], [-0.601367659999988, 42.83012825999998], [-0.602559319999971, 42.83253046], [-0.619711239999976, 42.837967089999985], [-0.636155950000026, 42.85335475], [-0.648799369999987, 42.85526306000003], [-0.6558887, 42.858740210000015], [-0.661971119999983, 42.864591600000026], [-0.661975809999979, 42.86932815], [-0.666784200000013, 42.876539960000024], [-0.67614523, 42.880584399999975], [-0.678751819999982, 42.88453630999999], [-0.68052755, 42.88289743999998], [-0.69842861, 42.87895461000002], [-0.704346609999976, 42.88411605000002], [-0.708756500000021, 42.883736179999985], [-0.711731639999974, 42.88539851999998], [-0.717580659999972, 42.88583946999998], [-0.72721339, 42.89327991], [-0.72784546999997, 42.89640806999998], [-0.73175238999997, 42.89607134999996], [-0.73298136, 42.89829284000003], [-0.730301200000019, 42.89990558], [-0.732361039999975, 42.90084688], [-0.73159911, 42.90392037999998], [-0.736349009999978, 42.91301907000002], [-0.724337480000014, 42.918841], [-0.723950430000026, 42.92236311999998], [-0.73286030999997, 42.92830292000002], [-0.733615360000016, 42.93076713], [-0.73204440999997, 42.93183457], [-0.73341763, 42.93314943999998], [-0.73200671, 42.939199600000016], [-0.73461728999998, 42.93986361], [-0.730794770000011, 42.94516365], [-0.743563569999987, 42.95060279], [-0.744473180000011, 42.95556426999997], [-0.751872959999983, 42.96712776000002], [-0.767512, 42.96899172], [-0.773891929999986, 42.96514495], [-0.789767280000019, 42.96384081999999], [-0.801540350000025, 42.95790843000003], [-0.800390819999971, 42.95679677], [-0.80958159000002, 42.951372179999986], [-0.82004978, 42.95103184], [-0.83223778, 42.952677150000014], [-0.837088269999977, 42.95488505], [-0.839593289999972, 42.9526632], [-0.846099459999987, 42.95169629999999], [-0.864770160000018, 42.95094772999999], [-0.875723790000024, 42.95501467], [-0.896149359999985, 42.95531109], [-0.899412160000021, 42.96173736], [-0.90851442, 42.964479469999986], [-0.91476092, 42.96358499], [-0.92053238, 42.957864030000025], [-0.920059660000017, 42.95661279], [-0.925759940000026, 42.95406892], [-0.93490379, 42.95264052999998], [-0.94510062, 42.95344548000003], [-0.95761625, 42.9597568], [-0.973706, 42.96260026999997], [-0.98172635, 42.97078323999997], [-0.99820786999998, 42.97603442000001], [-1.007048309999972, 42.99010997], [-1.01212048, 42.99257546], [-1.020862129999989, 42.99347443], [-1.026582550000024, 42.99219556000002], [-1.033187340000013, 42.99471357], [-1.053458829999973, 42.996834279999966], [-1.05956199, 42.996244630000014], [-1.071998899999983, 42.99787769000001], [-1.079531210000015, 43.0014172], [-1.081273090000022, 43.00063601], [-1.086482150000025, 43.00276737], [-1.08316987, 43.01064506999999], [-1.09160449, 43.01127238999998], [-1.09930728, 43.01375091000003], [-1.114677550000017, 43.02392855000002], [-1.122202100000011, 43.01543481999997], [-1.12896435, 43.01378973000001], [-1.133954539999975, 43.00825229999998], [-1.139965670000014, 43.00950285], [-1.141858160000014, 43.007372469999986], [-1.144545829999974, 43.01345832000001], [-1.14536975, 43.02561911000002], [-1.151980239999982, 43.027410040000014], [-1.16298246, 43.03422385000002], [-1.174367920000014, 43.03730574999999], [-1.17530101, 43.03440311], [-1.181170780000015, 43.03224544], [-1.20742904, 43.046032419999975], [-1.21259298, 43.05168726999998], [-1.229225239999981, 43.05569220999998], [-1.24778859, 43.04285842], [-1.262745479999988, 43.04402336], [-1.26788877, 43.05015269000001], [-1.269615219999973, 43.0551225], [-1.274830080000017, 43.05657011], [-1.28758895000003, 43.064047009999975], [-1.295761350000014, 43.063845060000034], [-1.298474709999987, 43.0660917], [-1.308569990000017, 43.06922225999999], [-1.308650629999972, 43.07298747000003], [-1.306064450000021, 43.07546148], [-1.305772829999982, 43.08024772], [-1.299637500000021, 43.09243008], [-1.28907852, 43.10406867], [-1.28656509, 43.10430113000002], [-1.28123134, 43.11002007], [-1.27041612, 43.11699760000001], [-1.270036339999985, 43.11826152], [-1.27298448, 43.11876537999998], [-1.29007304, 43.11557365], [-1.303254360000025, 43.11539202], [-1.319636239999987, 43.11278868], [-1.33257139, 43.10762041], [-1.334676330000017, 43.10205916999998], [-1.34464854, 43.09454109], [-1.34616816000001, 43.09058298999998], [-1.33996246999997, 43.08107396], [-1.34432598, 43.0732311], [-1.34525999, 43.05724309999998], [-1.342560079999975, 43.054448469999976], [-1.35416864000003, 43.02812404], [-1.441208420000012, 43.04635441000001], [-1.46522729, 43.07276629], [-1.472243309999977, 43.08155885999998], [-1.47340705, 43.08663508999999], [-1.467844250000022, 43.095394349999985], [-1.463775250000025, 43.097924119999966], [-1.45319842, 43.10072607], [-1.4498683, 43.10461603999998], [-1.44080511, 43.10775252], [-1.44350741, 43.11168839999998], [-1.427336139999975, 43.11683396], [-1.426835, 43.12151856], [-1.423812980000024, 43.12479069], [-1.414084180000019, 43.12830309], [-1.414839509999978, 43.13570647], [-1.40999353, 43.14287899], [-1.416145639999981, 43.14940277], [-1.40882279, 43.15482099], [-1.40218665, 43.156025089999986], [-1.40396931, 43.16077748], [-1.402231379999973, 43.17789818], [-1.391322639999988, 43.186146519999966], [-1.382442489999985, 43.18784011000001], [-1.38140937999998, 43.18968045], [-1.38505194000003, 43.191550929999984], [-1.386654549999973, 43.194716210000024], [-1.382858049999977, 43.19959710999998], [-1.385249680000023, 43.20738394999998], [-1.384262460000018, 43.21120598], [-1.38075373, 43.21447003], [-1.38452520000002, 43.221303919999976], [-1.37835836, 43.22820414000001], [-1.377922420000022, 43.23210595], [-1.38218894, 43.25004956], [-1.38959229, 43.25940185999998], [-1.413653180000026, 43.27366849], [-1.417318269999981, 43.27252169], [-1.42045269999998, 43.269017240000025], [-1.42690813, 43.26716127999998], [-1.43783312, 43.26686088], [-1.45379839, 43.27140013999998], [-1.46164789, 43.271407], [-1.468841069999975, 43.27351145999997], [-1.47816537, 43.2776518], [-1.482552069999981, 43.28313969000002], [-1.492408680000011, 43.28079369], [-1.49880769, 43.28721686999998], [-1.50189215, 43.288103689999964], [-1.505979370000026, 43.29335264], [-1.51556652999998, 43.2940086], [-1.5286146, 43.29276331], [-1.535320889999967, 43.29466675000003], [-1.539840320000015, 43.29192552000002], [-1.55140641000003, 43.29231552000002], [-1.564075749999987, 43.288783280000025], [-1.56294364, 43.28451], [-1.559768329999988, 43.28378576999997], [-1.55635975, 43.27937571000001], [-1.560007539999985, 43.27520757], [-1.569116250000022, 43.25567400999998], [-1.575656229999971, 43.24993867], [-1.582001750000021, 43.25306996], [-1.595962130000014, 43.25457468], [-1.608710230000014, 43.25199296999998], [-1.6103497, 43.25466018], [-1.617401860000022, 43.257699], [-1.621846750000019, 43.26329029], [-1.63002145, 43.28503488], [-1.627074329999979, 43.29385987], [-1.621422810000011, 43.30010403999999], [-1.625182, 43.30672239], [-1.632748559999972, 43.30723853], [-1.635563860000018, 43.309040450000026], [-1.644576739999976, 43.30675541], [-1.65442819, 43.31236417], [-1.66801365999997, 43.314792], [-1.68582863, 43.30928000999999], [-1.694386780000022, 43.31212419], [-1.703792840000025, 43.30876437], [-1.713373059999971, 43.300021170000015], [-1.72254175, 43.30020483000001], [-1.72985359999998, 43.29542383000002], [-1.735536150000022, 43.30972247000002], [-1.740506649999977, 43.31145202999998], [-1.737801839999983, 43.31344822], [-1.741662259999985, 43.31639907999999], [-1.737127650000026, 43.323372479999975], [-1.73855886, 43.325729349999975], [-1.73738177999997, 43.33015546999999], [-1.74070925, 43.33148870999999], [-1.75050918999998, 43.331785209999985], [-1.75273201, 43.33346624999997], [-1.751534319999988, 43.33653268000001], [-1.75321568, 43.34117022999999], [-1.75727231, 43.34369054], [-1.77179432, 43.34240661000002], [-1.776806290000017, 43.34470235999998], [-1.777691160000017, 43.347944360000014], [-1.784430429999978, 43.34904262], [-1.789237960000021, 43.35298344000002], [-1.779009460000025, 43.363409809999965], [-1.790174389999989, 43.36980435], [-1.791279390000021, 43.37382292], [-1.78777325, 43.37919303000001], [-1.788774640000025, 43.38055393], [-1.791898030000013, 43.37809747], [-1.79694621999997, 43.3824907], [-1.790418539999979, 43.38855381], [-1.78934514, 43.385417980000014], [-1.787897739999984, 43.38618603], [-1.789820310000016, 43.38883563000002], [-1.788248589999975, 43.390881], [-1.79093691, 43.39166579], [-1.788501600000021, 43.39305373], [-1.79224433, 43.39359752], [-1.79106241, 43.39590816999998], [-1.801758859999969, 43.390726130000026], [-1.80319048, 43.388246909999964], [-1.8040227, 43.38924609], [-1.80536877, 43.38797253000001], [-1.80553903, 43.38936099], [-1.814077050000019, 43.38774801000001], [-1.82184156, 43.38334413], [-1.822342249999988, 43.38553732], [-1.83191334, 43.38407773], [-1.839956819999974, 43.38113415], [-1.841230500000018, 43.378427770000016], [-1.845531430000015, 43.376202180000014], [-1.848623069999983, 43.37785412], [-1.84880978, 43.37972888999999], [-1.85464814, 43.37451103999998], [-1.85731835, 43.37560930999999], [-1.859223770000017, 43.37470991999997], [-1.861557279999974, 43.37005998], [-1.864969839999987, 43.37238105], [-1.868059560000024, 43.36951234], [-1.87078171, 43.36914310000002], [-1.87206097, 43.36405031000002], [-1.875212359999981, 43.363144949999985], [-1.88336088, 43.34950238], [-1.91681555, 43.336696439999976], [-1.928045040000015, 43.33576696000003], [-1.92328855, 43.33339007], [-1.923781219999988, 43.33203506999997], [-1.929517670000013, 43.33198996999998], [-1.931655849999983, 43.33385588], [-1.930948150000013, 43.33552405999998], [-1.93328519, 43.3359061], [-1.941113099999979, 43.335492760000015], [-1.94841378, 43.33203056999998], [-1.94982388, 43.334663809999974], [-1.96239588, 43.33814642999999], [-1.963272599999986, 43.33592132000003], [-1.966492150000015, 43.335923520000016], [-1.96799113, 43.334091189999974], [-1.973093710000022, 43.33580303999999], [-1.971421270000021, 43.33257342000003], [-1.972312770000014, 43.32871864], [-1.97878629, 43.32662475999998], [-1.980820570000022, 43.32740831000002], [-1.980428449999971, 43.32872843], [-1.98136184, 43.32675584], [-1.980191039999981, 43.32375598], [-1.988662540000015, 43.32755012], [-1.99175052, 43.32653295999999], [-1.994001189999987, 43.32467995], [-1.993173830000015, 43.323249979999986], [-1.990205209999983, 43.322287309999965], [-1.990578220000025, 43.32284887], [-1.98822558, 43.32341331000002], [-1.98969038, 43.32284101000001], [-1.98736034, 43.322046], [-1.989944170000016, 43.32241106], [-1.986591479999989, 43.32007624999998], [-1.990940430000017, 43.31587378999997], [-1.997406249999984, 43.315624640000024], [-2.00475936, 43.31842631], [-2.00499016, 43.32166084999999], [-2.00843906, 43.32419405], [-2.012866279999988, 43.323458080000016], [-2.01459763, 43.32087981999997], [-2.02262699, 43.32236263], [-2.02537025, 43.32048624], [-2.030467749999983, 43.32099796999998], [-2.038132250000026, 43.31749727], [-2.04494434, 43.31718542999999], [-2.04672052000002, 43.31479617], [-2.052074710000024, 43.31305801], [-2.07000785000001, 43.31118890000002], [-2.073837089999971, 43.307501320000014], [-2.081681379999973, 43.30815911], [-2.102826550000022, 43.30320413], [-2.104484379999974, 43.30113715999998], [-2.108959059999987, 43.30118125000002], [-2.121381849999988, 43.293804090000016], [-2.123732859999986, 43.2940473], [-2.126607760000018, 43.29042259], [-2.13037223000002, 43.290082200000015], [-2.13238155, 43.29180836000003], [-2.129053309999985, 43.28815996], [-2.130502139999975, 43.28745519999999], [-2.133272419999988, 43.2907076], [-2.13199935, 43.29354331], [-2.134346829999975, 43.29143612], [-2.14230604, 43.29346829], [-2.144500769999969, 43.29255733], [-2.149593639999969, 43.29596313000001], [-2.14989259, 43.29397538000001], [-2.156146970000025, 43.29187881999998], [-2.174289270000021, 43.288464], [-2.17834453, 43.28938476999997], [-2.178846599999979, 43.291459419999974], [-2.18376983, 43.29478144], [-2.18957136, 43.29236462], [-2.19197761999998, 43.298684850000015], [-2.197852579999988, 43.29912256000003], [-2.20159906, 43.30111185], [-2.201767510000023, 43.30331012], [-2.19907105, 43.30396654000003], [-2.202682419999982, 43.30500036999999], [-2.20146398, 43.30671169], [-2.2007684, 43.30522107], [-2.199964919999987, 43.30631398], [-2.197375860000025, 43.30535931], [-2.198160039999985, 43.30386108], [-2.19653441, 43.305587489999986], [-2.199783799999972, 43.30696103000002], [-2.19878196, 43.31000651], [-2.200856970000017, 43.31162388], [-2.202521649999972, 43.31162654], [-2.203398109999983, 43.30684229], [-2.206303069999974, 43.30438633000003], [-2.2146475, 43.30746966], [-2.215539910000022, 43.30902458], [-2.22846191, 43.31101278], [-2.239640519999969, 43.30850365], [-2.23956489999997, 43.30468524000001], [-2.244918890000025, 43.30346022], [-2.246360960000013, 43.30150678], [-2.24816431, 43.30223906000003], [-2.246218729999972, 43.306026109999976], [-2.24925276, 43.30295759], [-2.26011826, 43.30370401000001], [-2.259898489999981, 43.30149647999996], [-2.26183238, 43.30164408999999], [-2.262537900000011, 43.29937951999999], [-2.268318319999984, 43.30055137], [-2.279299089999985, 43.29570489000002], [-2.286051059999977, 43.294973019999986], [-2.29515619, 43.29541691999999], [-2.3036541, 43.29831460999997], [-2.304174849999987, 43.29697610999998], [-2.31136624, 43.29990126000003], [-2.31318121000002, 43.29748098], [-2.31637499, 43.29851769999997], [-2.317775260000028, 43.29677921], [-2.320172379999977, 43.29850441], [-2.321298020000027, 43.297061379999974], [-2.324970749999982, 43.29716424], [-2.343137670000023, 43.30336652000001], [-2.345790320000027, 43.30320169999998], [-2.346700589999974, 43.29994726999998], [-2.352927600000018, 43.298704159999986], [-2.357013460000016, 43.3017348], [-2.356705109999987, 43.30408325000002], [-2.364041679999985, 43.30642058], [-2.36640431, 43.30569536], [-2.37094459, 43.30781856999999], [-2.371024750000026, 43.30961092000001], [-2.374429070000014, 43.308314990000014], [-2.38078854999998, 43.30862885999998], [-2.38355709, 43.30677092000003], [-2.38351704999997, 43.30829246999998], [-2.379925229999971, 43.30985778999998], [-2.380285769999968, 43.31320944], [-2.400162340000012, 43.32221227000002], [-2.40727724, 43.32237555999997], [-2.40774398000001, 43.323845720000016], [-2.40794174000001, 43.32253209], [-2.41172461, 43.32418147], [-2.41047254000002, 43.32228406], [-2.4131341, 43.32126225], [-2.417537130000013, 43.32255445], [-2.418329219999977, 43.32485465], [-2.420043230000016, 43.32230608], [-2.4202918, 43.32470255], [-2.420873589999986, 43.32318374], [-2.422728919999968, 43.32393150999997], [-2.42088702, 43.32696570999998], [-2.418946310000014, 43.32610942], [-2.419968049999988, 43.32502507], [-2.41550767999998, 43.32583073], [-2.41750842, 43.325561819999976], [-2.422384320000019, 43.32906235], [-2.420622639999979, 43.32882831000003], [-2.432442389999983, 43.33382218999997], [-2.43903885, 43.33417896999999], [-2.44142322, 43.33245280000001], [-2.4534378, 43.33661703999998], [-2.459738770000018, 43.33556651], [-2.471945430000021, 43.350463009999984], [-2.47545652, 43.351100489999986], [-2.478658939999975, 43.35608563000002], [-2.48202076, 43.35546161], [-2.484989450000019, 43.35753706], [-2.48749484, 43.36335622], [-2.490148880000018, 43.36475478], [-2.49180949, 43.36246605], [-2.496525320000016, 43.36378358], [-2.497860410000027, 43.36202457999998], [-2.501746609999981, 43.36368941999998], [-2.50058948, 43.36482793], [-2.50260614, 43.364224429999986], [-2.49883353, 43.36673819], [-2.503468530000023, 43.367433779999985], [-2.503776980000025, 43.37046963], [-2.509732379999979, 43.377365759999975], [-2.520293419999986, 43.374970400000024], [-2.525616520000013, 43.37618122], [-2.528354550000014, 43.37489591], [-2.534091280000011, 43.37691844], [-2.54293084999998, 43.37349643], [-2.547821589999974, 43.374794529999974], [-2.550353210000023, 43.37405139999998], [-2.552129310000018, 43.38152884], [-2.557216250000025, 43.38481728999999], [-2.558320930000011, 43.38909868], [-2.562690229999986, 43.39101543], [-2.57199436000001, 43.39006018], [-2.581775979999985, 43.38608038], [-2.58334703, 43.383835], [-2.582675220000016, 43.388172700000034], [-2.58527473, 43.38900155000002], [-2.58942199, 43.38736870000002], [-2.593323940000018, 43.39099341], [-2.597266290000022, 43.39045809000003], [-2.60140084999998, 43.394488539999976], [-2.60918254, 43.39219224], [-2.6186305, 43.39186395], [-2.621678760000012, 43.39409815999997], [-2.627907950000012, 43.39516310000002], [-2.63801233999997, 43.40283129], [-2.63636628, 43.4116684], [-2.646308969999974, 43.41594066000003], [-2.64875724000002, 43.41550699], [-2.652390029999978, 43.41097987000001], [-2.65494871, 43.41280651000001], [-2.65655999000002, 43.40964180999998], [-2.66139177999998, 43.409187989999985], [-2.667845020000017, 43.41259256999997], [-2.67378567, 43.412681710000015], [-2.678842420000027, 43.41175055999999], [-2.683563769999981, 43.4064241], [-2.689745300000014, 43.40518043], [-2.69567774, 43.40676314000001], [-2.698719710000015, 43.40849104], [-2.696965340000015, 43.40860346], [-2.697014900000027, 43.41104378999999], [-2.699672169999973, 43.41069062999998], [-2.701279689999989, 43.41281988000002], [-2.700378189999978, 43.41528473], [-2.704986790000013, 43.41756583000003], [-2.71146642, 43.418716929999974], [-2.712741710000016, 43.42070110999999], [-2.713308589999972, 43.4183794], [-2.723573619999985, 43.41840469], [-2.72013826, 43.41868447000002], [-2.71978322, 43.42066457], [-2.719644519999989, 43.41860222000002], [-2.718038090000012, 43.418724329999975], [-2.718488529999973, 43.42014814], [-2.709682090000011, 43.42244924000002], [-2.718906859999972, 43.42050933999999], [-2.72092973, 43.42653825], [-2.729297130000012, 43.42576599], [-2.738706519999972, 43.42968680999997], [-2.74777493, 43.444573519999985], [-2.746840780000027, 43.4522342], [-2.752061950000011, 43.45695498999997], [-2.76100213, 43.44981561], [-2.76591383, 43.44849317000001], [-2.772585410000025, 43.44908297999997], [-2.772170330000014, 43.44772249], [-2.776740960000027, 43.44494017999999], [-2.782574, 43.44494247], [-2.783291239999981, 43.44826646999998], [-2.785850109999968, 43.44810023], [-2.78696737, 43.446688639999984], [-2.784285649999986, 43.4449858], [-2.789026369999976, 43.44454042000002], [-2.788810869999981, 43.44255005], [-2.79671901, 43.43910677999999], [-2.80021183, 43.43289996], [-2.80697811, 43.43048949], [-2.81212278, 43.43289329999999], [-2.81936418000002, 43.43258091], [-2.82374531, 43.43434367000001], [-2.827410420000024, 43.43163898999999], [-2.841047270000019, 43.43300961], [-2.844112210000021, 43.431920720000015], [-2.846829359999987, 43.43317065], [-2.851482860000019, 43.43003433000002], [-2.85574228, 43.43133647], [-2.863131709999981, 43.43094946], [-2.867911110000023, 43.43191862000002], [-2.86990603, 43.43500944], [-2.875651709999986, 43.434979890000015], [-2.875167940000011, 43.4358888], [-2.877096740000016, 43.43529662999997], [-2.88054019, 43.43728128999997], [-2.882805200000027, 43.43535671999999], [-2.888511919999989, 43.436362], [-2.894506310000013, 43.43550334], [-2.893274690000025, 43.43325109000001], [-2.89681857000002, 43.43455102], [-2.900588380000028, 43.43382506], [-2.900009859999976, 43.432500899999965], [-2.89767338, 43.43323716], [-2.900158979999978, 43.431987779999986], [-2.90233074000002, 43.43371853], [-2.90128758, 43.43691417999999], [-2.904448130000013, 43.43862773999998], [-2.90599429, 43.43764755999999], [-2.91034182000002, 43.439010770000024], [-2.91182744, 43.43713002], [-2.91890539, 43.43891821000001], [-2.931996319999987, 43.43467682], [-2.946909009999976, 43.43602653999997], [-2.94659201999997, 43.431272069999984], [-2.951955590000024, 43.42968073], [-2.955470190000024, 43.42205545999999], [-2.952307050000011, 43.42282853], [-2.95354361, 43.42131630999999], [-2.95065386000001, 43.4201625], [-2.953064469999988, 43.41798447], [-2.94888971, 43.41742436], [-2.947924730000016, 43.41910773999998], [-2.94593672, 43.41820635000001], [-2.945092460000022, 43.41275658999999], [-2.950052499999979, 43.41177740000001], [-2.94996779, 43.41339085999998], [-2.95409485, 43.41140266], [-2.9594295, 43.41309757], [-2.960329299999978, 43.415898279999986], [-2.966988910000015, 43.41289298], [-2.970471860000028, 43.41338021], [-2.974304799999983, 43.40463786], [-2.985026029999984, 43.39946232000001], [-2.986594800000013, 43.39759861], [-2.98537081, 43.39548861999998], [-2.990114580000025, 43.395302860000015], [-2.991349960000024, 43.39183625], [-3.00370956, 43.386478979999964], [-3.005633240000013, 43.38365856999999], [-3.014437829999979, 43.38309256], [-3.015857059999987, 43.38087727999997], [-3.022028869999973, 43.378463119999985], [-3.031127250000026, 43.379046379999984], [-3.03373003, 43.37531781], [-3.037209769999984, 43.37309264999998], [-3.039604580000023, 43.37330796999998], [-3.03270091, 43.366466680000016], [-3.019405820000014, 43.35839254999998], [-3.020108010000012, 43.35442144000002], [-3.023081949999978, 43.35446593], [-3.012591780000013, 43.34774109], [-3.01524299000001, 43.3408073], [-3.027815030000026, 43.34194861999997], [-3.02243572, 43.34132844000003], [-3.02086806, 43.33873542], [-3.017289960000025, 43.33700711], [-3.021473069999982, 43.34028409], [-3.018240850000021, 43.340581780000015], [-3.01498341, 43.33858320999998], [-3.01468773000002, 43.34041116999999], [-3.010245930000021, 43.33724202], [-3.014709989999985, 43.32941661], [-3.01536396, 43.33037101999998], [-3.01625147, 43.32785862999999], [-3.018262229999988, 43.328722779999985], [-3.017041499999988, 43.330307759999975], [-3.018336229999979, 43.32869575000002], [-3.01670771, 43.32730028000001], [-3.018742780000015, 43.3269308], [-3.020790880000022, 43.32882141999996], [-3.01890292000002, 43.326201400000016], [-3.02071583, 43.32554377], [-3.026564929999971, 43.33220599000001], [-3.02338059, 43.32721812999998], [-3.0310083, 43.33016337000002], [-3.029606739999986, 43.33017157000002], [-3.030177439999975, 43.33166298000002], [-3.028309759999987, 43.33111122], [-3.02893139, 43.335229880000014], [-3.037370159999984, 43.33592382000002], [-3.04378818, 43.33914768000001], [-3.042072219999988, 43.33988530999998], [-3.03833046000001, 43.33801039], [-3.03140706, 43.33726952], [-3.03092718, 43.3396614], [-3.04096073000001, 43.34081359999997], [-3.038471499999978, 43.3427161], [-3.032370410000014, 43.34206897999998], [-3.032221470000016, 43.34330728], [-3.03435901000001, 43.343534], [-3.031876339999977, 43.34665517], [-3.040424439999983, 43.34973279], [-3.04616781, 43.343316329999986], [-3.070833489999983, 43.35450038], [-3.068799969999984, 43.35950007], [-3.07284778, 43.35990140999998], [-3.071743660000016, 43.36214432], [-3.05935401, 43.36125241], [-3.060749899999976, 43.35866678999998], [-3.049833389999973, 43.35724998000003], [-3.049763770000024, 43.35945033000002], [-3.04528747, 43.35899341000002], [-3.059605259999985, 43.36184158000001], [-3.072262979999978, 43.36272010999997], [-3.075304670000013, 43.35504818000002], [-3.07757202, 43.35441647000001], [-3.08139910999998, 43.35639412], [-3.08015333, 43.35825082999998], [-3.086837239999975, 43.36064219999998], [-3.0829293, 43.36357288], [-3.0882202, 43.36017342000003], [-3.09683504, 43.36463267], [-3.10355714, 43.36373483], [-3.104066480000012, 43.36554878000001], [-3.084077440000025, 43.37797258000002], [-3.107474510000024, 43.363897499999986], [-3.10935351999997, 43.36468759000002], [-3.108250560000027, 43.36343478], [-3.111326460000015, 43.362311759999976], [-3.11356444, 43.35787034], [-3.11330582, 43.35144136000001], [-3.117313139999979, 43.34988856999998], [-3.116397499999987, 43.34918985], [-3.121074980000024, 43.34910128000001], [-3.129428699999973, 43.35513424000003], [-3.131681800000026, 43.35273647], [-3.144363559999984, 43.3513255], [-3.157238250000021, 43.353217530000016], [-3.161464690000015, 43.35090648], [-3.16884285, 43.35515500999998], [-3.171172789999982, 43.35875338], [-3.1730985, 43.35894858999998], [-3.17499311, 43.35688367000004], [-3.181860920000015, 43.359097109999986], [-3.185422330000026, 43.3655837], [-3.18902150000002, 43.36403805999997], [-3.189829, 43.36574760000001], [-3.19365079, 43.36438154], [-3.194856390000014, 43.370925819999975], [-3.198357580000013, 43.37341409999997], [-3.205148, 43.3738164], [-3.207675240000018, 43.376504229999966], [-3.208482299999972, 43.37424262], [-3.21189129, 43.3748397], [-3.213380050000026, 43.37698902999997], [-3.21121455, 43.37906408], [-3.213875420000024, 43.37744735], [-3.217919040000025, 43.38287851], [-3.21413258, 43.38393015000002], [-3.20882694, 43.38121152], [-3.21736377, 43.38644535999999], [-3.22417578999998, 43.38556784], [-3.225941539999985, 43.388986119999984], [-3.22133166, 43.391165180000016], [-3.22268269, 43.39258528999998], [-3.221192790000012, 43.39374075], [-3.228191869999973, 43.39647346999998], [-3.246772290000028, 43.39855119000002], [-3.25731225, 43.403012379999964], [-3.264853080000028, 43.401887719999976], [-3.26548719999997, 43.40287676000002], [-3.28119641000001, 43.4029565], [-3.2940777, 43.40563467], [-3.29295734, 43.40636689999999], [-3.304373509999975, 43.40972298], [-3.311214959999969, 43.40950658000003], [-3.310579029999985, 43.40588846], [-3.3131211, 43.40547637], [-3.313147100000023, 43.4033152], [-3.320467440000026, 43.40271874000002], [-3.325969310000021, 43.40620606], [-3.324629499999976, 43.409739639999984], [-3.32717429, 43.41444182], [-3.322770209999976, 43.41784898], [-3.32379008, 43.41916077999997], [-3.326490310000013, 43.4158935], [-3.333755869999979, 43.41632287999999], [-3.332787, 43.41533517999996], [-3.33610556, 43.41456914999998], [-3.337379629999975, 43.41265645], [-3.34321721, 43.41620499], [-3.348811170000018, 43.413738909999985], [-3.352938660000017, 43.41407750000001], [-3.361002989999985, 43.411738320000026], [-3.362603560000024, 43.41295791000002], [-3.365672599999973, 43.41186765000002], [-3.370101310000019, 43.41300608], [-3.371668819999983, 43.416882], [-3.381527159999969, 43.41507584], [-3.38733375, 43.41719952999998], [-3.39302055, 43.41600065], [-3.39928213999998, 43.41773498000001], [-3.40135325, 43.415224500000015], [-3.404326940000025, 43.41474585], [-3.411180459999988, 43.41630637999999], [-3.412138589999973, 43.41917541999999], [-3.415652039999975, 43.418127269999964], [-3.415941920000029, 43.41534380999998], [-3.42002957, 43.41521191], [-3.416533639999982, 43.41517057999997], [-3.414446690000013, 43.41343122], [-3.417332760000011, 43.41461841], [-3.425240849999974, 43.413247800000015], [-3.43225181, 43.41605814000002], [-3.44232712000002, 43.42401592], [-3.450050580000011, 43.43606107], [-3.454490499999974, 43.429956560000015], [-3.455994499999984, 43.41461586999996], [-3.45950819999998, 43.41045079], [-3.46108013, 43.40355224000001], [-3.464720290000017, 43.40393758], [-3.46038256, 43.428141240000016], [-3.463070289999982, 43.42903090999999], [-3.46356921000001, 43.43128004], [-3.471174940000018, 43.43009832], [-3.483171189999978, 43.43081466000002], [-3.48780675, 43.423603079999985], [-3.49152781, 43.42307493000001], [-3.491682259999978, 43.42479666], [-3.48354953, 43.43336004], [-3.47127047, 43.43336703], [-3.46478097999998, 43.43665275], [-3.464967989999976, 43.44460108999997], [-3.46342514999998, 43.44322961999998], [-3.461665729999983, 43.4442542], [-3.463276029999979, 43.44149235], [-3.462024500000012, 43.43940833000001], [-3.46194404, 43.44183987000001], [-3.461742890000021, 43.43975163000002], [-3.459078340000014, 43.438717769999975], [-3.45095193, 43.43931717999998], [-3.43876418, 43.43707713000001], [-3.429783939999979, 43.44100996], [-3.4257535, 43.44427557], [-3.42728682000001, 43.44793472], [-3.425420290000022, 43.451426370000014], [-3.427055990000023, 43.45732726], [-3.430883719999987, 43.46199533], [-3.435228750000011, 43.46458128], [-3.4473252, 43.46711919000002], [-3.45313211000001, 43.46498043], [-3.46365403999997, 43.46519964999998], [-3.472244219999979, 43.46657845], [-3.476867149999969, 43.469647929999965], [-3.49783174, 43.47224252], [-3.512135179999969, 43.47795162000001], [-3.51462786, 43.48028166], [-3.5133586, 43.483736030000024], [-3.515262900000011, 43.48811267], [-3.513071439999971, 43.49221948], [-3.51824963, 43.494663490000015], [-3.52164254000001, 43.493684690000016], [-3.52283517, 43.49574129], [-3.52503516, 43.49411948999997], [-3.526079569999989, 43.496185740000016], [-3.530103640000013, 43.49241243999999], [-3.534693329999986, 43.49395798000003], [-3.538621799999978, 43.49343541], [-3.541117110000025, 43.4972686], [-3.539763619999976, 43.49806733999998], [-3.540617359999987, 43.50365508], [-3.545535959999979, 43.5045053], [-3.546344129999977, 43.50770704000002], [-3.549819529999989, 43.50897811999997], [-3.551898140000017, 43.50764452], [-3.559851680000011, 43.50753407], [-3.56409126, 43.50980048999998], [-3.567369519999985, 43.507137080000014], [-3.57046328000001, 43.50856249], [-3.57846032, 43.50650561], [-3.581970900000027, 43.51008069], [-3.583477500000015, 43.50979394], [-3.580298190000027, 43.51240327], [-3.589366859999968, 43.51365387], [-3.59699093, 43.51266015000002], [-3.59851393, 43.51027507000003], [-3.60350966, 43.50878129000002], [-3.611800729999981, 43.499183830000014], [-3.61433563, 43.4990983], [-3.616136600000028, 43.50104264999998], [-3.618723190000025, 43.49752604000001], [-3.621485610000021, 43.49792536999998], [-3.62233517, 43.49995579000002], [-3.623872480000017, 43.49788544999998], [-3.633371220000025, 43.49660901], [-3.63781519999998, 43.49929486000003], [-3.637382090000026, 43.498099660000015], [-3.644810499999984, 43.49873368], [-3.64599651999998, 43.49626881000001], [-3.648977, 43.49622505], [-3.65160934, 43.493706940000024], [-3.654654729999972, 43.49395981999997], [-3.65807648, 43.49013141000002], [-3.66095004, 43.49052016999998], [-3.67020912, 43.48563123], [-3.67357289, 43.48562962], [-3.67642966, 43.482299199999986], [-3.67536925, 43.48035143000003], [-3.678963239999985, 43.48105966999997], [-3.68114308, 43.47805727999999], [-3.68402937, 43.47851740999999], [-3.685616959999979, 43.47675207999998], [-3.690407329999982, 43.47611114], [-3.695322069999987, 43.47770241000003], [-3.694718570000014, 43.48007426], [-3.700208189999981, 43.47893344999998], [-3.70571916, 43.47964718999998], [-3.71397842999997, 43.47640862999996], [-3.710406959999978, 43.47763735], [-3.71203758, 43.47644766], [-3.723280250000022, 43.47357713], [-3.72708449999997, 43.47014938999998], [-3.72675183, 43.46611738], [-3.729257039999975, 43.46266173], [-3.73461832, 43.459277860000014], [-3.755741539999987, 43.45704299000001], [-3.769534969999984, 43.45883359000001], [-3.777179030000018, 43.45821491999997], [-3.776990639999977, 43.45701856], [-3.77280436, 43.45735291000002], [-3.76388199, 43.45462098999998], [-3.75494477, 43.44963728], [-3.74630791, 43.451872770000016], [-3.745160369999985, 43.44800815], [-3.752471019999982, 43.43551608999997], [-3.744277400000026, 43.43544333], [-3.738773280000018, 43.43286567], [-3.73490387, 43.43854088], [-3.728576459999989, 43.44324735], [-3.726205850000029, 43.44342713], [-3.72136232, 43.43869689], [-3.71666355, 43.42277733], [-3.71165944999997, 43.42260582000002], [-3.713792260000016, 43.42001277], [-3.7110065, 43.417356569999974], [-3.710550109999969, 43.41380797999998], [-3.70894208, 43.413507250000016], [-3.709374209999974, 43.411260630000015], [-3.70901017, 43.41320157000002], [-3.710759980000013, 43.413586060000014], [-3.711386809999981, 43.41755502], [-3.71416885, 43.420102280000016], [-3.711844629999979, 43.422594770000025], [-3.71676876, 43.42237417000001], [-3.721787, 43.43761907999997], [-3.726492890000024, 43.4424186], [-3.735250410000012, 43.43602547], [-3.736434, 43.43151198000001], [-3.7443045, 43.43058065], [-3.746237499999989, 43.43203588], [-3.752404959999974, 43.43016774999997], [-3.755202899999976, 43.43160817000002], [-3.757217189999986, 43.43063141999998], [-3.762512720000023, 43.43416229000001], [-3.760051489999974, 43.43893304999999], [-3.7549411, 43.44138895000001], [-3.75592733, 43.44814503999997], [-3.761402, 43.44809094000002], [-3.76526011999998, 43.44628239], [-3.769201170000027, 43.449083620000025], [-3.776040550000011, 43.44942491], [-3.77428355, 43.445402589999965], [-3.782516070000017, 43.44070943000002], [-3.791278649999974, 43.43221203000002], [-3.784446520000011, 43.42557732999999], [-3.779439630000026, 43.42436873000002], [-3.779136640000012, 43.42096699000001], [-3.782838509999976, 43.42159018], [-3.791715, 43.41826964999998], [-3.792489009999978, 43.41984015000002], [-3.791923809999989, 43.41817815999997], [-3.794886489999989, 43.41612263000001], [-3.79988501, 43.414845199999974], [-3.796911129999985, 43.41225453], [-3.800371709999968, 43.411465], [-3.80335435, 43.41283987000001], [-3.80359658, 43.41715146999998], [-3.807393199999973, 43.41746696], [-3.81448681, 43.41122146], [-3.815314729999979, 43.407559629999966], [-3.810057130000011, 43.39756196999998], [-3.807125569999969, 43.39626794999999], [-3.79923779, 43.400741890000035], [-3.788633009999968, 43.40007416000002], [-3.779934120000028, 43.40491329999998], [-3.77545924, 43.40489497], [-3.770314269999977, 43.40745992], [-3.76654152, 43.40602998999997], [-3.770241309999976, 43.40696425], [-3.774668349999968, 43.40359732], [-3.781790569999969, 43.40203805999998], [-3.786327009999976, 43.39899769], [-3.799834439999969, 43.39840368], [-3.80887533, 43.39347402000001], [-3.81507576, 43.39940117999998], [-3.81797145000001, 43.40489328999998], [-3.81662171, 43.40555125999998], [-3.81813684000002, 43.40525229999999], [-3.81660136, 43.40587557999997], [-3.818186349999982, 43.40617943999999], [-3.81731362, 43.40741031999997], [-3.819413099999976, 43.40647684], [-3.82148648, 43.41221335], [-3.825930030000027, 43.41015623], [-3.827491029999981, 43.40741292], [-3.828945410000018, 43.40800392], [-3.82701051, 43.41304076999995], [-3.820460240000012, 43.41451961999997], [-3.817226950000021, 43.41383134999998], [-3.81422197, 43.415428579999976], [-3.809195720000018, 43.42017369], [-3.81035675, 43.42108397], [-3.8058069, 43.421746389999974], [-3.803718280000027, 43.42636250000001], [-3.804305649999979, 43.428735639999985], [-3.806591949999973, 43.43063758], [-3.810902679999985, 43.42959861999997], [-3.805132920000013, 43.42869381000002], [-3.806380349999976, 43.42679403], [-3.814102449999987, 43.42864843], [-3.811795990000018, 43.43172642000001], [-3.814362020000027, 43.43050157000001], [-3.818918289999988, 43.43210796], [-3.82747387, 43.4324787], [-3.83068606, 43.43515688], [-3.826258340000021, 43.437593169999985], [-3.820210820000012, 43.43724042], [-3.81838694, 43.43577669], [-3.818727350000012, 43.437197], [-3.815153529999975, 43.43700638], [-3.815699589999976, 43.44178401000002], [-3.82767249, 43.44252656000001], [-3.824425569999983, 43.44550353999998], [-3.814838109999988, 43.44481574], [-3.814866, 43.44781415], [-3.823738619999973, 43.448615140000015], [-3.82533753, 43.45167425999998], [-3.81950122, 43.45333703999998], [-3.819030559999983, 43.45234988], [-3.8220242, 43.45161704999996], [-3.82102165, 43.449688209999984], [-3.814332109999968, 43.449474830000014], [-3.808903340000018, 43.456681129999986], [-3.80174799000001, 43.46149500999998], [-3.792327129999984, 43.46143439999999], [-3.79687175, 43.46201531000002], [-3.795101280000014, 43.462756989999974], [-3.78959353, 43.46131811999998], [-3.772034649999978, 43.46777661000004], [-3.766077830000024, 43.466015450000015], [-3.76328621, 43.46719561], [-3.766699369999976, 43.471171050000024], [-3.775476219999986, 43.47005869999999], [-3.775454910000013, 43.471292500000025], [-3.777671060000028, 43.47152068], [-3.77635475, 43.47204284], [-3.780099180000015, 43.47284596999998], [-3.784884930000016, 43.476712509999984], [-3.786327709999971, 43.48212355], [-3.778432749999978, 43.48558098999997], [-3.78677601, 43.48617263000002], [-3.785203629999971, 43.49176631999998], [-3.790311669999969, 43.49080389], [-3.79586503, 43.49268366000002], [-3.80262378, 43.49216819], [-3.811566059999976, 43.49493259], [-3.813497080000011, 43.49319896], [-3.818602019999982, 43.49295544], [-3.82076148, 43.49167030000002], [-3.81980685, 43.49058756999999], [-3.825890610000024, 43.49048978], [-3.827792809999977, 43.48668504], [-3.829217570000025, 43.487773299999986], [-3.83175267, 43.48685443], [-3.83472977, 43.482114269999975], [-3.837504659999983, 43.48246319], [-3.83567426999997, 43.480657620000024], [-3.838659669999969, 43.47834858], [-3.838400009999988, 43.48103388], [-3.842707440000024, 43.483991809999985], [-3.84604072, 43.48358001], [-3.846178599999981, 43.48194013000002], [-3.850988689999988, 43.47926607999999], [-3.862739890000011, 43.4760624], [-3.866728150000023, 43.47740095], [-3.872775419999976, 43.47658956], [-3.87615901, 43.47799543], [-3.87521759, 43.4804519], [-3.878777889999968, 43.48037957], [-3.8796472, 43.4780767], [-3.877545060000021, 43.4772194], [-3.882740119999971, 43.47648606], [-3.882472810000016, 43.475110409999964], [-3.884961760000014, 43.476207750000015], [-3.891132809999982, 43.47206273], [-3.894935079999982, 43.470826420000016], [-3.89061654, 43.473111280000026], [-3.89299243, 43.474083270000015], [-3.891044150000018, 43.47528707], [-3.892071, 43.47700794999998], [-3.90528695, 43.47436479], [-3.908582159999984, 43.47560830000001], [-3.90643932, 43.47784044], [-3.90957519, 43.47668994999999], [-3.908601589999982, 43.47442854], [-3.91022304, 43.47289387], [-3.916014600000014, 43.47487363000001], [-3.928864780000017, 43.47106002999998], [-3.93214879, 43.471555559999985], [-3.93057354, 43.46961440000001], [-3.933297250000014, 43.46825050999998], [-3.93551206, 43.46836748], [-3.935898729999975, 43.47019223999997], [-3.94284734, 43.46941476], [-3.94554485, 43.47114837], [-3.944801599999977, 43.47026305999997], [-3.948209550000023, 43.46919031], [-3.945136399999974, 43.46873851999997], [-3.951265329999988, 43.46379821], [-3.95709809000001, 43.45581651], [-3.9783233, 43.44520961], [-3.978685989999968, 43.44087531], [-3.982254639999967, 43.44147504], [-3.981745179999978, 43.44359548000001], [-3.985015440000016, 43.446358770000025], [-3.999019399999978, 43.43969998999999], [-4.001749949999972, 43.439676109999986], [-4.003910350000015, 43.442538610000014], [-4.01411965, 43.447824220000015], [-4.021180400000015, 43.44878790999998], [-4.019613040000011, 43.44671285], [-4.024134470000015, 43.44367395], [-4.022564110000018, 43.44141886], [-4.034177110000014, 43.44051306], [-4.031590700000017, 43.43665547], [-4.034070860000011, 43.43572362000002], [-4.036341290000013, 43.4391608], [-4.03450679000002, 43.43592678000002], [-4.03887631, 43.43493271], [-4.044299299999987, 43.43700838999999], [-4.04197709, 43.44209909], [-4.04717078, 43.44516721], [-4.04629001, 43.444256809999985], [-4.04904984, 43.442340589999986], [-4.04728823, 43.43907911], [-4.05291957, 43.43674027], [-4.055769849999987, 43.433661479999984], [-4.077355209999984, 43.43084895], [-4.08182, 43.43387735000001], [-4.081650029999989, 43.4382101], [-4.090549569999976, 43.43284904], [-4.093179600000017, 43.432751910000015], [-4.09512351, 43.42680840000001], [-4.098179090000015, 43.426346909999985], [-4.098570260000017, 43.42474937], [-4.100825050000011, 43.42578123], [-4.107472309999983, 43.421070800000024], [-4.112588470000025, 43.41982359999998], [-4.111360299999973, 43.41886305000002], [-4.127513929999981, 43.41465306], [-4.13304462, 43.41449040000002], [-4.134532219999985, 43.411468179999986], [-4.13752796, 43.41182564000001], [-4.137216199999988, 43.41364764], [-4.151840460000023, 43.411673529999966], [-4.155165609999982, 43.4085605], [-4.159042349999982, 43.40913362000001], [-4.16960983, 43.40374053999999], [-4.17179948, 43.40393424999998], [-4.17511571000001, 43.40107287], [-4.180585789999971, 43.40549178999998], [-4.182943599999986, 43.4035315], [-4.19506715, 43.40207292999998], [-4.200255979999984, 43.39904718999997], [-4.20913872, 43.40110577], [-4.21729209, 43.39631005], [-4.221541049999979, 43.39575154000002], [-4.226456199999975, 43.40006614000002], [-4.226275, 43.39904157], [-4.232949749999984, 43.40057267], [-4.24885389, 43.395681960000026], [-4.255033479999975, 43.39714513000002], [-4.261821220000026, 43.39576488], [-4.264948510000012, 43.394136590000016], [-4.26490713999998, 43.39155278], [-4.267923059999975, 43.39348237999998], [-4.271870409999988, 43.393294520000026], [-4.273308950000012, 43.38946066000002], [-4.280254159999977, 43.38799652000003], [-4.28879795999997, 43.390908129999985], [-4.28798951, 43.39354651], [-4.29333049, 43.39502605000001], [-4.29307787, 43.39243564000002], [-4.295915419999981, 43.39058465999999], [-4.30217251, 43.39160319], [-4.30622314, 43.39048552000003], [-4.307795020000023, 43.39238550999998], [-4.317885920000011, 43.39024379999998], [-4.32802016, 43.39125222999998], [-4.33804921, 43.39700630000002], [-4.338518759999974, 43.40543789999998], [-4.34066491000003, 43.405872010000024], [-4.346998730000022, 43.40578865000001], [-4.34991005, 43.40341322], [-4.35596012, 43.402801449999984], [-4.358123449999988, 43.39957926000001], [-4.37269702000002, 43.39309336], [-4.383547729999982, 43.39188221], [-4.3849233, 43.393729479999976], [-4.389355600000023, 43.38992095], [-4.390687419999979, 43.39054129999998], [-4.385033029999971, 43.39529491], [-4.390326409999973, 43.39296163999999], [-4.39127612, 43.395075129999974], [-4.396857199999967, 43.393989669999975], [-4.39594428, 43.39563960000001], [-4.397654589999985, 43.396987390000014], [-4.414676959999972, 43.39831802], [-4.4311203, 43.39705108999998], [-4.43159976, 43.393812540000035], [-4.43424328, 43.39438273000002], [-4.43657073000002, 43.39725293999999], [-4.438565260000011, 43.39648053], [-4.437513210000025, 43.39533219], [-4.439188189999982, 43.39358231], [-4.441507799999983, 43.39350809999997], [-4.43946577000002, 43.395919949999985], [-4.443500040000012, 43.39785009], [-4.4459223, 43.39533431999997], [-4.4480238, 43.39646931], [-4.450533829999973, 43.39557311], [-4.4507133, 43.39377897999998], [-4.453582969999976, 43.39502118], [-4.45369061, 43.39229150000002], [-4.459164149999988, 43.393986699999985], [-4.459382410000017, 43.3912466], [-4.464478559999987, 43.39264921], [-4.47245006, 43.38894911], [-4.474334579999971, 43.38919105], [-4.47241091, 43.394393319999985], [-4.476686790000012, 43.39555380999997], [-4.487406789999986, 43.393100860000025], [-4.49027584, 43.39378387999999], [-4.49032416, 43.396763679999985], [-4.49513396, 43.39752033999998], [-4.508921570000012, 43.39330543000002], [-4.51315747000002, 43.39333053999998], [-4.524681839999968, 43.39742755999998], [-4.532158610000012, 43.39766079000001], [-4.5312286, 43.39897888], [-4.5342282, 43.39991113999998], [-4.546005430000023, 43.399761549999965], [-4.54705672, 43.39788343999998], [-4.545710249999978, 43.39737939], [-4.54926645, 43.39591759000001], [-4.55729619999998, 43.39797858], [-4.556254389999975, 43.393940809999954], [-4.56490589, 43.39329150000002], [-4.56652744999997, 43.39200869], [-4.572048, 43.39444515000001], [-4.57671728, 43.39308424], [-4.575954880000026, 43.39558895], [-4.578178149999987, 43.39561232], [-4.577969639999984, 43.39804636999997], [-4.58189598999998, 43.39945082], [-4.592115030000017, 43.39686883999999], [-4.60451822, 43.397541890000014], [-4.605763960000016, 43.39608371], [-4.60620458000002, 43.39733812999998], [-4.61322783000002, 43.397689489999976], [-4.61895411, 43.39524041999998], [-4.618215710000026, 43.39858247999997], [-4.626944760000022, 43.39760321000002], [-4.630255470000019, 43.39857355], [-4.630905949999972, 43.40026610000001], [-4.63630622000001, 43.40040506], [-4.642072720000019, 43.40267253000002], [-4.652968869999979, 43.400543609999986], [-4.665897489999975, 43.4063709], [-4.680871009999972, 43.409231270000014], [-4.691332370000013, 43.407906479999966], [-4.695443079999978, 43.40871903999999], [-4.699397090000023, 43.404806500000014], [-4.695981229999974, 43.40897218999997], [-4.69837864, 43.41255635000001], [-4.707470400000027, 43.410395010000016], [-4.70978718, 43.41240439], [-4.71277533, 43.41149526], [-4.714347370000028, 43.41293040999999], [-4.713372199999986, 43.41514208000002], [-4.718794369999984, 43.41643839], [-4.723418219999985, 43.415711489999964], [-4.722513789999972, 43.416922689999986], [-4.724402050000014, 43.41860506], [-4.727381250000018, 43.41781275], [-4.727933280000025, 43.41594051000001], [-4.73562458, 43.41795808], [-4.7358003, 43.415893419999975], [-4.73877256999997, 43.41659563000001], [-4.74020935, 43.41500702999998], [-4.742181280000032, 43.41829962000002], [-4.744344169999985, 43.41661887000002], [-4.745238970000012, 43.41938756], [-4.747118500000014, 43.41859351], [-4.747307389999987, 43.42043650999999], [-4.751822109999972, 43.420637610000014], [-4.746692550000019, 43.421823569999965], [-4.750020820000014, 43.42157461], [-4.75272304, 43.42274883000001], [-4.75029822, 43.42305608], [-4.75820674000001, 43.425690150000015], [-4.764748649999983, 43.425913589999986], [-4.766094809999985, 43.42929645], [-4.76804452, 43.42836589999998], [-4.76973549, 43.43000556000001], [-4.785625259999987, 43.43172161], [-4.783984379999974, 43.42928002999998], [-4.785811889999974, 43.4258839], [-4.78684614, 43.43206272], [-4.79214675000002, 43.43248405999998], [-4.792333049999986, 43.43084235], [-4.8047124, 43.433313019999986], [-4.80819412, 43.43156524], [-4.80968624, 43.4331264], [-4.807612980000019, 43.4344558], [-4.815178930000022, 43.435830729999985], [-4.812929640000026, 43.43954015000001], [-4.817426609999982, 43.43991902000003], [-4.815548549999968, 43.438274029999974], [-4.817497809999988, 43.437756849999964], [-4.81744123, 43.43586683999998], [-4.819944569999974, 43.43734878], [-4.822810970000015, 43.43569137], [-4.83321584000001, 43.43981117], [-4.83353861, 43.43699665000001], [-4.835772040000027, 43.43525901999997], [-4.832181609999987, 43.433794849999984], [-4.836839269999984, 43.43336899000003], [-4.835360610000019, 43.43432017], [-4.83750334, 43.43612264999998], [-4.834466809999969, 43.43704479999999], [-4.834571429999989, 43.438871], [-4.835559250000015, 43.44089013], [-4.839700229999984, 43.44093167000002], [-4.839290160000017, 43.44656591], [-4.842790290000017, 43.44665365999998], [-4.842586049999987, 43.444811089999966], [-4.849874339999986, 43.44471148000002], [-4.848663630000014, 43.443101290000016], [-4.85083836, 43.44187756], [-4.85489571, 43.44241510000001], [-4.854619530000017, 43.4463184], [-4.860690259999981, 43.44439192], [-4.862949039999974, 43.44591285999998], [-4.863422350000016, 43.443618080000014], [-4.874742079999979, 43.441614159999986], [-4.879495290000022, 43.44665952], [-4.88313305, 43.44640157], [-4.88430956, 43.44847116], [-4.89943218, 43.44911232999998], [-4.896715260000016, 43.45076018], [-4.904831060000012, 43.45180480000001], [-4.90600146, 43.45286580000001], [-4.90459059, 43.45398781999997], [-4.90706025, 43.45430682], [-4.906817909999986, 43.45288820000001], [-4.91018956, 43.45202153000001], [-4.91584756, 43.454285949999985], [-4.91634065, 43.457375120000016], [-4.923564920000029, 43.45716374999998], [-4.92478672, 43.459052069999984], [-4.928054789999984, 43.45959127], [-4.926066959999979, 43.46238905999998], [-4.93048666, 43.46181928], [-4.93652533999997, 43.45698094999998], [-4.936402350000012, 43.459711299999974], [-4.944854660000011, 43.45885648], [-4.94236876, 43.46074460000002], [-4.951046970000028, 43.459993539999985], [-4.952078659999972, 43.46093937999998], [-4.95551738, 43.45947596000002], [-4.955371179999973, 43.461459369999986], [-4.96093698, 43.46040958999998], [-4.97510175, 43.4622727], [-4.980509659999973, 43.45866752], [-4.982896589999987, 43.45492542], [-4.98155766, 43.45934267000002], [-4.98510273000001, 43.4615322], [-4.985419759999971, 43.45988794000002], [-4.98902349, 43.46159910999999], [-4.988944190000025, 43.45993472], [-4.989772040000013, 43.46105484000002], [-4.99166197, 43.45913105], [-4.99867359, 43.45997212], [-4.99854946, 43.45883076000002], [-5.001031370000026, 43.45875133], [-5.00608981, 43.45995926000003], [-5.00862767, 43.45858208], [-5.011405250000016, 43.45996490000001], [-5.013273209999978, 43.458518369999986], [-5.016140029999979, 43.45886401999998], [-5.022299529999976, 43.46157352], [-5.037041409999984, 43.46068150999997], [-5.054975399999986, 43.46426834], [-5.057157350000022, 43.46919037], [-5.061830039999967, 43.468448890000026], [-5.06609751, 43.46960540000001], [-5.06585638, 43.46797100999998], [-5.062014, 43.46695088], [-5.073386060000026, 43.466186939999986], [-5.076269180000016, 43.467710339999975], [-5.075055629999985, 43.47054166], [-5.086436699999982, 43.47613318], [-5.09216204, 43.47579445], [-5.096561289999987, 43.47715452], [-5.10078457, 43.47450182999999], [-5.11512345, 43.47653351000002], [-5.1193177, 43.48262364999998], [-5.123517330000015, 43.48460766], [-5.128981780000022, 43.48421791], [-5.13222562000001, 43.48187042], [-5.144336839999976, 43.4785285], [-5.16091233, 43.478369499999985], [-5.17379674000003, 43.47458665999998], [-5.17873791, 43.47480775], [-5.180859170000013, 43.476721199999965], [-5.189439379999981, 43.47601696], [-5.190597249999973, 43.47863298], [-5.19362125, 43.477800649999985], [-5.195507310000018, 43.47525231], [-5.201050670000029, 43.47673044], [-5.203445410000014, 43.476621289999976], [-5.20466652000002, 43.474499790000024], [-5.216229050000027, 43.47489753], [-5.22472875, 43.479765739999976], [-5.22355136, 43.483399280000015], [-5.226840830000025, 43.48643267], [-5.230129489999981, 43.485738280000014], [-5.23299168, 43.48958118000002], [-5.242710740000019, 43.49355083], [-5.2501269, 43.50108559], [-5.264148389999985, 43.50424831999999], [-5.268246790000022, 43.50699434999998], [-5.26984999000002, 43.50950166], [-5.267229750000018, 43.51220983000002], [-5.267857380000018, 43.51575397], [-5.265151549999978, 43.51717621999999], [-5.26427758, 43.51531169], [-5.26536413, 43.51855861999998], [-5.291618460000017, 43.53127128], [-5.295404309999986, 43.53515708], [-5.303579159999988, 43.53532581], [-5.304081190000018, 43.53388406000001], [-5.308763699999983, 43.53237598], [-5.323987710000015, 43.53435455], [-5.33749742, 43.53262048999998], [-5.34704140999997, 43.53491006], [-5.353320409999976, 43.53088226], [-5.36568299, 43.53340032], [-5.37180868, 43.53970222], [-5.37606933, 43.534733590000016], [-5.3858747, 43.53513263], [-5.385559989999978, 43.53013552999997], [-5.3869883, 43.53013498999998], [-5.387981780000016, 43.53593727], [-5.38822388, 43.52974422], [-5.389734699999976, 43.53196364], [-5.38758338, 43.537032809999985], [-5.38901163, 43.54060456], [-5.399361979999989, 43.54410641], [-5.399308139999969, 43.54555718000001], [-5.397071160000026, 43.54533399000001], [-5.397414930000024, 43.54994580999997], [-5.41324669, 43.55487093000002], [-5.432041439999981, 43.54997948], [-5.440231889999978, 43.55262309], [-5.45011438, 43.550871939999986], [-5.472629070000026, 43.55138635000002], [-5.493779169999973, 43.54402065999997], [-5.49905653000002, 43.54951477], [-5.50320861000002, 43.550234220000014], [-5.508480679999987, 43.54870497000002], [-5.518241809999969, 43.55183067], [-5.525533969999986, 43.54947274000003], [-5.52887826, 43.54567115], [-5.545566529999985, 43.54983846000003], [-5.562805519999988, 43.54912887], [-5.56828532, 43.55077955999998], [-5.57912869999997, 43.54872548], [-5.58821163, 43.55009570999999], [-5.58923606, 43.5480016], [-5.593858080000014, 43.54897720000002], [-5.59707774, 43.54785060000001], [-5.601041369999987, 43.549633209999975], [-5.609448289999975, 43.549954690000014], [-5.614169959999977, 43.55465477], [-5.613558939999981, 43.55627142999999], [-5.617565259999976, 43.55901589000002], [-5.616922299999985, 43.55731989999998], [-5.622307, 43.55672821], [-5.622534190000029, 43.55283334999998], [-5.628660580000025, 43.55023448], [-5.638642579999987, 43.55203917], [-5.638541089999974, 43.548863169999976], [-5.642096709999979, 43.549213149999986], [-5.643711660000017, 43.54764513000003], [-5.64291204, 43.54549371], [-5.646997240000012, 43.54437267], [-5.64769662, 43.54197045], [-5.654193759999986, 43.54166658000001], [-5.660306039999981, 43.54330713999999], [-5.661294580000012, 43.545237940000014], [-5.659519090000014, 43.54764730000003], [-5.660700890000026, 43.54918644], [-5.66481103, 43.54975688999998], [-5.67041108, 43.54650177], [-5.66667411, 43.547372419999974], [-5.667450239999971, 43.54616579000001], [-5.665965839999988, 43.54674968], [-5.664546890000013, 43.54432474999999], [-5.666398450000013, 43.54589321999998], [-5.66640226000001, 43.5434531], [-5.66758479999997, 43.545568400000015], [-5.66785073, 43.54261794], [-5.66864544000001, 43.54548059], [-5.67244872000002, 43.54303266], [-5.676496170000027, 43.545269869999984], [-5.6787, 43.54444388000002], [-5.67590292, 43.54249258999999], [-5.67734751999998, 43.54325107], [-5.67629981000002, 43.54223119000001], [-5.67763552, 43.54304623999998], [-5.67716738, 43.54141852], [-5.67916443, 43.54123663000002], [-5.681322979999984, 43.54358099], [-5.67938921000001, 43.54547215], [-5.685317250000015, 43.54433351], [-5.68770782, 43.54548380999996], [-5.684518230000018, 43.54250651], [-5.69329527, 43.54503709000002], [-5.69431191, 43.54646272999998], [-5.689496780000022, 43.55147425], [-5.68850075000001, 43.552181979999986], [-5.686143759999973, 43.550400650000014], [-5.688403049999989, 43.55249041], [-5.683721870000021, 43.55775064999999], [-5.68639477, 43.56050600999998], [-5.68471485, 43.55752922999997], [-5.68583701, 43.556035239999986], [-5.68779604, 43.5574928], [-5.69556406, 43.55011573999998], [-5.698448, 43.55787195999997], [-5.692709200000012, 43.55522519], [-5.69612695, 43.55829592], [-5.698618819999971, 43.55809301999999], [-5.69707998, 43.559398899999984], [-5.69907419, 43.55858648], [-5.695887589999987, 43.56153392999998], [-5.69968695, 43.56093999000002], [-5.700956420000025, 43.563025879999984], [-5.697062640000027, 43.56455848], [-5.697773139999986, 43.56549609999998], [-5.70015813, 43.564557390000026], [-5.701257140000023, 43.56615208999999], [-5.70089075, 43.56820461], [-5.696135530000027, 43.566813299999986], [-5.69134783, 43.56107373], [-5.69301443, 43.565131180000016], [-5.684397530000026, 43.56738684000002], [-5.681545680000012, 43.56478871], [-5.68489680000002, 43.56859062], [-5.676111619999985, 43.57097571999997], [-5.69593262, 43.567538389999974], [-5.70085642999998, 43.56937590999998], [-5.69672742999998, 43.57313799000001], [-5.698904209999978, 43.57279847], [-5.69797563, 43.57557555], [-5.700844920000019, 43.57188824], [-5.70355722, 43.57272446000002], [-5.70579589, 43.57072663999998], [-5.71058883, 43.57073908], [-5.711967209999972, 43.56861749], [-5.73501144, 43.57380352], [-5.738939990000015, 43.57605038], [-5.738959159999985, 43.578931119999964], [-5.743184339999971, 43.57815447], [-5.74351584, 43.582180199999975], [-5.74896803, 43.58522746999998], [-5.75202749, 43.58332606000003], [-5.755584089999985, 43.58336639000002], [-5.755429519999972, 43.58486474], [-5.757181550000023, 43.58444432000001], [-5.75959633, 43.58660093999998], [-5.758647870000016, 43.58834356], [-5.76077892, 43.58862522999998], [-5.760350600000022, 43.59009417999998], [-5.75780675000001, 43.58918320999999], [-5.75952815, 43.59025811], [-5.761608950000015, 43.59052295999999], [-5.759869, 43.59500385000001], [-5.765737919999972, 43.5935834], [-5.76582444, 43.59601232], [-5.767108540000023, 43.59537797999998], [-5.768059329999984, 43.59666049], [-5.767234299999988, 43.59893140999998], [-5.770890910000015, 43.60085961999996], [-5.771189240000017, 43.60222996000001], [-5.767609250000025, 43.60467571], [-5.770928429999976, 43.60815173], [-5.775666580000028, 43.60610092], [-5.775267109999983, 43.6084606], [-5.77790346, 43.60839652999998], [-5.776764090000018, 43.60948666], [-5.778687460000019, 43.61115960999997], [-5.77922726, 43.609696889999974], [-5.781054459999988, 43.61089493], [-5.780864589999985, 43.61242117], [-5.782394210000012, 43.61280711000003], [-5.78190574, 43.61135140000002], [-5.78465164, 43.61016806], [-5.78456743, 43.61290722000002], [-5.788295110000027, 43.612321109999975], [-5.79097198, 43.614200539999985], [-5.78585028, 43.61707165999996], [-5.78604047, 43.61957904], [-5.782873260000014, 43.61916103], [-5.786224759999969, 43.620348859999986], [-5.781548350000025, 43.62294780999998], [-5.780792070000015, 43.62885460999998], [-5.783656219999984, 43.62994632999999], [-5.783099010000024, 43.63130144999999], [-5.787325360000017, 43.62887547999998], [-5.78845515, 43.630522589999984], [-5.79070892, 43.63020644999999], [-5.790477429999977, 43.63136456999999], [-5.794017879999983, 43.62965739000001], [-5.79367041, 43.636067470000015], [-5.795497390000025, 43.63456419999998], [-5.797360459999985, 43.63677850999997], [-5.798903409999988, 43.63530014], [-5.80411186, 43.63640593999997], [-5.80672033, 43.63305555999998], [-5.809920770000027, 43.63257174000002], [-5.811338169999986, 43.64249487999999], [-5.813668810000027, 43.63983546999997], [-5.822365169999982, 43.64445592], [-5.82595466, 43.63956827000003], [-5.83002197, 43.64011585999999], [-5.831153339999979, 43.64308603999997], [-5.834815839999988, 43.64424672999997], [-5.834005110000024, 43.64572541999998], [-5.835745479999971, 43.64529509000002], [-5.83403203, 43.65446725000001], [-5.837247699999978, 43.65218156], [-5.842314210000011, 43.65653942], [-5.83998935, 43.66062184000002], [-5.845394849999979, 43.65717402], [-5.85095423, 43.65725152000001], [-5.852814190000022, 43.65855563000002], [-5.853233380000012, 43.65693351999999], [-5.858852160000013, 43.6551274], [-5.86168236, 43.64553076], [-5.85851223, 43.64038803], [-5.85916907, 43.63646403], [-5.860848350000024, 43.63527854], [-5.86721312, 43.63565020999999], [-5.866672620000028, 43.63132402999999], [-5.877542759999988, 43.62974526999999], [-5.87835277, 43.62568225], [-5.88724557, 43.62321599000002], [-5.895438420000025, 43.62683518999997], [-5.89874568000003, 43.62421232], [-5.900731409999985, 43.62864571], [-5.90155152, 43.62611289], [-5.90644341, 43.62345855000003], [-5.911861529999973, 43.62477914999998], [-5.91478473000001, 43.62371421], [-5.9160736, 43.61961169], [-5.91114276, 43.61656819], [-5.916127589999975, 43.611759179999986], [-5.913978560000026, 43.60959913], [-5.91499290000002, 43.60802460999999], [-5.92790775, 43.59915881], [-5.933541920000021, 43.60139125000001], [-5.947935010000013, 43.597257179999986], [-5.944696360000011, 43.59715163], [-5.946338210000022, 43.59652405999997], [-5.944961780000019, 43.5949749], [-5.939663879999989, 43.59509449999997], [-5.939343110000025, 43.59282256], [-5.94154807999998, 43.593055019999966], [-5.944511220000016, 43.58929617], [-5.94185749, 43.58822106], [-5.9437006, 43.58639085], [-5.956332339999973, 43.57976206], [-5.96457755, 43.57817982], [-5.967127840000026, 43.579419149999985], [-5.96643783, 43.58125582], [-5.97223068999998, 43.57967364999999], [-5.974240179999986, 43.581998329999976], [-5.976496670000016, 43.57877924999998], [-5.97901743, 43.57916372], [-5.980587949999984, 43.57761013], [-5.98530619, 43.580107], [-5.98958142000001, 43.577402130000024], [-5.99217617, 43.57927899000002], [-5.991680770000028, 43.57677992999997], [-5.997096900000026, 43.57411692], [-5.9991332, 43.57646746999998], [-5.998024550000027, 43.57833332000002], [-6.00409636, 43.57964141], [-6.006330549999989, 43.57799798000002], [-6.008466829999976, 43.581102029999975], [-6.011467059999978, 43.58016763], [-6.012935120000021, 43.58253290000002], [-6.016697020000026, 43.58271271999999], [-6.01727169, 43.58826182], [-6.0219598, 43.58590496999996], [-6.030450389999984, 43.58602214000002], [-6.032107260000029, 43.58374526], [-6.036630540000028, 43.58403926000002], [-6.03496309, 43.58043709], [-6.037057660000027, 43.57874273999998], [-6.066029959999979, 43.56589476], [-6.075715239999973, 43.56472498999996], [-6.075803620000026, 43.56670342], [-6.075842559999987, 43.5645505], [-6.07793452999997, 43.56429606], [-6.077366790000022, 43.57040683999998], [-6.079081439999979, 43.567848599999984], [-6.078188249999984, 43.56465836999997], [-6.081717909999976, 43.566129829999966], [-6.086541069999989, 43.56213701000003], [-6.089510160000025, 43.56329923999996], [-6.09251162, 43.55832001999996], [-6.098232779999975, 43.55834505], [-6.099607719999984, 43.56028854999999], [-6.105874, 43.56224317999997], [-6.10521604, 43.55859658], [-6.109146429999972, 43.55630176999997], [-6.11140783000001, 43.55766276], [-6.112989, 43.55543178999998], [-6.114982020000022, 43.55662896000002], [-6.123746750000015, 43.55685777], [-6.123731490000017, 43.56135101], [-6.127176549999975, 43.55925792000002], [-6.132894, 43.55873208999998], [-6.132906790000028, 43.560172319999985], [-6.13561555999998, 43.56083628000002], [-6.13555803, 43.56473643], [-6.142577870000024, 43.56591205], [-6.143945299999984, 43.565064090000014], [-6.144789320000011, 43.56629235], [-6.145356329999982, 43.56434096000001], [-6.14678346000002, 43.56487787999998], [-6.145934259999982, 43.56355073000001], [-6.147365020000017, 43.56368238], [-6.15290149, 43.56798647], [-6.15104671, 43.56946023], [-6.147648090000021, 43.56721301], [-6.147786300000024, 43.56558854], [-6.146394559999977, 43.56596903], [-6.147427689999987, 43.56749819], [-6.15114593, 43.569700589999975], [-6.15424519000002, 43.568345530000016], [-6.154469039999986, 43.57073431], [-6.154967519999985, 43.56842462], [-6.15819163, 43.56638172], [-6.161418030000028, 43.56935368999998], [-6.16539807000002, 43.56732568], [-6.170001919999979, 43.56963795999999], [-6.174006409999987, 43.56619540999996], [-6.177713120000028, 43.568397260000026], [-6.182917579999974, 43.56353444000001], [-6.185712170000013, 43.56369962000003], [-6.191020240000029, 43.56644160000002], [-6.192004490000021, 43.56983545999997], [-6.18820764, 43.57953934], [-6.190498390000021, 43.57859302], [-6.19376554, 43.58041947], [-6.194560740000024, 43.57578738999997], [-6.199015519999971, 43.57268251999999], [-6.2030647, 43.57291115999998], [-6.20913875999997, 43.58513858000001], [-6.21318381, 43.580388], [-6.219953670000012, 43.57936900999998], [-6.221629940000016, 43.58269807], [-6.22492641, 43.582965180000016], [-6.223863200000024, 43.58555221], [-6.226603190000029, 43.58907625], [-6.231315029999976, 43.58824076], [-6.23217652, 43.59114252999998], [-6.237496799999971, 43.59148703], [-6.23671639, 43.59379605], [-6.240755130000025, 43.59218693000001], [-6.24152920000002, 43.59460492], [-6.244508369999982, 43.59517758], [-6.245466829999988, 43.59388085000001], [-6.242493989999973, 43.58881525999998], [-6.24646426, 43.58778411], [-6.245888179999988, 43.58398297999999], [-6.24919597000002, 43.58399696999997], [-6.250256389999985, 43.58114868000002], [-6.25594585, 43.57779035999998], [-6.262420710000018, 43.57683129], [-6.267738719999974, 43.57898416], [-6.269930810000017, 43.57669754000002], [-6.274491609999977, 43.57653086000003], [-6.275331410000016, 43.57329250999999], [-6.279117669999974, 43.5727787], [-6.28179921, 43.574268299999986], [-6.281483459999984, 43.57233261000002], [-6.284122049999977, 43.57212171000001], [-6.28542896, 43.56996829000002], [-6.28806473, 43.57016253999998], [-6.28876016, 43.571790170000014], [-6.289115890000017, 43.57059146], [-6.296364800000029, 43.56954514], [-6.297181630000013, 43.57112419000002], [-6.298815789999976, 43.56930329999998], [-6.295678120000021, 43.56671982999997], [-6.298920380000014, 43.56600498000001], [-6.30002542, 43.56787281], [-6.29994083, 43.56519219999998], [-6.30240589, 43.56521098000002], [-6.303642179999971, 43.56336551999998], [-6.30825466, 43.56348411000001], [-6.309468769999978, 43.56756355], [-6.310127240000021, 43.5635379], [-6.3147479, 43.56560975999998], [-6.31713109, 43.56278548000002], [-6.319357619999986, 43.56454850999998], [-6.320681410000018, 43.56160189000002], [-6.324217830000014, 43.56264247], [-6.32891257, 43.56066], [-6.332086120000025, 43.56162988], [-6.33263661, 43.55971407], [-6.33933256, 43.55878021], [-6.346952780000027, 43.55285791], [-6.35577109, 43.551149569999964], [-6.36116802, 43.55181019999997], [-6.362049359999979, 43.55385509000002], [-6.366291979999978, 43.55156926], [-6.37064181, 43.55143196999997], [-6.37201017, 43.553768519999984], [-6.367807890000022, 43.55833124999998], [-6.370956610000021, 43.55862551], [-6.370708320000014, 43.55728230999998], [-6.37429568, 43.55545670999997], [-6.37935237000002, 43.55754907999997], [-6.383621990000024, 43.55597310000004], [-6.386633650000019, 43.55669415000002], [-6.386864869999988, 43.55838896], [-6.38750863000001, 43.55750552999997], [-6.39019451, 43.55903746], [-6.393587719999978, 43.55861256], [-6.396860570000022, 43.56045101], [-6.40416151, 43.55620906999999], [-6.414758, 43.55794551], [-6.415045720000012, 43.55953052], [-6.420628269999977, 43.55382628999997], [-6.42975339, 43.55276027], [-6.434376349999976, 43.55633977999999], [-6.43620173, 43.55534850999998], [-6.438834340000019, 43.55614259999998], [-6.43906612, 43.55890868999999], [-6.443893279999982, 43.55953751000001], [-6.445487900000021, 43.56274865999998], [-6.449647859999982, 43.56101145], [-6.454474480000025, 43.56465598999998], [-6.46051509, 43.56505832], [-6.46025195, 43.56910884000003], [-6.46508568, 43.56875517999998], [-6.47022627, 43.57115605], [-6.471382049999972, 43.568428889999964], [-6.473981729999984, 43.56734143999997], [-6.472580799999982, 43.56472803000002], [-6.475414560000031, 43.56340835], [-6.473609, 43.55892555000001], [-6.475397140000021, 43.55557587], [-6.4729659, 43.554416369999984], [-6.472217180000024, 43.55172908], [-6.474496810000015, 43.550255179999986], [-6.477708179999979, 43.55034649999999], [-6.48230295, 43.55296154000001], [-6.488682310000017, 43.54895832999998], [-6.50155438, 43.55170655000002], [-6.504244049999985, 43.54941818], [-6.50676978, 43.55113234], [-6.512805449999986, 43.54721036], [-6.517781240000016, 43.54805656000003], [-6.52132609, 43.55068436], [-6.52795456000002, 43.54972346000002], [-6.530300270000025, 43.54792228000003], [-6.531998990000027, 43.550723859999984], [-6.53396657, 43.54838508999998], [-6.536084200000014, 43.54882372999996], [-6.532067220000018, 43.54659814999998], [-6.53329911999998, 43.545227509999975], [-6.534784420000028, 43.54734238], [-6.5367053, 43.54611244], [-6.539530890000012, 43.54743844], [-6.538963750000028, 43.54958985], [-6.53730985, 43.54946102999998], [-6.541426080000027, 43.54978361], [-6.53963994, 43.55246801], [-6.541853849999977, 43.55201221], [-6.54060708, 43.55376154], [-6.54222842, 43.55333311], [-6.542485230000013, 43.554756689999984], [-6.55126797, 43.55169279000002], [-6.552232170000029, 43.55293228], [-6.55719626, 43.55040982000002], [-6.554773519999975, 43.55383457], [-6.5581863, 43.552926959999986], [-6.558403049999971, 43.555765299999976], [-6.56080172, 43.55466413], [-6.56266024, 43.55511034], [-6.56213318999998, 43.55645928999998], [-6.56613952000001, 43.55574901], [-6.566433739999971, 43.5567482], [-6.57486988, 43.55662844], [-6.575198129999969, 43.55757251999999], [-6.577403619999981, 43.55655807999998], [-6.57725028, 43.55794041], [-6.580774340000014, 43.55661448], [-6.58096347, 43.5543757], [-6.59848486999997, 43.55403190000001], [-6.59928593, 43.55667166], [-6.601950259999988, 43.55588537000001], [-6.603667720000023, 43.55686657], [-6.60135984, 43.56321475], [-6.60347492000002, 43.566083120000016], [-6.608517890000017, 43.56137713], [-6.61414387, 43.56166736], [-6.617286189999986, 43.56369264], [-6.61581743999998, 43.56625111], [-6.620206229999975, 43.56551781000002], [-6.622317830000024, 43.567692670000014], [-6.6217487, 43.56997056999999], [-6.626308510000013, 43.57290499000001], [-6.62813118999997, 43.56902965000002], [-6.63260823, 43.56996769000001], [-6.632205780000027, 43.56718945], [-6.63383615, 43.56876717999999], [-6.64350635999997, 43.56896316], [-6.645611020000012, 43.564241229999965], [-6.645648660000014, 43.56609471999998], [-6.649889270000026, 43.56783193], [-6.656329970000022, 43.56602323], [-6.655928399999987, 43.56716151], [-6.658673169999988, 43.56729867000002], [-6.663154639999987, 43.56626363], [-6.66355279, 43.56445918999998], [-6.666229730000028, 43.56572375000002], [-6.67456180000001, 43.56021593000002], [-6.68382255000001, 43.55980944], [-6.684755419999976, 43.558662919999975], [-6.68818188, 43.55902043000001], [-6.68841963, 43.560480290000015], [-6.69106031, 43.55972867999998], [-6.69081213, 43.56255475], [-6.69806472, 43.560285259999986], [-6.6977722, 43.56379703000002], [-6.7009211, 43.56265059000002], [-6.703456700000021, 43.56381981000001], [-6.708491589999987, 43.56153155], [-6.7095043, 43.5641096], [-6.72079149, 43.55619744], [-6.723844460000011, 43.55591781], [-6.732275029999984, 43.56052225000002], [-6.733472029999971, 43.56446255999999], [-6.74121702, 43.56057162], [-6.742141, 43.56469186], [-6.744451399999979, 43.56401286], [-6.746687499999986, 43.56612728], [-6.75843584, 43.56132039], [-6.760462179999977, 43.56383759], [-6.76246125, 43.56273631999998], [-6.764152019999984, 43.564634290000015], [-6.76335723, 43.56856793], [-6.767048580000018, 43.56878827], [-6.770794520000028, 43.56611664], [-6.77462565, 43.56857394], [-6.775550649999976, 43.566733690000014], [-6.77734238, 43.567268619999986], [-6.777447230000011, 43.56478923999999], [-6.78289855, 43.56504085000002], [-6.78088155, 43.55952565000002], [-6.784592480000025, 43.55611645], [-6.788737839999974, 43.55588889000001], [-6.794472, 43.55789519], [-6.799476770000017, 43.55538783000002], [-6.803301870000023, 43.55734919000001], [-6.803268619999973, 43.55937602999999], [-6.81096822, 43.55445549], [-6.81323117, 43.55696384], [-6.816969879999988, 43.55598355], [-6.81931552, 43.561946270000014], [-6.826257150000012, 43.56539608], [-6.828279510000018, 43.56409481000003], [-6.828313070000021, 43.56638051], [-6.832412849999986, 43.56562168], [-6.833232559999983, 43.56702567], [-6.835411439999972, 43.565656], [-6.837099179999981, 43.56727386999999], [-6.84081955000002, 43.56580723000002], [-6.839247120000014, 43.56541898000001], [-6.83864618, 43.56336845], [-6.840570470000015, 43.56306061999998], [-6.839249589999977, 43.56409541999999], [-6.8401072, 43.565119950000025], [-6.84405895, 43.56573418], [-6.851715589999973, 43.56270302], [-6.849915419999974, 43.56514962], [-6.85209363, 43.56532820999998], [-6.852163020000027, 43.56428149], [-6.854081629999979, 43.56563021999997], [-6.85387311, 43.57050801000001], [-6.85717377, 43.56790259], [-6.864782439999977, 43.56683486999998], [-6.867146069999978, 43.56700689], [-6.86489968, 43.57040518], [-6.86648343, 43.56922613000002], [-6.86632696, 43.57045587000002], [-6.876161960000021, 43.562406469999985], [-6.8801654, 43.56516944], [-6.88622149, 43.565575580000015], [-6.885182760000012, 43.56751963000002], [-6.889247770000013, 43.56949691000002], [-6.89323987, 43.56803731], [-6.899767739999971, 43.57094752], [-6.903233879999972, 43.56997371000002], [-6.900994220000022, 43.569807209999986], [-6.90489125, 43.56764819999997], [-6.906613700000021, 43.56862461], [-6.907498829999989, 43.56661360000001], [-6.910123410000018, 43.56641564], [-6.90937324, 43.56821498], [-6.91117404, 43.56829731], [-6.910772880000018, 43.56994064], [-6.91405161, 43.57008930000002], [-6.91421351999998, 43.57277570000002], [-6.92408127, 43.57084316999997], [-6.925378560000013, 43.57498502000002], [-6.930053789999979, 43.57014241999998], [-6.930917750000024, 43.571048979999986], [-6.93169832, 43.569725630000015], [-6.93689618, 43.5698705], [-6.936352180000028, 43.57140179999998], [-6.938483449999975, 43.57009481999997], [-6.94058275, 43.57266026], [-6.94608426, 43.574981989999976], [-6.94789302, 43.573289840000015], [-6.945721910000022, 43.57398616999998], [-6.944269469999981, 43.571848620000026], [-6.94704286, 43.57297714], [-6.94911981, 43.57159979999998], [-6.94795243, 43.56360036999999], [-6.950991349999971, 43.56803277], [-6.953686400000028, 43.56853362000002], [-6.955781039999982, 43.56365332], [-6.95855224, 43.56267489], [-6.960544249999984, 43.56397424], [-6.960195730000031, 43.56205964999998], [-6.963813109999969, 43.56039449], [-6.970918689999986, 43.56169597], [-6.974059859999984, 43.556751900000016], [-6.980175499999975, 43.55731300999998], [-6.981217680000015, 43.55959946000003], [-6.98642927, 43.55546511], [-6.98897132999998, 43.55740196999998], [-6.99088227, 43.55540847000001], [-6.993726750000018, 43.55555203], [-6.993050370000012, 43.55468439000001], [-7.000180759999985, 43.554119519999986], [-7.003185460000028, 43.55742633], [-7.005483159999974, 43.557723829999986], [-7.003563349999978, 43.55565746], [-7.005995229999977, 43.556112289999966], [-7.005971910000016, 43.55501472000001], [-7.009536539999974, 43.55668113999999], [-7.017323740000029, 43.55593905999997], [-7.018162880000025, 43.55850240999998], [-7.023223500000016, 43.55957554000002], [-7.022385080000022, 43.55628294000001], [-7.0240342, 43.55576564], [-7.025807, 43.55784586], [-7.029417100000017, 43.55647601], [-7.025370899999984, 43.5537198], [-7.02272503, 43.55376809], [-7.02199117, 43.54888724], [-7.03015058, 43.54428921], [-7.03620286, 43.54518304999998], [-7.03632946, 43.548957200000025], [-7.03450556, 43.55000304], [-7.041741350000016, 43.55361833], [-7.04210259999998, 43.55568526000002], [-7.044415910000015, 43.55621551000002], [-7.044157939999974, 43.55365875999998], [-7.04651338, 43.55334117999998], [-7.046670619999982, 43.55162500999998], [-7.047103129999972, 43.55512089], [-7.05361939, 43.55648315], [-7.057359979999982, 43.5589071], [-7.060070149999985, 43.55889173000002], [-7.059053140000023, 43.55683919000001], [-7.0667444, 43.55854603], [-7.06437448, 43.55681184], [-7.06629509000002, 43.55389844], [-7.070027040000012, 43.55563803], [-7.07210404, 43.55523081999998], [-7.072114279999987, 43.55299769000001], [-7.074922280000028, 43.55553535999998], [-7.075724739999988, 43.55367006999998], [-7.08192048, 43.55705884000003], [-7.08818428000002, 43.55669056], [-7.088920530000011, 43.55458447], [-7.100685170000017, 43.558843899999985], [-7.105375780000021, 43.556640550000026], [-7.104291519999978, 43.558354120000025], [-7.108051490000022, 43.56066765], [-7.115953449999981, 43.56162531000001], [-7.118471899999989, 43.55970681999998], [-7.116423040000026, 43.55762001999998], [-7.11840757, 43.5574944], [-7.11902411, 43.55437509000002], [-7.121017210000014, 43.55546451999998], [-7.124405129999977, 43.55359553], [-7.12752621999997, 43.55669676], [-7.13526727, 43.55530909999999], [-7.13748892, 43.55756035000001], [-7.13855927, 43.5556579], [-7.143695629999971, 43.5549223], [-7.14476058, 43.556009], [-7.148567589999978, 43.5548443], [-7.14731428000001, 43.55389952999998], [-7.150384009999979, 43.55533643], [-7.1613748, 43.55387375000002], [-7.16447887, 43.55562412000001], [-7.167582229999974, 43.55449347], [-7.175957629999989, 43.556924150000015], [-7.17678502, 43.56369113], [-7.181579150000018, 43.56140882999998], [-7.18470315, 43.56289682], [-7.193619149999972, 43.561678149999985], [-7.22371404, 43.56536658], [-7.235407180000014, 43.56914646999997], [-7.240571779999987, 43.56652382], [-7.24837128, 43.56616162999999], [-7.24558145, 43.565752320000016], [-7.24351556000002, 43.56313728999998], [-7.244597459999987, 43.5593338], [-7.24186727, 43.55131465], [-7.24387888999997, 43.55193307000001], [-7.25575311, 43.54689024], [-7.261475079999982, 43.55118401999998], [-7.251680630000018, 43.55619811], [-7.26143786, 43.55763467], [-7.26394793, 43.55654156000003], [-7.263021620000029, 43.55902498], [-7.27109704, 43.56257621000001], [-7.261741359999979, 43.55947795], [-7.257821279999972, 43.560416569999965], [-7.257002070000024, 43.56459751], [-7.25443645, 43.56631374], [-7.256559479999985, 43.56604548999998], [-7.244795489999986, 43.572353719999974], [-7.24749468, 43.57340564], [-7.2455263, 43.575171470000015], [-7.25127628, 43.57681195999998], [-7.250162419999977, 43.57769974], [-7.252186750000019, 43.577606299999985], [-7.252308339999985, 43.57897922], [-7.253426930000019, 43.57763209000002], [-7.25426335, 43.57913141], [-7.25596148, 43.57827581], [-7.263239260000028, 43.5804979], [-7.265363519999974, 43.58251617999998], [-7.26866194, 43.58292399000001], [-7.272290690000021, 43.58711857], [-7.27357323, 43.58634128999997], [-7.27798726, 43.58780539], [-7.280828459999984, 43.59048971999998], [-7.29069281, 43.59282001999998], [-7.294399289999988, 43.59233844], [-7.292693699999974, 43.59308686], [-7.294571649999981, 43.59910214999998], [-7.29674894, 43.59940729], [-7.29842152, 43.60409783], [-7.30130603, 43.60424119000001], [-7.307425470000016, 43.60821466999999], [-7.306946659999976, 43.611221709999974], [-7.309236789999974, 43.61171141000002], [-7.30985888000002, 43.61728770000002], [-7.316745959999986, 43.61932305000001], [-7.321791769999984, 43.62470478], [-7.324597759999976, 43.62512060999999], [-7.323842860000012, 43.62772404999998], [-7.331341350000014, 43.626692349999985], [-7.333881480000032, 43.62840545000002], [-7.332363820000024, 43.631082929999984], [-7.334212590000011, 43.62990535999997], [-7.33455276, 43.63153095], [-7.33754546, 43.631264149999986], [-7.335322740000014, 43.638433890000016], [-7.33770957, 43.63766794000002], [-7.33877146, 43.6393291], [-7.34313451, 43.64000934], [-7.34412473, 43.64273551], [-7.341765400000014, 43.644742939999986], [-7.349845239999975, 43.6484684], [-7.351572430000028, 43.65263385999998], [-7.354541180000011, 43.65442017], [-7.354878219999985, 43.65564968999998], [-7.35315037999998, 43.654734329999975], [-7.351547170000011, 43.65691117], [-7.352731149999977, 43.65579466000002], [-7.35469787000002, 43.65658387], [-7.35584511, 43.6604383], [-7.352033239999986, 43.65780190999999], [-7.34611664, 43.65674908000001], [-7.355178590000016, 43.66082385999999], [-7.357798979999978, 43.66464000999998], [-7.35621847, 43.66696008999999], [-7.356953279999984, 43.67110933], [-7.364347189999979, 43.671474879999984], [-7.364633900000014, 43.67405671999999], [-7.36781842, 43.676572650000026], [-7.373048199999976, 43.676507319999985], [-7.37473889, 43.674002729999984], [-7.38003874, 43.67575296], [-7.380256, 43.67703202000003], [-7.383049479999976, 43.67672665], [-7.39359566, 43.68015612000002], [-7.3956297, 43.67930351000003], [-7.401402229999974, 43.68410447], [-7.40551868000002, 43.68187492], [-7.403766090000021, 43.68622791], [-7.40655475, 43.68686744999998], [-7.40757084000002, 43.689556029999984], [-7.41360931, 43.6898447], [-7.41612328, 43.69231319], [-7.420535509999987, 43.690899899999984], [-7.425298890000017, 43.69324497], [-7.43480697, 43.69229052], [-7.432745489999973, 43.69394613], [-7.44014696999998, 43.69487363000001], [-7.437841199999974, 43.69641280000001], [-7.438621889999986, 43.69774184], [-7.43435526, 43.69944725999998], [-7.43642588, 43.70110427], [-7.439382670000017, 43.70064712], [-7.439410480000027, 43.69817029], [-7.44440331, 43.69404166000001], [-7.44894061, 43.6926494], [-7.442968459999989, 43.697455579999975], [-7.44787797, 43.69823653000002], [-7.45036746, 43.70018305], [-7.456114539999983, 43.69886934], [-7.46249505, 43.70307622999998], [-7.458445180000023, 43.71053581000002], [-7.459863169999971, 43.71274906], [-7.459276610000023, 43.71070137000001], [-7.462336289999986, 43.70644946], [-7.46911503, 43.702988089999984], [-7.471918030000028, 43.70396754999999], [-7.47124247, 43.70589361000001], [-7.473894820000022, 43.707680169999975], [-7.4784081, 43.70879042999998], [-7.477587260000012, 43.71475543], [-7.47181828, 43.71662026], [-7.47455040000002, 43.717971550000016], [-7.472926139999982, 43.71916059000002], [-7.459113489999971, 43.7165235], [-7.470615749999977, 43.7203045], [-7.47002996000002, 43.722272039999986], [-7.46715873, 43.723221790000025], [-7.46823748, 43.72420583999999], [-7.480650319999977, 43.7238629], [-7.49253281, 43.7278788], [-7.49668153, 43.72559066], [-7.50059170999997, 43.72608462], [-7.503047550000026, 43.72225156000001], [-7.510387919999988, 43.726435829999986], [-7.513942599999977, 43.72302722], [-7.514527770000024, 43.71892585000002], [-7.516589490000015, 43.72108588], [-7.514685390000017, 43.721845469999984], [-7.51519636999998, 43.72682174000003], [-7.523991760000018, 43.73678129999998], [-7.527639759999985, 43.735763300000016], [-7.528417600000023, 43.73323868], [-7.530845420000029, 43.73415057000002], [-7.530245560000027, 43.73245489], [-7.533195780000013, 43.728943669999985], [-7.54146721000002, 43.73243179], [-7.541348829999969, 43.731032089999964], [-7.548836, 43.73235424], [-7.547891680000021, 43.73087043999998], [-7.549768969999987, 43.73074155999998], [-7.54972046, 43.729447119999975], [-7.55688004000003, 43.73005258], [-7.549291600000013, 43.72477383], [-7.55412331, 43.72235738000002], [-7.551001059999985, 43.71899796], [-7.55243095, 43.71624910999996], [-7.55708597, 43.71576615], [-7.558297329999981, 43.71128846], [-7.56589242, 43.709652309999974], [-7.572583579999985, 43.71049161000001], [-7.57360039, 43.71178322999998], [-7.573354919999986, 43.710190599999976], [-7.575782339999975, 43.70931003], [-7.579875389999974, 43.71236872999998], [-7.584851600000026, 43.71138561], [-7.586016550000013, 43.70843993000001], [-7.58349891, 43.70196019], [-7.580622980000018, 43.70086034999997], [-7.580571629999971, 43.69774750000001], [-7.5766196, 43.69522332], [-7.57627612, 43.69299544000001], [-7.582622119999977, 43.68787027000001], [-7.590177010000024, 43.68705338], [-7.5914561, 43.68382397000003], [-7.593741200000014, 43.684506210000016], [-7.596158419999976, 43.6822122], [-7.60066607, 43.68178743], [-7.59698015, 43.68144086999999], [-7.594298840000027, 43.67930723000003], [-7.594114560000024, 43.67348994000002], [-7.598712200000016, 43.67732887999996], [-7.595015840000023, 43.67343563], [-7.593695569999983, 43.66817615], [-7.594278470000012, 43.66616352000001], [-7.596278259999981, 43.66611556999999], [-7.59666906, 43.66264977], [-7.59880405, 43.66343112999998], [-7.599708589999969, 43.66632948999997], [-7.59667771000002, 43.66781472000001], [-7.596138280000011, 43.67367849999998], [-7.599153250000013, 43.67628479000002], [-7.59693512, 43.67404250999998], [-7.59871435, 43.672332319999974], [-7.603932170000014, 43.67131162], [-7.60886912, 43.672129569999974], [-7.610781769999973, 43.67361874], [-7.609715960000017, 43.67557038000001], [-7.61226239, 43.67497231], [-7.610928359999988, 43.67876233000001], [-7.612951480000014, 43.67845547], [-7.614370820000029, 43.68126991000001], [-7.614031990000019, 43.68897186999999], [-7.607070169999989, 43.69363751999997], [-7.60520010999998, 43.697080020000016], [-7.60532855000001, 43.70199027], [-7.60670843, 43.7010523], [-7.606853, 43.70261292], [-7.61061939, 43.69878556], [-7.614641849999982, 43.70288326999999], [-7.611947690000018, 43.71094154000003], [-7.60732141, 43.71292001000001], [-7.608520259999988, 43.71657166], [-7.60609246, 43.71776804000001], [-7.607462129999987, 43.71927918000002], [-7.6137519, 43.71536088999998], [-7.615138920000013, 43.71919392], [-7.619878249999984, 43.717552650000016], [-7.620038990000012, 43.71899556], [-7.625909569999977, 43.71995499], [-7.627566350000023, 43.72260657999998], [-7.629590039999969, 43.72212835000001], [-7.626613519999971, 43.72538202], [-7.631842659999982, 43.729761140000015], [-7.629928939999973, 43.73536642000003], [-7.635012260000015, 43.73896807999998], [-7.630392799999969, 43.74185646], [-7.630199519999985, 43.74642862], [-7.63222925, 43.746661299999985], [-7.63340875, 43.75083561], [-7.636874739999985, 43.75100986000001], [-7.636393290000012, 43.75297398999998], [-7.64846447999998, 43.751204329999986], [-7.64904477, 43.74795775], [-7.651437780000029, 43.7482293], [-7.65097089, 43.74397212], [-7.654365750000028, 43.74355456], [-7.65495733, 43.74573605000002], [-7.662458509999977, 43.74574477], [-7.667799970000027, 43.74783997], [-7.67308081, 43.74644439999999], [-7.67576442000002, 43.73834015], [-7.673766290000012, 43.73532515999999], [-7.68035938, 43.733578400000034], [-7.68000732, 43.73161228], [-7.683098350000023, 43.730018], [-7.692095679999974, 43.732196], [-7.69198327, 43.737107019999975], [-7.69506964999998, 43.738942589999986], [-7.698443039999983, 43.73762437], [-7.69919801, 43.735216589999986], [-7.701352290000015, 43.73561397], [-7.698064410000021, 43.73897233999999], [-7.68864907, 43.74115122], [-7.686463799999984, 43.74305953000002], [-7.69171415, 43.74969465999998], [-7.6876646, 43.75238185000001], [-7.68957052, 43.75324878000002], [-7.689094010000026, 43.756365250000016], [-7.684467410000026, 43.759463149999966], [-7.68139103, 43.75935539000001], [-7.67462362999998, 43.76240574], [-7.67693868, 43.76548873], [-7.676544120000025, 43.77014122], [-7.671418500000025, 43.772277809999984], [-7.66870692, 43.77064233999998], [-7.662310449999976, 43.774811090000014], [-7.662173449999989, 43.77767951], [-7.664673759999987, 43.77803641], [-7.676262020000021, 43.78673551999997], [-7.680294789999984, 43.787137269999974]]]}}]}