{"type":"FeatureCollection","features":[{"type":"Feature","properties":{"kind":"lake","name":"Embalse de Almendra","local":"Embalse de Almendra","km2":81.7},"geometry":{"type":"MultiPolygon","coordinates":[[[[-6.3322,41.2842],[-6.3266,41.2789],[-6.3263,41.2755],[-6.32,41.271],[-6.3232,41.2654],[-6.3223,41.2599],[-6.3254,41.2569],[-6.3253,41.2484],[-6.3235,41.2479],[-6.3237,41.2515],[-6.3197,41.256],[-6.3123,41.2507],[-6.3061,41.2496],[-6.3062,41.2415],[-6.3021,41.2404],[-6.3031,41.2356],[-6.2988,41.2328],[-6.3,41.2253],[-6.3064,41.2198],[-6.3063,41.2152],[-6.3081,41.2141],[-6.3121,41.2172],[-6.3137,41.2138],[-6.3188,41.2141],[-6.3078,41.2057],[-6.3108,41.2047],[-6.3089,41.1991],[-6.3131,41.1978],[-6.3153,41.1924],[-6.3131,41.1916],[-6.3106,41.1957],[-6.3106,41.1937],[-6.3056,41.1947],[-6.2981,41.1907],[-6.2997,41.1994],[-6.298,41.2036],[-6.2899,41.2037],[-6.2834,41.2011],[-6.2846,41.2082],[-6.2906,41.2101],[-6.2896,41.2129],[-6.2859,41.2103],[-6.2828,41.2139],[-6.2782,41.2112],[-6.2738,41.2125],[-6.2762,41.2133],[-6.2756,41.2174],[-6.2794,41.2213],[-6.2762,41.2316],[-6.2781,41.2345],[-6.2836,41.2347],[-6.2808,41.2393],[-6.2744,41.2408],[-6.2675,41.2329],[-6.262,41.2321],[-6.2571,41.238],[-6.2521,41.2333],[-6.2513,41.2272],[-6.2485,41.229],[-6.249,41.2311],[-6.2421,41.234],[-6.2386,41.2248],[-6.2414,41.2203],[-6.2454,41.219],[-6.2419,41.2152],[-6.2475,41.2073],[-6.2432,41.1972],[-6.2502,41.1819],[-6.2474,41.1812],[-6.2486,41.179],[-6.2458,41.1787],[-6.2451,41.1762],[-6.2443,41.1891],[-6.2368,41.189],[-6.2394,41.1907],[-6.2396,41.1955],[-6.2365,41.2],[-6.2377,41.2066],[-6.2324,41.2097],[-6.2321,41.2122],[-6.2267,41.214],[-6.2297,41.2181],[-6.2289,41.2219],[-6.2266,41.2198],[-6.2155,41.2205],[-6.2106,41.216],[-6.2105,41.2186],[-6.2078,41.2184],[-6.2021,41.212],[-6.2037,41.2114],[-6.2015,41.2082],[-6.2031,41.2076],[-6.2016,41.1951],[-6.1978,41.2071],[-6.1897,41.1986],[-6.1863,41.1998],[-6.1827,41.1964],[-6.1851,41.1899],[-6.1813,41.1938],[-6.1784,41.1891],[-6.1764,41.1897],[-6.178,41.1996],[-6.1817,41.1991],[-6.1838,41.2057],[-6.1814,41.2063],[-6.1768,41.2018],[-6.1707,41.2055],[-6.1654,41.2021],[-6.1607,41.2048],[-6.16,41.1997],[-6.1572,41.2027],[-6.1531,41.2006],[-6.1528,41.196],[-6.1504,41.1989],[-6.1447,41.197],[-6.1384,41.1897],[-6.139,41.1868],[-6.1439,41.1859],[-6.1423,41.1814],[-6.1467,41.1793],[-6.1376,41.1808],[-6.1327,41.1778],[-6.1346,41.1778],[-6.1348,41.1702],[-6.1369,41.1692],[-6.1324,41.1653],[-6.1343,41.164],[-6.1324,41.163],[-6.1331,41.1557],[-6.1396,41.1516],[-6.1379,41.1509],[-6.1406,41.1429],[-6.1364,41.1527],[-6.1343,41.1542],[-6.1334,41.1516],[-6.1295,41.1606],[-6.1312,41.1681],[-6.1286,41.1713],[-6.1292,41.1816],[-6.1203,41.1793],[-6.118,41.1723],[-6.1116,41.1694],[-6.1112,41.1667],[-6.1081,41.1712],[-6.1102,41.1724],[-6.107,41.1748],[-6.0948,41.1726],[-6.0937,41.1762],[-6.0843,41.1759],[-6.0797,41.1728],[-6.0839,41.1686],[-6.0822,41.1641],[-6.0801,41.1642],[-6.08,41.1605],[-6.0828,41.158],[-6.0715,41.1566],[-6.0726,41.1512],[-6.069,41.1523],[-6.0629,41.1494],[-6.0625,41.1413],[-6.0591,41.1403],[-6.0573,41.1316],[-6.0609,41.1296],[-6.0565,41.1305],[-6.0556,41.1282],[-6.0578,41.1253],[-6.0423,41.1205],[-6.037,41.1084],[-6.0252,41.0979],[-6.0182,41.0968],[-6.0096,41.0985],[-6.0066,41.0941],[-5.9972,41.0943],[-6.0036,41.0952],[-6.0055,41.098],[-6.008,41.0992],[-6.0243,41.0983],[-6.0312,41.1067],[-6.0366,41.109],[-6.0371,41.1143],[-6.0421,41.1227],[-6.0532,41.1264],[-6.0544,41.1333],[-6.0519,41.1356],[-6.0563,41.1341],[-6.0556,41.1398],[-6.0606,41.1433],[-6.0587,41.1455],[-6.0615,41.1484],[-6.0618,41.1512],[-6.0576,41.151],[-6.0567,41.1528],[-6.0607,41.1521],[-6.0658,41.1573],[-6.0754,41.1601],[-6.0789,41.1673],[-6.0763,41.1707],[-6.0759,41.174],[-6.0784,41.1745],[-6.0752,41.1805],[-6.0811,41.1776],[-6.0844,41.1817],[-6.0876,41.1805],[-6.0837,41.1923],[-6.0779,41.1923],[-6.0758,41.1949],[-6.0816,41.1939],[-6.0856,41.1999],[-6.0864,41.1947],[-6.0884,41.1946],[-6.0872,41.1924],[-6.09,41.1932],[-6.0888,41.1883],[-6.0933,41.1871],[-6.0942,41.1831],[-6.0999,41.1831],[-6.0995,41.1884],[-6.1048,41.1836],[-6.108,41.1865],[-6.1095,41.1828],[-6.1144,41.1808],[-6.1169,41.1856],[-6.119,41.1856],[-6.122,41.1959],[-6.1199,41.2025],[-6.1243,41.2076],[-6.1218,41.2105],[-6.1246,41.2121],[-6.1228,41.214],[-6.1258,41.2155],[-6.1194,41.218],[-6.1218,41.22],[-6.1213,41.2225],[-6.1173,41.2224],[-6.1204,41.2242],[-6.1196,41.2283],[-6.1164,41.2276],[-6.1158,41.2304],[-6.1121,41.2304],[-6.1185,41.2308],[-6.1166,41.233],[-6.1171,41.2351],[-6.1229,41.2281],[-6.1222,41.2251],[-6.1259,41.2238],[-6.1248,41.22],[-6.1283,41.2201],[-6.1289,41.212],[-6.1372,41.194],[-6.1396,41.2002],[-6.1481,41.2016],[-6.1499,41.2055],[-6.1532,41.2035],[-6.1553,41.2054],[-6.1529,41.2056],[-6.1539,41.2083],[-6.1585,41.2075],[-6.1552,41.2101],[-6.1568,41.2121],[-6.1575,41.21],[-6.1584,41.2119],[-6.1638,41.2103],[-6.164,41.2133],[-6.1678,41.2122],[-6.1676,41.2146],[-6.1737,41.2112],[-6.1782,41.2115],[-6.185,41.2165],[-6.1904,41.2162],[-6.1921,41.2208],[-6.1957,41.2211],[-6.1971,41.2241],[-6.2072,41.2258],[-6.1997,41.2326],[-6.1954,41.2334],[-6.1915,41.2317],[-6.187,41.2321],[-6.1845,41.2283],[-6.1758,41.2297],[-6.1822,41.231],[-6.1839,41.2346],[-6.1861,41.2326],[-6.194,41.2382],[-6.207,41.2348],[-6.2098,41.2313],[-6.2255,41.2338],[-6.2233,41.2347],[-6.2255,41.2419],[-6.2229,41.2418],[-6.2257,41.2442],[-6.2223,41.251],[-6.2165,41.2508],[-6.2178,41.2553],[-6.2132,41.2592],[-6.2143,41.2624],[-6.2121,41.2659],[-6.2148,41.2683],[-6.2116,41.2756],[-6.2085,41.2772],[-6.2103,41.2772],[-6.2067,41.2821],[-6.2077,41.2851],[-6.2154,41.2701],[-6.2157,41.2609],[-6.2224,41.2551],[-6.2272,41.2577],[-6.2263,41.2522],[-6.2312,41.2467],[-6.2391,41.2479],[-6.2408,41.2503],[-6.2467,41.2498],[-6.2439,41.2527],[-6.2466,41.2543],[-6.2443,41.2556],[-6.2454,41.2572],[-6.2397,41.26],[-6.2406,41.2637],[-6.249,41.2658],[-6.2533,41.2618],[-6.2549,41.2659],[-6.2502,41.2726],[-6.2416,41.2734],[-6.2451,41.2768],[-6.2405,41.279],[-6.2404,41.2814],[-6.2471,41.2787],[-6.2483,41.2819],[-6.2505,41.2796],[-6.2567,41.2889],[-6.2602,41.2819],[-6.2662,41.2901],[-6.2692,41.2855],[-6.2761,41.2867],[-6.2745,41.2818],[-6.2778,41.2814],[-6.2811,41.2735],[-6.2854,41.2744],[-6.2921,41.269],[-6.291,41.2806],[-6.3007,41.2855],[-6.292,41.2865],[-6.2938,41.2891],[-6.2885,41.2893],[-6.2856,41.2928],[-6.2833,41.2903],[-6.281,41.2928],[-6.2825,41.2949],[-6.2787,41.2961],[-6.2837,41.2989],[-6.2721,41.3032],[-6.2699,41.3088],[-6.2665,41.3072],[-6.2663,41.3047],[-6.2623,41.3056],[-6.2631,41.3031],[-6.2505,41.3014],[-6.2599,41.3065],[-6.2533,41.3138],[-6.2641,41.3099],[-6.2671,41.3133],[-6.2645,41.3177],[-6.267,41.3254],[-6.2702,41.327],[-6.2646,41.3302],[-6.2657,41.3328],[-6.2615,41.338],[-6.2655,41.335],[-6.2669,41.3308],[-6.2737,41.3298],[-6.272,41.3266],[-6.2772,41.3256],[-6.2694,41.3249],[-6.2691,41.3215],[-6.2725,41.3206],[-6.2692,41.3192],[-6.2704,41.3157],[-6.2733,41.3157],[-6.2721,41.3132],[-6.2797,41.3103],[-6.2815,41.3065],[-6.2851,41.3069],[-6.2884,41.3024],[-6.2919,41.3083],[-6.2946,41.3008],[-6.29,41.2993],[-6.2922,41.2981],[-6.2909,41.2966],[-6.3019,41.2931],[-6.3012,41.3011],[-6.3034,41.3048],[-6.306,41.2968],[-6.3136,41.2975],[-6.3087,41.2916],[-6.3137,41.2933],[-6.3257,41.2886],[-6.3273,41.2914],[-6.3239,41.2955],[-6.33,41.2952],[-6.3322,41.2842]]]]}},{"type":"Feature","properties":{"kind":"lake","name":"Embalse de Mequinenza","local":"Embalse de Mequinenza","km2":56.8},"geometry":{"type":"MultiPolygon","coordinates":[[[[-0.1416,41.274],[-0.137,41.2701],[-0.134,41.2717],[-0.1368,41.2775],[-0.1319,41.2789],[-0.1218,41.2658],[-0.1153,41.2645],[-0.11,41.266],[-0.11,41.272],[-0.1057,41.2732],[-0.1035,41.272],[-0.1054,41.2598],[-0.0958,41.2552],[-0.0979,41.2529],[-0.0977,41.2518],[-0.0933,41.2538],[-0.0953,41.2567],[-0.0915,41.2605],[-0.0805,41.2672],[-0.0668,41.2661],[-0.0628,41.2623],[-0.0688,41.2523],[-0.0612,41.2464],[-0.0545,41.2483],[-0.0528,41.2524],[-0.0445,41.2515],[-0.0377,41.254],[-0.0326,41.2533],[-0.0295,41.2475],[-0.0159,41.2479],[-0.0135,41.2543],[-0.0184,41.2625],[-0.0125,41.2668],[-0.0067,41.2625],[-0.0055,41.2545],[0.0053,41.2512],[0.0047,41.2493],[0.0081,41.248],[0.0088,41.2518],[0.0152,41.2505],[0.0102,41.2537],[0.011,41.2635],[0.0087,41.2667],[0.0112,41.2651],[0.0088,41.2683],[0.014,41.2675],[0.0051,41.2715],[0.0046,41.2748],[0.0018,41.2755],[-0.0065,41.2863],[-0.007,41.288],[-0.0032,41.289],[-0.008,41.289],[-0.0097,41.2918],[-0.009,41.2955],[-0.0057,41.297],[-0.0085,41.3017],[-0.0055,41.3115],[0.0015,41.3147],[0.0063,41.313],[0.0095,41.3045],[0.006,41.2998],[0.0083,41.2995],[0.011,41.293],[0.016,41.291],[0.0235,41.2945],[0.0272,41.293],[0.027,41.2905],[0.0232,41.2908],[0.0222,41.288],[0.0177,41.288],[0.0095,41.282],[0.0173,41.2705],[0.0295,41.2685],[0.0365,41.273],[0.037,41.2782],[0.0385,41.2777],[0.037,41.2835],[0.0398,41.287],[0.0442,41.2858],[0.0435,41.2835],[0.0457,41.2848],[0.0563,41.2818],[0.059,41.2785],[0.0583,41.2867],[0.0542,41.2848],[0.048,41.2888],[0.0588,41.2972],[0.0615,41.2942],[0.0653,41.2948],[0.062,41.298],[0.062,41.3023],[0.0719,41.306],[0.0755,41.3143],[0.0698,41.3245],[0.0727,41.3245],[0.0742,41.321],[0.0747,41.3225],[0.0818,41.3205],[0.0762,41.3235],[0.075,41.327],[0.0798,41.3278],[0.0792,41.3297],[0.0815,41.3293],[0.0825,41.333],[0.0867,41.3335],[0.0865,41.3353],[0.0948,41.3362],[0.1015,41.331],[0.092,41.3237],[0.0907,41.3177],[0.0935,41.3137],[0.0907,41.3068],[0.0885,41.3065],[0.09,41.3045],[0.0943,41.3028],[0.0905,41.306],[0.0927,41.3065],[0.095,41.3135],[0.1128,41.3085],[0.114,41.311],[0.1185,41.3098],[0.1202,41.3113],[0.1168,41.312],[0.121,41.3143],[0.121,41.3215],[0.1245,41.3225],[0.1278,41.3173],[0.1273,41.3205],[0.1298,41.3207],[0.126,41.3235],[0.1363,41.3218],[0.1385,41.3235],[0.1255,41.325],[0.1273,41.3278],[0.122,41.3252],[0.1217,41.3302],[0.1177,41.3357],[0.1222,41.334],[0.1185,41.3368],[0.1225,41.3368],[0.1168,41.3372],[0.1247,41.3395],[0.12,41.341],[0.1158,41.3385],[0.112,41.3417],[0.1148,41.3428],[0.1118,41.3432],[0.1118,41.3455],[0.116,41.3453],[0.1118,41.3475],[0.1187,41.348],[0.1123,41.3495],[0.1163,41.3533],[0.1192,41.3525],[0.1163,41.3543],[0.121,41.355],[0.119,41.3573],[0.1212,41.36],[0.1237,41.359],[0.1215,41.3615],[0.1255,41.3605],[0.1212,41.3665],[0.1275,41.3653],[0.1255,41.3685],[0.127,41.3695],[0.121,41.368],[0.1215,41.373],[0.1265,41.372],[0.1225,41.3747],[0.127,41.3762],[0.1247,41.3775],[0.128,41.3785],[0.1268,41.3805],[0.1288,41.3802],[0.1275,41.3815],[0.13,41.3845],[0.1515,41.391],[0.163,41.4038],[0.1685,41.395],[0.1762,41.393],[0.1757,41.3895],[0.178,41.3922],[0.1787,41.3907],[0.1908,41.3948],[0.1938,41.3912],[0.195,41.394],[0.193,41.397],[0.2013,41.401],[0.2283,41.3993],[0.2338,41.3957],[0.232,41.395],[0.233,41.392],[0.2377,41.3873],[0.2327,41.3871],[0.2326,41.3857],[0.241,41.3865],[0.2482,41.3828],[0.247,41.378],[0.25,41.3765],[0.2477,41.375],[0.2505,41.375],[0.251,41.3717],[0.256,41.3693],[0.2542,41.3657],[0.2595,41.3687],[0.2658,41.3672],[0.2659,41.3634],[0.2632,41.3625],[0.2659,41.3606],[0.2632,41.3587],[0.2664,41.3601],[0.2649,41.3622],[0.2679,41.3622],[0.2682,41.3676],[0.2718,41.3672],[0.2746,41.3723],[0.2587,41.3728],[0.2547,41.3785],[0.2562,41.381],[0.2535,41.3822],[0.2555,41.3845],[0.2527,41.3837],[0.2532,41.3865],[0.2415,41.391],[0.2397,41.3937],[0.2452,41.3972],[0.2462,41.3993],[0.2395,41.3955],[0.2402,41.3982],[0.234,41.4023],[0.2203,41.4047],[0.2218,41.4083],[0.2208,41.4095],[0.219,41.4053],[0.2127,41.405],[0.2115,41.4078],[0.2107,41.4053],[0.1975,41.405],[0.1978,41.4068],[0.1775,41.3975],[0.1752,41.4085],[0.1715,41.4102],[0.169,41.4155],[0.1705,41.4195],[0.1683,41.4177],[0.1648,41.42],[0.1678,41.425],[0.1648,41.4278],[0.1713,41.4305],[0.168,41.4335],[0.1703,41.4303],[0.1635,41.428],[0.1665,41.4245],[0.1618,41.4237],[0.1638,41.4228],[0.1625,41.4183],[0.166,41.4168],[0.168,41.4098],[0.1547,41.4068],[0.148,41.3978],[0.138,41.4027],[0.1355,41.4106],[0.1309,41.4125],[0.1264,41.4099],[0.1268,41.4072],[0.1241,41.405],[0.1176,41.4087],[0.1168,41.4165],[0.1138,41.4138],[0.1145,41.4087],[0.121,41.4032],[0.1257,41.403],[0.1315,41.4078],[0.1354,41.3997],[0.1335,41.3986],[0.1417,41.3962],[0.132,41.3935],[0.119,41.3858],[0.121,41.385],[0.1172,41.3837],[0.119,41.383],[0.1158,41.3813],[0.1175,41.3802],[0.1153,41.3757],[0.1128,41.3787],[0.1115,41.376],[0.1087,41.3775],[0.107,41.3753],[0.107,41.3725],[0.1087,41.3747],[0.114,41.3732],[0.111,41.3713],[0.1135,41.3693],[0.111,41.3693],[0.1158,41.3642],[0.11,41.3657],[0.114,41.3625],[0.1105,41.3612],[0.1125,41.3603],[0.107,41.3597],[0.1098,41.3575],[0.1065,41.355],[0.103,41.3565],[0.1045,41.3545],[0.0985,41.3533],[0.1052,41.3533],[0.104,41.35],[0.1,41.3495],[0.104,41.349],[0.1042,41.3422],[0.1126,41.328],[0.1101,41.3275],[0.1135,41.3241],[0.1101,41.3185],[0.1043,41.317],[0.1018,41.3214],[0.1081,41.3287],[0.1074,41.3349],[0.1,41.3425],[0.0932,41.3417],[0.0935,41.3458],[0.0907,41.342],[0.0877,41.342],[0.086,41.345],[0.086,41.341],[0.0843,41.3417],[0.0813,41.338],[0.0783,41.342],[0.0755,41.3402],[0.0785,41.338],[0.0762,41.337],[0.0793,41.3362],[0.0732,41.3345],[0.0698,41.3368],[0.073,41.334],[0.067,41.3332],[0.069,41.3315],[0.0655,41.329],[0.0658,41.3305],[0.0607,41.3302],[0.0595,41.3332],[0.0575,41.331],[0.0568,41.3327],[0.0575,41.3297],[0.0555,41.3293],[0.0635,41.3265],[0.0574,41.3234],[0.0611,41.3223],[0.0617,41.319],[0.06,41.3185],[0.0673,41.3118],[0.0595,41.3077],[0.058,41.3165],[0.054,41.3175],[0.0558,41.3165],[0.0527,41.3103],[0.0553,41.304],[0.0478,41.2957],[0.0405,41.294],[0.0377,41.299],[0.0345,41.2966],[0.0267,41.3015],[0.015,41.297],[0.0142,41.3006],[0.0177,41.3075],[0.016,41.3075],[0.017,41.3105],[0.0143,41.3137],[0.0175,41.3145],[0.0127,41.3155],[0.0158,41.3177],[0.0135,41.318],[0.0138,41.321],[0.011,41.3175],[0.0063,41.3215],[0.006,41.3195],[-0.0065,41.3207],[-0.0063,41.3188],[-0.0075,41.3183],[-0.0117,41.3222],[-0.0092,41.3233],[-0.0126,41.3234],[-0.0123,41.3195],[-0.0094,41.3177],[-0.0103,41.3153],[-0.0133,41.3167],[-0.0121,41.3133],[-0.0156,41.3155],[-0.018,41.3139],[-0.018,41.3154],[-0.0198,41.316],[-0.0221,41.3157],[-0.0181,41.3121],[-0.0149,41.3131],[-0.0138,41.3095],[-0.0173,41.3044],[-0.0247,41.3066],[-0.0261,41.3058],[-0.0226,41.3036],[-0.0154,41.3038],[-0.0163,41.2972],[-0.0245,41.2973],[-0.0159,41.2964],[-0.0157,41.2898],[-0.0185,41.2883],[-0.0157,41.2882],[-0.0085,41.2792],[-0.0121,41.2782],[-0.0067,41.2775],[-0.0027,41.2725],[-0.0032,41.27],[-0.0015,41.2705],[0.0063,41.261],[0.0047,41.2572],[-0.0003,41.2595],[-0.008,41.2705],[-0.0183,41.2706],[-0.0197,41.2741],[-0.0194,41.2708],[-0.0245,41.2629],[-0.0226,41.256],[-0.0203,41.255],[-0.0219,41.2527],[-0.0276,41.2543],[-0.0306,41.2586],[-0.0363,41.2603],[-0.0348,41.2622],[-0.0385,41.2633],[-0.0384,41.2616],[-0.058,41.2575],[-0.059,41.2608],[-0.0558,41.265],[-0.0573,41.2685],[-0.054,41.2715],[-0.0639,41.2706],[-0.0633,41.2722],[-0.0703,41.2749],[-0.0739,41.2797],[-0.0755,41.2782],[-0.0668,41.2702],[-0.0829,41.2708],[-0.0944,41.2677],[-0.0957,41.2631],[-0.0989,41.2682],[-0.0975,41.2737],[-0.106,41.281],[-0.1128,41.2807],[-0.1189,41.2763],[-0.1134,41.2701],[-0.1152,41.2688],[-0.1185,41.2699],[-0.1249,41.2789],[-0.1372,41.2814],[-0.1364,41.283],[-0.1378,41.2841],[-0.1416,41.274]]]]}},{"type":"Feature","properties":{"kind":"lake","name":"Embalse de Ricobayo","local":"Embalse de Ricobayo","km2":49.1},"geometry":{"type":"MultiPolygon","coordinates":[[[[-6.1181,41.6969],[-6.1116,41.6961],[-6.1032,41.7001],[-6.1008,41.6986],[-6.11,41.6914],[-6.1112,41.6839],[-6.1077,41.6784],[-6.1091,41.6773],[-6.0873,41.685],[-6.0885,41.6804],[-6.0868,41.6783],[-6.09,41.6741],[-6.0867,41.6773],[-6.0819,41.6718],[-6.0732,41.6746],[-6.07,41.6722],[-6.0805,41.6648],[-6.0803,41.661],[-6.0821,41.6608],[-6.0781,41.6577],[-6.0721,41.6553],[-6.0675,41.6597],[-6.0668,41.6569],[-6.0654,41.664],[-6.0559,41.6662],[-6.0538,41.6653],[-6.0548,41.6541],[-6.0526,41.6521],[-6.0437,41.6513],[-6.0364,41.6571],[-6.0366,41.6532],[-6.0404,41.6508],[-6.0367,41.6513],[-6.0365,41.6457],[-6.0251,41.6425],[-6.0282,41.6427],[-6.0298,41.6376],[-6.0394,41.6378],[-6.0327,41.6357],[-6.0297,41.6302],[-6.0157,41.6292],[-6.0164,41.6272],[-6.0109,41.6242],[-5.9983,41.6192],[-5.9948,41.62],[-5.9938,41.6108],[-6.0029,41.6128],[-5.9947,41.609],[-5.9926,41.6042],[-5.9874,41.6045],[-5.981,41.6088],[-5.9798,41.6031],[-5.9851,41.6001],[-5.9835,41.5991],[-5.9848,41.592],[-5.9885,41.5913],[-5.9837,41.5878],[-5.9876,41.5867],[-5.9856,41.5846],[-5.9884,41.5836],[-5.9987,41.5892],[-5.9943,41.5838],[-5.999,41.583],[-6.0016,41.587],[-6.0076,41.5861],[-6.0081,41.59],[-6.0115,41.591],[-6.0093,41.5891],[-6.0118,41.5882],[-6.0132,41.5902],[-6.0174,41.5906],[-6.0184,41.5934],[-6.0254,41.5933],[-6.028,41.5949],[-6.0311,41.5962],[-6.0265,41.5932],[-6.0194,41.5926],[-6.0171,41.5896],[-6.0136,41.5894],[-6.0079,41.5847],[-6.0051,41.585],[-6.0086,41.5808],[-6.0083,41.5796],[-6.0035,41.5858],[-6.0003,41.5816],[-5.9945,41.5821],[-5.9945,41.5798],[-5.9921,41.5819],[-5.9869,41.581],[-5.9883,41.5785],[-5.985,41.5739],[-5.9718,41.5687],[-5.9732,41.5637],[-5.977,41.5639],[-5.9742,41.562],[-5.9774,41.5579],[-5.9842,41.5566],[-5.98,41.5539],[-5.9812,41.5505],[-5.9821,41.5541],[-5.9865,41.5562],[-5.9831,41.5536],[-5.9852,41.5518],[-5.983,41.5487],[-5.9901,41.5523],[-5.9914,41.5506],[-5.9978,41.5521],[-5.9953,41.5497],[-5.9859,41.5486],[-5.9863,41.5461],[-5.9832,41.5447],[-5.985,41.5438],[-5.9874,41.5452],[-5.9879,41.5445],[-5.9829,41.5425],[-5.9819,41.5379],[-5.9783,41.5374],[-5.9833,41.5291],[-5.9865,41.5284],[-5.9833,41.5257],[-5.9797,41.5276],[-5.9776,41.5358],[-5.9699,41.5357],[-5.9743,41.5383],[-5.9653,41.5363],[-5.9735,41.5401],[-5.9669,41.5428],[-5.9723,41.5439],[-5.9708,41.5462],[-5.9741,41.5464],[-5.9724,41.5479],[-5.9756,41.5507],[-5.9644,41.5504],[-5.9737,41.5542],[-5.9692,41.5617],[-5.9656,41.5613],[-5.9688,41.5633],[-5.9672,41.5695],[-5.9602,41.572],[-5.9541,41.5712],[-5.9542,41.5731],[-5.9418,41.5728],[-5.9552,41.5749],[-5.9666,41.5724],[-5.9658,41.5769],[-5.9693,41.5726],[-5.9731,41.5773],[-5.9753,41.5742],[-5.9808,41.5756],[-5.982,41.5793],[-5.9748,41.5862],[-5.977,41.5897],[-5.968,41.5935],[-5.9705,41.5946],[-5.9581,41.5982],[-5.9577,41.5943],[-5.953,41.5956],[-5.9559,41.5988],[-5.9515,41.5989],[-5.9521,41.6008],[-5.9481,41.6032],[-5.9416,41.5959],[-5.9316,41.5944],[-5.9361,41.5904],[-5.9314,41.5911],[-5.9274,41.5953],[-5.9225,41.5946],[-5.922,41.5973],[-5.9174,41.5994],[-5.9178,41.6054],[-5.9155,41.6061],[-5.9128,41.605],[-5.9146,41.5986],[-5.9112,41.6002],[-5.9093,41.6056],[-5.9061,41.6026],[-5.9019,41.6045],[-5.9026,41.5997],[-5.8971,41.599],[-5.8994,41.5968],[-5.894,41.5962],[-5.8977,41.5932],[-5.8986,41.5871],[-5.8916,41.5948],[-5.8859,41.5943],[-5.8861,41.5925],[-5.8757,41.594],[-5.8699,41.5915],[-5.8672,41.5951],[-5.862,41.5951],[-5.8657,41.5966],[-5.8801,41.5943],[-5.884,41.5973],[-5.8904,41.5968],[-5.8946,41.5993],[-5.8932,41.601],[-5.8992,41.6015],[-5.8959,41.6056],[-5.8986,41.6047],[-5.8983,41.6072],[-5.9042,41.6094],[-5.906,41.6068],[-5.913,41.612],[-5.9179,41.6106],[-5.906,41.617],[-5.9117,41.618],[-5.9185,41.6134],[-5.9227,41.6158],[-5.9174,41.6181],[-5.9256,41.6216],[-5.923,41.623],[-5.9244,41.6249],[-5.922,41.6246],[-5.9244,41.6265],[-5.9215,41.6272],[-5.9239,41.6296],[-5.9136,41.6276],[-5.9065,41.6346],[-5.903,41.6332],[-5.9064,41.6379],[-5.9046,41.6403],[-5.9022,41.6394],[-5.9037,41.6422],[-5.9003,41.6452],[-5.896,41.6412],[-5.8989,41.6463],[-5.8928,41.6432],[-5.8872,41.643],[-5.895,41.6457],[-5.8973,41.6487],[-5.8954,41.6514],[-5.885,41.652],[-5.8639,41.6439],[-5.852,41.6491],[-5.8542,41.6459],[-5.8511,41.647],[-5.8458,41.6424],[-5.8387,41.6408],[-5.8454,41.644],[-5.8493,41.65],[-5.8453,41.6477],[-5.8388,41.648],[-5.8337,41.6515],[-5.8289,41.6507],[-5.8213,41.6541],[-5.8044,41.6518],[-5.8197,41.6579],[-5.8353,41.6538],[-5.8382,41.6501],[-5.8461,41.6497],[-5.8473,41.6519],[-5.8217,41.6628],[-5.8301,41.6618],[-5.8406,41.6556],[-5.8511,41.6528],[-5.8501,41.6583],[-5.8541,41.6619],[-5.8494,41.6659],[-5.8565,41.664],[-5.8597,41.6663],[-5.8572,41.6682],[-5.8636,41.6657],[-5.8681,41.6755],[-5.8663,41.6804],[-5.8701,41.6839],[-5.8654,41.6877],[-5.8575,41.6882],[-5.8578,41.6918],[-5.8542,41.6918],[-5.8581,41.693],[-5.8561,41.6986],[-5.8361,41.6931],[-5.8328,41.6966],[-5.8293,41.6954],[-5.8281,41.6964],[-5.8327,41.698],[-5.8356,41.7049],[-5.8337,41.7079],[-5.8189,41.7097],[-5.8137,41.703],[-5.8163,41.7008],[-5.8083,41.6966],[-5.8014,41.702],[-5.7971,41.703],[-5.7939,41.701],[-5.7969,41.7046],[-5.7955,41.7055],[-5.7899,41.7049],[-5.7911,41.703],[-5.7914,41.7015],[-5.7826,41.7065],[-5.7879,41.704],[-5.7959,41.7081],[-5.7959,41.7195],[-5.7979,41.7234],[-5.795,41.7251],[-5.8083,41.7286],[-5.8067,41.732],[-5.7981,41.734],[-5.7966,41.7381],[-5.7995,41.7416],[-5.792,41.7433],[-5.7839,41.7519],[-5.7958,41.745],[-5.7947,41.7505],[-5.8018,41.7425],[-5.8225,41.751],[-5.8252,41.7619],[-5.8202,41.7628],[-5.8241,41.7662],[-5.8236,41.775],[-5.8205,41.778],[-5.8174,41.7774],[-5.8198,41.7788],[-5.8176,41.7828],[-5.8152,41.7821],[-5.8106,41.784],[-5.8171,41.7831],[-5.8,41.797],[-5.8009,41.7997],[-5.7923,41.8143],[-5.7927,41.8247],[-5.7896,41.8237],[-5.7927,41.8253],[-5.7933,41.8289],[-5.791,41.8363],[-5.7956,41.8362],[-5.7972,41.8245],[-5.7938,41.8182],[-5.795,41.8125],[-5.8045,41.7983],[-5.8194,41.7896],[-5.8264,41.7806],[-5.8273,41.7846],[-5.8351,41.7922],[-5.8386,41.8021],[-5.8453,41.8041],[-5.84,41.8002],[-5.8411,41.7973],[-5.8394,41.7976],[-5.8344,41.786],[-5.8396,41.785],[-5.8293,41.7826],[-5.8335,41.7783],[-5.8283,41.7754],[-5.8383,41.7717],[-5.8434,41.7654],[-5.8399,41.7648],[-5.8358,41.7697],[-5.8294,41.7723],[-5.8297,41.7662],[-5.8344,41.7596],[-5.8334,41.7521],[-5.8032,41.7384],[-5.8045,41.7345],[-5.806,41.7358],[-5.8099,41.7335],[-5.8122,41.728],[-5.8001,41.7237],[-5.8013,41.7176],[-5.8048,41.7157],[-5.8033,41.7152],[-5.8075,41.702],[-5.8103,41.7019],[-5.8083,41.7044],[-5.8156,41.7139],[-5.8137,41.7161],[-5.8274,41.7116],[-5.826,41.7133],[-5.8291,41.7123],[-5.8287,41.7159],[-5.8299,41.7158],[-5.8297,41.7172],[-5.8321,41.7197],[-5.8331,41.7199],[-5.8324,41.7216],[-5.8359,41.7233],[-5.8301,41.7136],[-5.8376,41.7134],[-5.8304,41.7112],[-5.8376,41.7105],[-5.8395,41.7026],[-5.8443,41.7023],[-5.8451,41.7068],[-5.8529,41.709],[-5.8553,41.7089],[-5.8455,41.7052],[-5.8493,41.702],[-5.8589,41.7031],[-5.8572,41.7015],[-5.864,41.6917],[-5.8648,41.6932],[-5.8664,41.6934],[-5.8686,41.6945],[-5.8709,41.6952],[-5.8716,41.6952],[-5.8671,41.6925],[-5.8678,41.6896],[-5.8736,41.6848],[-5.8812,41.6838],[-5.8747,41.6833],[-5.8765,41.6805],[-5.8733,41.6765],[-5.8701,41.6619],[-5.8605,41.6534],[-5.8616,41.6502],[-5.8731,41.6516],[-5.8771,41.6534],[-5.8782,41.6566],[-5.8796,41.6542],[-5.8851,41.6555],[-5.8853,41.6576],[-5.8912,41.6579],[-5.8873,41.6611],[-5.8915,41.67],[-5.8878,41.6717],[-5.893,41.6743],[-5.9051,41.6669],[-5.8923,41.672],[-5.8946,41.6685],[-5.8916,41.6676],[-5.8921,41.6649],[-5.8886,41.6611],[-5.8933,41.658],[-5.8876,41.6561],[-5.8951,41.6546],[-5.9016,41.6498],[-5.9048,41.6504],[-5.9039,41.6481],[-5.908,41.6477],[-5.908,41.6441],[-5.9116,41.6446],[-5.9095,41.6424],[-5.9111,41.6413],[-5.9182,41.643],[-5.9136,41.6492],[-5.9192,41.6477],[-5.922,41.6536],[-5.9268,41.6525],[-5.9279,41.6571],[-5.9418,41.6632],[-5.9453,41.6627],[-5.9447,41.6653],[-5.9468,41.6669],[-5.9486,41.6669],[-5.9456,41.6652],[-5.9462,41.663],[-5.9504,41.6633],[-5.9517,41.663],[-5.9452,41.6614],[-5.9427,41.6626],[-5.936,41.6594],[-5.9342,41.6575],[-5.9363,41.6557],[-5.9288,41.654],[-5.9317,41.652],[-5.9284,41.6525],[-5.9262,41.6509],[-5.9271,41.649],[-5.9237,41.651],[-5.9242,41.6481],[-5.9203,41.6457],[-5.9232,41.6447],[-5.9198,41.6434],[-5.9225,41.6417],[-5.9191,41.6395],[-5.9134,41.6402],[-5.9182,41.6343],[-5.922,41.6372],[-5.9221,41.6354],[-5.9329,41.639],[-5.923,41.6341],[-5.9257,41.6329],[-5.9333,41.6359],[-5.9353,41.6337],[-5.9409,41.636],[-5.9444,41.6356],[-5.9293,41.631],[-5.9343,41.6267],[-5.9316,41.6265],[-5.9327,41.6251],[-5.9307,41.6228],[-5.9328,41.6196],[-5.9303,41.6155],[-5.9331,41.6156],[-5.9272,41.6125],[-5.9256,41.6096],[-5.9271,41.6082],[-5.92,41.6069],[-5.9279,41.6043],[-5.9256,41.6033],[-5.929,41.6004],[-5.933,41.5996],[-5.9331,41.6025],[-5.9359,41.6009],[-5.9328,41.6058],[-5.937,41.6034],[-5.9406,41.6042],[-5.9423,41.6057],[-5.9409,41.6081],[-5.9494,41.611],[-5.9439,41.6067],[-5.9508,41.6087],[-5.9568,41.6034],[-5.9625,41.6014],[-5.963,41.6047],[-5.965,41.6049],[-5.9656,41.6007],[-5.9684,41.6019],[-5.9785,41.599],[-5.9754,41.6068],[-5.9802,41.613],[-5.9854,41.6123],[-5.9901,41.607],[-5.9899,41.6135],[-5.9873,41.6157],[-5.9895,41.6155],[-5.9915,41.621],[-6.0035,41.6268],[-6.0065,41.6259],[-6.0135,41.6336],[-6.0259,41.6333],[-6.0268,41.6384],[-6.0128,41.6451],[-6.0076,41.6454],[-6.0143,41.6466],[-6.0157,41.6442],[-6.0204,41.6446],[-6.0258,41.647],[-6.024,41.6501],[-6.033,41.6465],[-6.0321,41.6588],[-6.0378,41.6605],[-6.0487,41.6528],[-6.0505,41.6614],[-6.0481,41.6633],[-6.0486,41.6664],[-6.0507,41.6646],[-6.0543,41.6684],[-6.0635,41.67],[-6.0625,41.6679],[-6.0677,41.6655],[-6.0708,41.6591],[-6.0747,41.6587],[-6.078,41.6634],[-6.0679,41.672],[-6.0739,41.6769],[-6.0791,41.6757],[-6.0788,41.6735],[-6.0827,41.6745],[-6.085,41.679],[-6.0787,41.682],[-6.078,41.6878],[-6.0747,41.6913],[-6.0782,41.6887],[-6.0796,41.6824],[-6.0845,41.682],[-6.0871,41.6871],[-6.1033,41.6832],[-6.1071,41.6795],[-6.1093,41.6825],[-6.109,41.6905],[-6.0996,41.6984],[-6.1034,41.7003],[-6.1181,41.6969]]]]}},{"type":"Feature","properties":{"kind":"lake","name":"Embalse de Santa Teresa","local":"Embalse de Santa Teresa","km2":22.7},"geometry":{"type":"MultiPolygon","coordinates":[[[[-5.641,40.549],[-5.6336,40.5483],[-5.6323,40.543],[-5.635,40.5384],[-5.6318,40.5408],[-5.6308,40.5348],[-5.625,40.5297],[-5.6155,40.5276],[-5.6098,40.5218],[-5.5882,40.5203],[-5.5877,40.5155],[-5.5846,40.5153],[-5.5869,40.521],[-5.5953,40.5231],[-5.6086,40.5225],[-5.6143,40.5285],[-5.626,40.5326],[-5.6289,40.5366],[-5.6306,40.5487],[-5.6263,40.5492],[-5.6283,40.5519],[-5.6205,40.554],[-5.6215,40.556],[-5.616,40.5598],[-5.6134,40.557],[-5.5945,40.5606],[-5.6025,40.5635],[-5.5998,40.5718],[-5.593,40.574],[-5.5918,40.5705],[-5.588,40.5748],[-5.5809,40.5756],[-5.5773,40.579],[-5.5758,40.5772],[-5.5725,40.5782],[-5.574,40.58],[-5.571,40.583],[-5.5632,40.582],[-5.5679,40.5864],[-5.5667,40.5915],[-5.5543,40.5931],[-5.5481,40.5913],[-5.5537,40.595],[-5.5655,40.596],[-5.562,40.6013],[-5.5642,40.6071],[-5.5594,40.6062],[-5.5625,40.61],[-5.5537,40.6153],[-5.5537,40.6172],[-5.5427,40.6168],[-5.526,40.6205],[-5.5395,40.624],[-5.5412,40.6202],[-5.5522,40.621],[-5.5693,40.6275],[-5.5797,40.628],[-5.5812,40.6295],[-5.5767,40.6307],[-5.5797,40.6332],[-5.5755,40.634],[-5.5777,40.6365],[-5.5758,40.6377],[-5.5925,40.6505],[-5.592,40.6538],[-5.5803,40.6553],[-5.5915,40.6562],[-5.5942,40.659],[-5.5915,40.6608],[-5.5987,40.6665],[-5.6093,40.6668],[-5.6092,40.6642],[-5.6059,40.6637],[-5.6065,40.661],[-5.6024,40.6607],[-5.6034,40.6583],[-5.5989,40.6562],[-5.6058,40.6541],[-5.6012,40.6523],[-5.6018,40.649],[-5.599,40.6455],[-5.5987,40.6405],[-5.6048,40.6395],[-5.5992,40.6375],[-5.5933,40.6392],[-5.598,40.629],[-5.59,40.6328],[-5.5912,40.6247],[-5.5885,40.621],[-5.5857,40.621],[-5.588,40.617],[-5.579,40.6183],[-5.5775,40.6155],[-5.58,40.6138],[-5.5758,40.6118],[-5.5805,40.6112],[-5.578,40.6097],[-5.5793,40.6085],[-5.576,40.6082],[-5.5783,40.6059],[-5.5768,40.6041],[-5.5829,40.6011],[-5.5811,40.6011],[-5.5818,40.5975],[-5.5857,40.5992],[-5.582,40.5958],[-5.5922,40.593],[-5.5948,40.5885],[-5.601,40.586],[-5.6002,40.5883],[-5.604,40.5895],[-5.603,40.5857],[-5.605,40.5838],[-5.6108,40.5865],[-5.6066,40.5823],[-5.61,40.5802],[-5.6066,40.5788],[-5.6064,40.5747],[-5.6098,40.5695],[-5.616,40.568],[-5.6085,40.568],[-5.6093,40.564],[-5.62,40.5632],[-5.6258,40.559],[-5.6318,40.5635],[-5.6275,40.5575],[-5.629,40.5545],[-5.6353,40.5496],[-5.6394,40.5517],[-5.6379,40.5499],[-5.641,40.549]]]]}},{"type":"Feature","properties":{"kind":"lake","name":"Embalse de Ria\u00f1o","local":"Embalse de Ria\u00f1o","km2":20.4},"geometry":{"type":"MultiPolygon","coordinates":[[[[-5.0866,42.934],[-5.0802,42.934],[-5.0738,42.939],[-5.069,42.9369],[-5.0632,42.9377],[-5.0541,42.9433],[-5.0703,42.9416],[-5.0656,42.9454],[-5.0684,42.9467],[-5.0668,42.9544],[-5.0589,42.957],[-5.0427,42.97],[-5.037,42.9667],[-5.0286,42.972],[-5.0245,42.969],[-5.0262,42.965],[-5.0233,42.9667],[-5.0229,42.9703],[-5.019,42.969],[-5.018,42.9647],[-5.0076,42.9626],[-5.0082,42.9608],[-5.0108,42.9609],[-5.0112,42.9617],[-5.0133,42.9619],[-5.0069,42.9587],[-5.0155,42.9512],[-5.0055,42.9529],[-5.0017,42.9593],[-4.9994,42.9581],[-4.9994,42.9606],[-4.9968,42.9607],[-4.9913,42.9594],[-4.9936,42.9534],[-4.9899,42.9542],[-4.987,42.9595],[-4.9821,42.9576],[-4.9809,42.9532],[-4.9731,42.9483],[-4.9782,42.959],[-4.9734,42.9577],[-4.9737,42.9599],[-4.9677,42.9613],[-4.9551,42.9546],[-4.9653,42.9636],[-4.9558,42.9699],[-4.9415,42.9673],[-4.9357,42.9704],[-4.9588,42.9742],[-4.9775,42.9678],[-4.9844,42.9689],[-4.9828,42.9744],[-4.9863,42.9695],[-4.9897,42.9696],[-4.9853,42.9812],[-4.9885,42.9796],[-4.9933,42.9703],[-5.0035,42.975],[-5.0128,42.9738],[-5.0123,42.9762],[-5.0005,42.9808],[-5.0002,42.9836],[-4.9964,42.9815],[-4.9978,42.9849],[-4.9931,42.9885],[-5.0007,42.986],[-4.995,42.9943],[-5.0005,42.9939],[-5.0046,43.0028],[-5.0039,43.006],[-4.9974,43.0079],[-5.0013,43.0086],[-5.0012,43.0114],[-5.0059,43.0065],[-5.0163,43.0094],[-5.0118,43.016],[-5.0149,43.0263],[-5.0124,43.0347],[-5.0178,43.0281],[-5.0193,43.0212],[-5.0216,43.0207],[-5.0195,43.0199],[-5.0196,43.0104],[-5.0297,43.0148],[-5.0317,43.0135],[-5.0368,43.0191],[-5.039,43.0176],[-5.0433,43.0211],[-5.0624,43.0252],[-5.0469,43.0167],[-5.0586,43.0114],[-5.0493,43.0119],[-5.0468,43.0154],[-5.0415,43.0155],[-5.0389,43.0127],[-5.0412,43.0119],[-5.0127,43.0065],[-5.0134,43.0039],[-5.0083,42.9983],[-5.0118,42.9982],[-5.0087,42.9951],[-5.0083,42.9927],[-5.0102,42.9925],[-5.008,42.9871],[-5.0151,42.9839],[-5.0247,42.9862],[-5.0284,42.9814],[-5.0469,42.9813],[-5.0437,42.9791],[-5.0426,42.9738],[-5.0586,42.9623],[-5.0606,42.9629],[-5.0589,42.9654],[-5.0716,42.9661],[-5.0765,42.9698],[-5.0776,42.9651],[-5.0622,42.9624],[-5.0602,42.9599],[-5.0676,42.9575],[-5.0761,42.9436],[-5.083,42.9418],[-5.082,42.9384],[-5.0866,42.934]]]]}},{"type":"Feature","properties":{"kind":"lake","name":"Embalse de la Cuerda del Pozo","local":"Embalse de la Cuerda del Pozo","km2":20.0},"geometry":{"type":"MultiPolygon","coordinates":[[[[-2.8328,41.8596],[-2.8282,41.8563],[-2.8192,41.8593],[-2.8109,41.8567],[-2.8023,41.8574],[-2.7957,41.861],[-2.7908,41.8601],[-2.7867,41.866],[-2.7875,41.854],[-2.7791,41.8527],[-2.7799,41.8505],[-2.7746,41.8473],[-2.7762,41.8402],[-2.779,41.8392],[-2.7786,41.835],[-2.785,41.8339],[-2.7758,41.8333],[-2.778,41.8303],[-2.7724,41.8323],[-2.7712,41.8235],[-2.7683,41.8248],[-2.7689,41.8295],[-2.7663,41.8307],[-2.768,41.8344],[-2.7633,41.8372],[-2.7649,41.8383],[-2.7633,41.8395],[-2.7709,41.8427],[-2.7667,41.8467],[-2.7513,41.845],[-2.753,41.8411],[-2.7462,41.8422],[-2.745,41.8394],[-2.7504,41.8313],[-2.7433,41.8345],[-2.7384,41.8291],[-2.7331,41.8349],[-2.7339,41.8443],[-2.7378,41.8474],[-2.7362,41.8485],[-2.7328,41.8474],[-2.7281,41.8369],[-2.7229,41.8364],[-2.7223,41.8331],[-2.7187,41.836],[-2.7125,41.835],[-2.7073,41.8299],[-2.7073,41.8271],[-2.7031,41.8289],[-2.7038,41.8342],[-2.7088,41.8365],[-2.7035,41.8372],[-2.7036,41.8349],[-2.6993,41.8321],[-2.6951,41.8348],[-2.7147,41.8437],[-2.7164,41.8478],[-2.7194,41.8457],[-2.7236,41.8483],[-2.7191,41.852],[-2.7247,41.8566],[-2.7235,41.8598],[-2.7136,41.8606],[-2.7179,41.8624],[-2.7149,41.8635],[-2.7034,41.8613],[-2.7115,41.8631],[-2.709,41.8654],[-2.7146,41.8662],[-2.7134,41.8687],[-2.7076,41.8683],[-2.7007,41.8751],[-2.7015,41.8765],[-2.7063,41.876],[-2.7085,41.8731],[-2.711,41.875],[-2.7128,41.8726],[-2.7169,41.8729],[-2.7207,41.8765],[-2.7209,41.883],[-2.7263,41.8855],[-2.7351,41.8981],[-2.7486,41.9082],[-2.7505,41.9055],[-2.757,41.9062],[-2.7614,41.9009],[-2.765,41.9019],[-2.781,41.891],[-2.7594,41.8993],[-2.7383,41.8978],[-2.7305,41.8836],[-2.722,41.8746],[-2.7218,41.871],[-2.7248,41.8695],[-2.7223,41.8685],[-2.7264,41.8676],[-2.7243,41.866],[-2.7294,41.8663],[-2.7331,41.8692],[-2.7354,41.8688],[-2.7382,41.8708],[-2.7473,41.872],[-2.7284,41.8632],[-2.7216,41.864],[-2.7234,41.862],[-2.7389,41.8623],[-2.7402,41.8598],[-2.7462,41.8587],[-2.749,41.8625],[-2.751,41.8594],[-2.7483,41.8561],[-2.7509,41.8549],[-2.7536,41.8595],[-2.7597,41.8583],[-2.762,41.8605],[-2.7687,41.854],[-2.7771,41.8562],[-2.7769,41.8585],[-2.773,41.8599],[-2.7743,41.8605],[-2.7786,41.8576],[-2.7822,41.8582],[-2.7808,41.8602],[-2.7851,41.8667],[-2.7803,41.8717],[-2.7847,41.8685],[-2.7905,41.8708],[-2.8015,41.8696],[-2.789,41.868],[-2.7914,41.8644],[-2.8078,41.8615],[-2.8231,41.8638],[-2.8328,41.8596]]]]}},{"type":"Feature","properties":{"kind":"lake","name":"Encoro de Belesar","local":"Encoro de Belesar","km2":17.2},"geometry":{"type":"MultiPolygon","coordinates":[[[[-7.7438,42.662],[-7.7385,42.6587],[-7.7416,42.6559],[-7.7358,42.657],[-7.7285,42.6519],[-7.7192,42.6503],[-7.7263,42.6465],[-7.7277,42.6424],[-7.7255,42.6287],[-7.7135,42.6273],[-7.7099,42.6296],[-7.7119,42.632],[-7.721,42.6332],[-7.7215,42.645],[-7.712,42.6463],[-7.7138,42.6478],[-7.7078,42.6499],[-7.7042,42.6487],[-7.7021,42.6524],[-7.7045,42.65],[-7.708,42.652],[-7.7114,42.6505],[-7.7138,42.6542],[-7.7285,42.655],[-7.7327,42.6602],[-7.7257,42.6685],[-7.7273,42.6692],[-7.7237,42.6738],[-7.7252,42.6755],[-7.7227,42.6825],[-7.7188,42.684],[-7.72,42.6853],[-7.7164,42.6885],[-7.7063,42.692],[-7.6898,42.6882],[-7.6798,42.6945],[-7.6775,42.693],[-7.6798,42.6995],[-7.6668,42.7],[-7.672,42.703],[-7.676,42.7095],[-7.668,42.7135],[-7.673,42.7137],[-7.6757,42.7112],[-7.6852,42.716],[-7.686,42.7203],[-7.6795,42.7245],[-7.6837,42.728],[-7.684,42.7343],[-7.678,42.7345],[-7.6682,42.74],[-7.663,42.7353],[-7.657,42.7358],[-7.6555,42.733],[-7.6547,42.738],[-7.6508,42.7398],[-7.653,42.7398],[-7.6512,42.7436],[-7.648,42.7427],[-7.6537,42.7525],[-7.6502,42.761],[-7.6472,42.7617],[-7.6418,42.7555],[-7.6311,42.7563],[-7.6369,42.7569],[-7.6337,42.7628],[-7.6358,42.7716],[-7.6325,42.7738],[-7.6297,42.7726],[-7.6313,42.7742],[-7.6289,42.7751],[-7.63,42.7833],[-7.6455,42.7845],[-7.6448,42.7863],[-7.6392,42.7908],[-7.6193,42.7888],[-7.6175,42.7915],[-7.6126,42.7855],[-7.6092,42.7854],[-7.605,42.7875],[-7.6128,42.7859],[-7.6152,42.79],[-7.6147,42.7948],[-7.618,42.7957],[-7.6212,42.793],[-7.62,42.7995],[-7.6043,42.8038],[-7.5995,42.8062],[-7.5987,42.8105],[-7.5939,42.8109],[-7.5982,42.8119],[-7.6,42.819],[-7.5895,42.8305],[-7.5895,42.8357],[-7.5687,42.83],[-7.5645,42.831],[-7.561,42.8407],[-7.5715,42.8425],[-7.5745,42.8575],[-7.5702,42.861],[-7.5578,42.862],[-7.5553,42.8653],[-7.5535,42.8723],[-7.554,42.873],[-7.5487,42.8756],[-7.5548,42.8732],[-7.5575,42.8638],[-7.5723,42.8615],[-7.5775,42.857],[-7.5747,42.8445],[-7.564,42.837],[-7.566,42.8312],[-7.5905,42.838],[-7.5905,42.8323],[-7.5957,42.8263],[-7.5985,42.8257],[-7.6055,42.8305],[-7.6082,42.8252],[-7.6102,42.8275],[-7.6155,42.8267],[-7.6191,42.8288],[-7.6182,42.8325],[-7.622,42.8383],[-7.6162,42.8406],[-7.6171,42.8445],[-7.6192,42.8466],[-7.6167,42.8411],[-7.6232,42.8385],[-7.6205,42.8355],[-7.6197,42.828],[-7.6152,42.826],[-7.6105,42.8267],[-7.6072,42.8245],[-7.604,42.827],[-7.605,42.8293],[-7.6002,42.8267],[-7.5992,42.8237],[-7.603,42.8175],[-7.6035,42.8083],[-7.6087,42.8057],[-7.6112,42.8088],[-7.6127,42.8056],[-7.6172,42.8046],[-7.62,42.8062],[-7.6296,42.8076],[-7.6304,42.8097],[-7.6311,42.8104],[-7.6298,42.8074],[-7.6189,42.8038],[-7.6305,42.7935],[-7.6363,42.793],[-7.6439,42.7977],[-7.6446,42.7977],[-7.6407,42.7915],[-7.6478,42.788],[-7.6522,42.7889],[-7.6541,42.7886],[-7.6493,42.7873],[-7.649,42.7827],[-7.6342,42.783],[-7.631,42.7803],[-7.6383,42.7725],[-7.6372,42.7602],[-7.6395,42.758],[-7.645,42.7632],[-7.651,42.7642],[-7.6562,42.7576],[-7.6581,42.7599],[-7.6543,42.7448],[-7.6567,42.7405],[-7.6602,42.7377],[-7.662,42.7407],[-7.6705,42.743],[-7.6791,42.7364],[-7.6872,42.7362],[-7.6852,42.7242],[-7.6917,42.7193],[-7.697,42.7275],[-7.7002,42.7285],[-7.6988,42.7295],[-7.7017,42.7285],[-7.6982,42.7272],[-7.702,42.7245],[-7.6908,42.7165],[-7.6885,42.7122],[-7.681,42.711],[-7.676,42.703],[-7.686,42.706],[-7.6848,42.6962],[-7.6917,42.6915],[-7.7049,42.6948],[-7.715,42.691],[-7.7175,42.691],[-7.7201,42.6982],[-7.7233,42.6983],[-7.7263,42.7007],[-7.7248,42.702],[-7.7275,42.7025],[-7.724,42.6975],[-7.7203,42.697],[-7.722,42.6945],[-7.72,42.693],[-7.7207,42.69],[-7.727,42.69],[-7.7255,42.6875],[-7.7278,42.6855],[-7.7393,42.6853],[-7.7301,42.681],[-7.7293,42.6735],[-7.7328,42.6727],[-7.7343,42.6653],[-7.7375,42.6623],[-7.7438,42.662]]]]}},{"type":"Feature","properties":{"kind":"lake","name":"Embalse de la Sotonera","local":"Embalse de la Sotonera","km2":17.0},"geometry":{"type":"MultiPolygon","coordinates":[[[[-0.7131,42.1329],[-0.71,42.1308],[-0.7048,42.1336],[-0.7044,42.1294],[-0.6924,42.12],[-0.7074,42.1213],[-0.7051,42.1091],[-0.7079,42.1045],[-0.7026,42.1055],[-0.695,42.1015],[-0.6842,42.1032],[-0.6815,42.1013],[-0.6733,42.1037],[-0.6693,42.1093],[-0.6539,42.1093],[-0.6527,42.1133],[-0.6549,42.1152],[-0.6514,42.1154],[-0.6494,42.1203],[-0.6453,42.1206],[-0.648,42.1213],[-0.6452,42.1249],[-0.6436,42.1242],[-0.642,42.1252],[-0.6441,42.1276],[-0.6508,42.1217],[-0.6539,42.1228],[-0.6514,42.1279],[-0.6539,42.1348],[-0.6509,42.1365],[-0.6543,42.1365],[-0.6472,42.1452],[-0.6464,42.1479],[-0.6492,42.1459],[-0.6513,42.1476],[-0.6584,42.1387],[-0.6639,42.141],[-0.6628,42.1384],[-0.6662,42.1384],[-0.6714,42.14],[-0.6702,42.142],[-0.6774,42.1431],[-0.6836,42.1409],[-0.6815,42.1424],[-0.6838,42.1442],[-0.6865,42.1406],[-0.6855,42.1432],[-0.6909,42.1417],[-0.6875,42.145],[-0.6785,42.1463],[-0.6781,42.1506],[-0.6802,42.151],[-0.6782,42.1513],[-0.6846,42.1548],[-0.6978,42.1481],[-0.7045,42.1404],[-0.7052,42.1376],[-0.7131,42.1329]]]]}},{"type":"Feature","properties":{"kind":"lake","name":"Embalse de Yesa","local":"Embalse de Yesa","km2":16.5},"geometry":{"type":"MultiPolygon","coordinates":[[[[-1.1832,42.614],[-1.1705,42.6113],[-1.164,42.6126],[-1.1461,42.5992],[-1.1327,42.5947],[-1.1322,42.597],[-1.1307,42.5948],[-1.1287,42.5973],[-1.1214,42.5949],[-1.1107,42.5981],[-1.1032,42.5945],[-1.1007,42.5907],[-1.1006,42.5939],[-1.0952,42.5924],[-1.0895,42.5966],[-1.0871,42.5943],[-1.0877,42.5898],[-1.0852,42.5886],[-1.0795,42.5892],[-1.0841,42.591],[-1.083,42.5995],[-1.0745,42.6016],[-1.0681,42.6064],[-1.0543,42.6001],[-1.0385,42.5989],[-1.0359,42.5968],[-1.0388,42.6015],[-1.0331,42.6054],[-1.037,42.6103],[-1.0442,42.6086],[-1.0567,42.6106],[-1.0627,42.6147],[-1.0835,42.6136],[-1.0886,42.6088],[-1.0906,42.6113],[-1.0899,42.6078],[-1.0964,42.6077],[-1.1005,42.6092],[-1.1008,42.6123],[-1.1072,42.6126],[-1.1071,42.616],[-1.1174,42.613],[-1.1214,42.6172],[-1.1234,42.6161],[-1.1237,42.6183],[-1.126,42.6133],[-1.133,42.6094],[-1.134,42.6145],[-1.138,42.6111],[-1.1423,42.6138],[-1.1453,42.6123],[-1.1465,42.6152],[-1.1479,42.6131],[-1.1553,42.6154],[-1.1553,42.6159],[-1.1544,42.6167],[-1.1542,42.6171],[-1.1542,42.6173],[-1.1569,42.6153],[-1.17,42.6194],[-1.1719,42.6237],[-1.1729,42.6192],[-1.1828,42.6169],[-1.1832,42.614]]]]}},{"type":"Feature","properties":{"kind":"lake","name":"Embalse de Mediano","local":"Embalse de Mediano","km2":15.4},"geometry":{"type":"MultiPolygon","coordinates":[[[[0.1443,42.4105],[0.151,42.4007],[0.1507,42.3925],[0.1579,42.3821],[0.1563,42.3739],[0.1523,42.373],[0.1727,42.3634],[0.1793,42.3585],[0.1801,42.3538],[0.189,42.3503],[0.1884,42.3454],[0.1645,42.3519],[0.1712,42.3476],[0.1658,42.3423],[0.1719,42.3445],[0.1802,42.3392],[0.1805,42.3413],[0.1835,42.3402],[0.1834,42.3432],[0.1873,42.3423],[0.1867,42.3391],[0.1993,42.3332],[0.2004,42.3305],[0.1994,42.3284],[0.1921,42.3347],[0.1828,42.3363],[0.1835,42.331],[0.1796,42.3326],[0.18,42.3279],[0.1764,42.3283],[0.1757,42.3296],[0.1734,42.3312],[0.1726,42.3324],[0.1726,42.3324],[0.1723,42.3324],[0.1727,42.3311],[0.1749,42.3295],[0.1726,42.3282],[0.175,42.3283],[0.1756,42.3244],[0.1802,42.3254],[0.1794,42.3226],[0.1827,42.3213],[0.188,42.32],[0.1919,42.3219],[0.1933,42.3188],[0.1968,42.3195],[0.1984,42.3186],[0.1904,42.3169],[0.1958,42.3157],[0.1939,42.3133],[0.1969,42.3143],[0.1968,42.3116],[0.1972,42.3111],[0.1987,42.3159],[0.2019,42.3124],[0.2012,42.3159],[0.205,42.3168],[0.2101,42.3116],[0.213,42.3145],[0.212,42.3225],[0.2074,42.3209],[0.2059,42.3264],[0.2115,42.3251],[0.2138,42.3291],[0.216,42.3289],[0.2175,42.3308],[0.2202,42.3305],[0.2214,42.3329],[0.221,42.334],[0.2153,42.3293],[0.2136,42.331],[0.2051,42.3281],[0.2032,42.3401],[0.1986,42.3439],[0.203,42.3468],[0.1966,42.3468],[0.2019,42.3506],[0.1956,42.3493],[0.1945,42.3535],[0.1965,42.3539],[0.1982,42.3553],[0.1934,42.3554],[0.1926,42.3582],[0.1962,42.3596],[0.1916,42.3596],[0.1854,42.3746],[0.1845,42.3809],[0.1877,42.3823],[0.1897,42.3908],[0.1869,42.3888],[0.1869,42.3831],[0.1816,42.3828],[0.1794,42.3772],[0.1749,42.3826],[0.1742,42.3804],[0.168,42.3857],[0.1679,42.3882],[0.1672,42.3862],[0.1643,42.3871],[0.1591,42.3997],[0.1531,42.4075],[0.1457,42.4122],[0.1465,42.4085],[0.1443,42.4105]]]]}},{"type":"Feature","properties":{"kind":"lake","name":"Pant\u00e0 de Rialb","local":"Pant\u00e0 de Rialb","km2":14.9},"geometry":{"type":"MultiPolygon","coordinates":[[[[1.1877,41.9476],[1.1909,41.9448],[1.1912,41.9392],[1.2059,41.946],[1.2094,41.9453],[1.2078,41.9475],[1.2109,41.9501],[1.2072,41.9494],[1.214,41.9541],[1.2273,41.9579],[1.2279,41.9502],[1.2334,41.9612],[1.2389,41.9626],[1.2409,41.96],[1.2412,41.9634],[1.247,41.9689],[1.2477,41.9778],[1.2554,41.9829],[1.2575,41.9924],[1.2608,41.9872],[1.2698,41.9827],[1.2729,41.9776],[1.2734,41.9794],[1.2786,41.9791],[1.2809,41.976],[1.2858,41.9764],[1.285,41.9723],[1.2927,41.9721],[1.2864,41.9732],[1.2884,41.9784],[1.2833,41.9774],[1.2705,41.9846],[1.2792,41.9836],[1.287,41.9861],[1.2901,41.9949],[1.2873,41.9925],[1.2851,41.9959],[1.2863,41.998],[1.2843,41.9963],[1.2802,41.9979],[1.2833,42.0073],[1.2933,42.007],[1.2873,42.0095],[1.3045,42.0156],[1.3021,42.0171],[1.2948,42.013],[1.2842,42.0123],[1.2899,42.019],[1.292,42.0308],[1.2957,42.0394],[1.3082,42.0551],[1.3074,42.0581],[1.3008,42.0599],[1.2978,42.0574],[1.3025,42.0513],[1.297,42.0483],[1.2982,42.0454],[1.2924,42.04],[1.2895,42.04],[1.2918,42.0391],[1.2907,42.0347],[1.2838,42.0296],[1.2848,42.0236],[1.2815,42.0225],[1.2856,42.0203],[1.2815,42.0192],[1.2762,42.009],[1.274,42.0097],[1.2758,42.0083],[1.2745,42.0062],[1.2724,42.0086],[1.2716,42.0091],[1.271,42.009],[1.275,42.0047],[1.2731,42.0036],[1.2725,41.9958],[1.281,41.9891],[1.2652,41.9901],[1.2635,41.993],[1.2648,41.9939],[1.2657,41.9952],[1.2545,41.9957],[1.2519,41.9853],[1.2461,41.9819],[1.2424,41.984],[1.2397,41.9814],[1.2399,41.983],[1.2346,41.9847],[1.2366,41.9867],[1.2374,41.9901],[1.2371,41.9916],[1.2352,41.9867],[1.2332,41.989],[1.2343,41.9859],[1.2323,41.9851],[1.2376,41.9818],[1.2372,41.98],[1.235,41.9772],[1.232,41.9781],[1.2334,41.9741],[1.227,41.9677],[1.224,41.9606],[1.2146,41.9597],[1.2093,41.9563],[1.2088,41.9611],[1.2027,41.9627],[1.2072,41.9762],[1.2055,41.9769],[1.2077,41.9973],[1.2053,41.9953],[1.1977,42.009],[1.1948,42.0094],[1.2056,41.9904],[1.2015,41.989],[1.2045,41.9846],[1.2,41.9828],[1.2029,41.9817],[1.2003,41.9694],[1.1921,41.9713],[1.1993,41.9674],[1.1943,41.9631],[1.1963,41.9635],[1.2048,41.9544],[1.1996,41.9475],[1.196,41.9501],[1.1929,41.9461],[1.1877,41.9476]]],[[[1.293,42.025],[1.2927,42.024],[1.2927,42.0236],[1.293,42.025]]],[[[1.2934,42.0317],[1.2933,42.0311],[1.2938,42.0309],[1.2934,42.0317]]],[[[1.2943,42.0073],[1.2975,42.0063],[1.2983,42.0071],[1.2974,42.0067],[1.2943,42.0073]]],[[[1.3045,42.0171],[1.3044,42.0165],[1.3052,42.0167],[1.3045,42.0171]]]]}},{"type":"Feature","properties":{"kind":"lake","name":"Embalse de Aguilar","local":"Embalse de Aguilar","km2":14.3},"geometry":{"type":"MultiPolygon","coordinates":[[[[-4.3783,42.841],[-4.3724,42.8341],[-4.3598,42.8261],[-4.3617,42.8248],[-4.3574,42.8214],[-4.3597,42.8194],[-4.3539,42.8144],[-4.337,42.81],[-4.3503,42.8069],[-4.3665,42.8094],[-4.364,42.804],[-4.3578,42.802],[-4.36,42.8073],[-4.35,42.8045],[-4.3397,42.8085],[-4.3167,42.8063],[-4.3223,42.8041],[-4.3256,42.8055],[-4.3293,42.802],[-4.3426,42.7992],[-4.342,42.7956],[-4.339,42.7985],[-4.3361,42.7924],[-4.3317,42.7898],[-4.3319,42.7874],[-4.3225,42.7865],[-4.3268,42.7895],[-4.3215,42.7914],[-4.3243,42.7938],[-4.3224,42.7963],[-4.3173,42.7977],[-4.3104,42.7921],[-4.3085,42.7925],[-4.3067,42.7919],[-4.3092,42.7912],[-4.3082,42.7899],[-4.296,42.7863],[-4.2953,42.7889],[-4.2907,42.7899],[-4.2992,42.7961],[-4.2882,42.7933],[-4.2857,42.7971],[-4.289,42.8],[-4.2848,42.8091],[-4.2877,42.8103],[-4.291,42.8064],[-4.2897,42.8088],[-4.2968,42.8143],[-4.2992,42.8131],[-4.3002,42.8159],[-4.2981,42.8165],[-4.3033,42.8195],[-4.303,42.8221],[-4.3071,42.8216],[-4.3051,42.8226],[-4.3063,42.824],[-4.3197,42.8281],[-4.3219,42.8247],[-4.317,42.8222],[-4.3239,42.8229],[-4.332,42.8175],[-4.335,42.822],[-4.3308,42.827],[-4.3316,42.829],[-4.3356,42.8254],[-4.3384,42.8258],[-4.3378,42.8208],[-4.3448,42.8157],[-4.349,42.8154],[-4.3565,42.819],[-4.3542,42.8216],[-4.3572,42.8235],[-4.3563,42.8276],[-4.359,42.83],[-4.3587,42.8332],[-4.3669,42.8338],[-4.3757,42.8412],[-4.3717,42.8435],[-4.3714,42.8443],[-4.3723,42.8457],[-4.3721,42.8435],[-4.3783,42.841]]]]}},{"type":"Feature","properties":{"kind":"lake","name":"Pant\u00e0 de Canelles / Embalse de Canelles","local":"Pant\u00e0 de Canelles / Embalse de Canelles","km2":13.6},"geometry":{"type":"MultiPolygon","coordinates":[[[[0.5677,42.0225],[0.573,42.02],[0.573,42.009],[0.5705,42.0091],[0.583,41.9989],[0.5815,41.9974],[0.5912,41.9985],[0.5918,41.9963],[0.6034,41.99],[0.6111,41.9891],[0.6092,41.9868],[0.6107,41.9859],[0.6082,41.9853],[0.6133,41.9803],[0.611,41.979],[0.6127,41.9781],[0.6202,41.9792],[0.6422,41.9719],[0.6449,41.975],[0.6493,41.9745],[0.6481,41.9786],[0.6602,41.976],[0.6446,41.9828],[0.6468,41.9882],[0.6491,41.9881],[0.646,41.9917],[0.6496,41.9974],[0.6545,41.998],[0.6617,42.0035],[0.6648,42.0151],[0.6767,42.0139],[0.672,42.0166],[0.6766,42.0181],[0.6747,42.0182],[0.675,42.0191],[0.6736,42.0196],[0.6672,42.0161],[0.6638,42.0185],[0.6629,42.016],[0.659,42.0149],[0.6557,42.0185],[0.6578,42.0193],[0.6564,42.021],[0.6594,42.0208],[0.6544,42.0255],[0.6586,42.0246],[0.6568,42.0269],[0.6639,42.0272],[0.6682,42.0267],[0.67,42.0257],[0.6707,42.0258],[0.6709,42.0255],[0.6714,42.0255],[0.6652,42.0289],[0.67,42.0306],[0.6625,42.0323],[0.6595,42.0396],[0.6703,42.039],[0.6704,42.0447],[0.6734,42.0467],[0.672,42.0496],[0.6756,42.0495],[0.6699,42.0536],[0.6715,42.0626],[0.6803,42.0742],[0.6838,42.0838],[0.6835,42.0856],[0.6819,42.0876],[0.6867,42.089],[0.6846,42.0894],[0.6853,42.0921],[0.6907,42.0935],[0.6963,42.0987],[0.6873,42.097],[0.6816,42.0881],[0.6836,42.0848],[0.6825,42.081],[0.6686,42.0621],[0.6662,42.0545],[0.67,42.0469],[0.6687,42.0453],[0.664,42.0427],[0.649,42.0426],[0.6404,42.0496],[0.6435,42.0424],[0.6479,42.0404],[0.6451,42.0389],[0.6451,42.0358],[0.6418,42.0378],[0.6449,42.0311],[0.6404,42.0335],[0.6344,42.0332],[0.6463,42.029],[0.6504,42.0261],[0.648,42.0235],[0.6534,42.0218],[0.6482,42.0218],[0.655,42.0181],[0.6559,42.0147],[0.6634,42.0133],[0.6583,42.0095],[0.6547,41.9994],[0.6463,41.9987],[0.6435,41.9925],[0.6456,41.9878],[0.6437,41.9836],[0.638,41.9856],[0.6349,41.9895],[0.6275,41.9885],[0.6236,41.9853],[0.6185,41.9872],[0.6198,41.9948],[0.6329,42.0001],[0.6259,42.0024],[0.625,42.0057],[0.6234,42.0052],[0.6219,42.0059],[0.6227,42.0058],[0.6231,42.0072],[0.6209,42.0056],[0.6195,42.0022],[0.6152,42.002],[0.6123,42.0056],[0.612,42.0028],[0.6064,42.0033],[0.6086,41.9987],[0.6048,41.9969],[0.6094,41.9954],[0.6087,41.9935],[0.5946,41.9962],[0.594,42.0002],[0.5965,42.0021],[0.5922,42.0035],[0.5874,41.9982],[0.5798,42.0015],[0.5741,42.0111],[0.5768,42.0287],[0.5719,42.0226],[0.5677,42.0225]]]]}},{"type":"Feature","properties":{"kind":"lake","name":"Uribarriko urtegia","local":"Uribarriko urtegia","km2":13.3},"geometry":{"type":"MultiPolygon","coordinates":[[[[-2.623,42.9354],[-2.6194,42.9291],[-2.6136,42.9295],[-2.6144,42.9323],[-2.6089,42.9309],[-2.601,42.9346],[-2.6022,42.9297],[-2.5983,42.9252],[-2.5881,42.925],[-2.5827,42.9282],[-2.582,42.9249],[-2.5787,42.9255],[-2.5749,42.9222],[-2.5747,42.9182],[-2.5607,42.9183],[-2.5587,42.9089],[-2.5674,42.9069],[-2.5546,42.9008],[-2.5636,42.8988],[-2.5479,42.8948],[-2.5527,42.8914],[-2.5467,42.8928],[-2.5478,42.8947],[-2.546,42.8935],[-2.546,42.8932],[-2.5466,42.8924],[-2.5465,42.8923],[-2.5459,42.8933],[-2.546,42.8935],[-2.5467,42.8945],[-2.5467,42.8947],[-2.5426,42.8971],[-2.5374,42.8974],[-2.5466,42.9016],[-2.5463,42.9036],[-2.5497,42.9034],[-2.5426,42.9085],[-2.5453,42.913],[-2.5434,42.9143],[-2.5385,42.9147],[-2.5316,42.9061],[-2.5241,42.9065],[-2.525,42.9082],[-2.5235,42.9087],[-2.5238,42.9075],[-2.5206,42.907],[-2.5179,42.9027],[-2.5149,42.9007],[-2.5209,42.9083],[-2.5238,42.9089],[-2.5276,42.9073],[-2.5253,42.9089],[-2.5267,42.9121],[-2.5305,42.9075],[-2.5337,42.9114],[-2.5322,42.9124],[-2.5407,42.9194],[-2.544,42.9195],[-2.5502,42.9094],[-2.5541,42.9104],[-2.5555,42.9138],[-2.5505,42.9217],[-2.5553,42.924],[-2.5504,42.9235],[-2.5494,42.9263],[-2.5526,42.9259],[-2.5569,42.9295],[-2.5535,42.9331],[-2.5564,42.9347],[-2.5591,42.932],[-2.5616,42.9345],[-2.5615,42.9314],[-2.5653,42.9324],[-2.5681,42.9336],[-2.5626,42.9353],[-2.569,42.9374],[-2.5692,42.9393],[-2.5718,42.9363],[-2.5735,42.9388],[-2.574,42.9356],[-2.5833,42.9445],[-2.5784,42.9435],[-2.5789,42.9456],[-2.5807,42.9447],[-2.5848,42.9499],[-2.5883,42.9485],[-2.5876,42.9527],[-2.5911,42.9545],[-2.5977,42.9482],[-2.6037,42.9553],[-2.6069,42.9543],[-2.6073,42.9517],[-2.5995,42.9458],[-2.6054,42.947],[-2.6021,42.9408],[-2.6075,42.936],[-2.6156,42.9396],[-2.6218,42.9379],[-2.623,42.9354]]]]}},{"type":"Feature","properties":{"kind":"lake","name":"Embalse de Rosarito","local":"Embalse de Rosarito","km2":12.6},"geometry":{"type":"MultiPolygon","coordinates":[[[[-5.3346,40.1001],[-5.3329,40.0961],[-5.327,40.0967],[-5.3289,40.0947],[-5.3274,40.0931],[-5.3216,40.098],[-5.3245,40.092],[-5.3206,40.0946],[-5.3178,40.0874],[-5.3104,40.0875],[-5.3072,40.0841],[-5.3042,40.0873],[-5.3044,40.0835],[-5.2992,40.0853],[-5.2918,40.0799],[-5.281,40.0818],[-5.271,40.0787],[-5.2711,40.0766],[-5.2679,40.0754],[-5.2657,40.0759],[-5.2703,40.077],[-5.2702,40.0807],[-5.2737,40.0818],[-5.2665,40.0818],[-5.2708,40.0838],[-5.2686,40.084],[-5.2682,40.0848],[-5.2746,40.084],[-5.2864,40.0883],[-5.2808,40.0911],[-5.2894,40.0895],[-5.2947,40.0917],[-5.2957,40.0938],[-5.2908,40.0948],[-5.2902,40.0956],[-5.2935,40.0958],[-5.2914,40.1],[-5.2956,40.1032],[-5.2914,40.1057],[-5.2835,40.1047],[-5.28,40.1085],[-5.2761,40.1051],[-5.2761,40.1092],[-5.2677,40.1107],[-5.2625,40.1087],[-5.2599,40.1047],[-5.2508,40.1081],[-5.2486,40.1049],[-5.2486,40.1078],[-5.2261,40.1065],[-5.216,40.1075],[-5.2107,40.1051],[-5.211,40.1015],[-5.2098,40.1042],[-5.2124,40.1079],[-5.2204,40.1081],[-5.2144,40.1123],[-5.2263,40.1075],[-5.2385,40.1085],[-5.2394,40.11],[-5.2326,40.1105],[-5.2438,40.1128],[-5.2623,40.1122],[-5.2608,40.1151],[-5.2726,40.1171],[-5.269,40.1124],[-5.2705,40.1104],[-5.2908,40.1114],[-5.3034,40.1148],[-5.3106,40.112],[-5.3124,40.1146],[-5.3111,40.1177],[-5.3029,40.1215],[-5.3029,40.1235],[-5.3136,40.1186],[-5.3151,40.1108],[-5.3236,40.1103],[-5.3219,40.1075],[-5.3258,40.102],[-5.3301,40.1016],[-5.3316,40.0982],[-5.3346,40.1001]]]]}},{"type":"Feature","properties":{"kind":"lake","name":"Embalse de Cernadilla","local":"Embalse de Cernadilla","km2":12.2},"geometry":{"type":"MultiPolygon","coordinates":[[[[-6.6312,42.0526],[-6.6284,42.0493],[-6.6238,42.0486],[-6.6179,42.0511],[-6.6179,42.0458],[-6.6036,42.0363],[-6.6064,42.0338],[-6.6016,42.0297],[-6.5937,42.0325],[-6.5913,42.03],[-6.5844,42.0308],[-6.5797,42.0388],[-6.5705,42.0278],[-6.5564,42.0231],[-6.5535,42.019],[-6.5539,42.0211],[-6.5501,42.0201],[-6.5421,42.0106],[-6.5359,42.0165],[-6.5371,42.0123],[-6.5336,42.0099],[-6.5294,42.0091],[-6.5243,42.0131],[-6.5255,42.0072],[-6.5181,42.005],[-6.5141,42.0073],[-6.5165,42.0018],[-6.5255,42.0011],[-6.5269,41.9997],[-6.5229,41.9972],[-6.528,41.9967],[-6.5276,41.9927],[-6.5294,41.9929],[-6.5333,41.9909],[-6.5335,41.9902],[-6.5293,41.9922],[-6.5271,41.9908],[-6.5252,41.9938],[-6.5233,41.9927],[-6.5253,41.996],[-6.5188,41.9936],[-6.5199,41.9981],[-6.5141,41.9973],[-6.516,41.9995],[-6.5138,42.0004],[-6.5091,41.9962],[-6.5122,42.0018],[-6.5007,42.0042],[-6.4995,42.0082],[-6.4904,42.0073],[-6.4887,42.0037],[-6.492,42.0034],[-6.4894,42.0012],[-6.4862,42.0038],[-6.4869,42.006],[-6.4801,42.0017],[-6.4819,42.0034],[-6.4792,42.0055],[-6.4836,42.0085],[-6.4761,42.0111],[-6.4771,42.0127],[-6.4721,42.016],[-6.4628,42.0142],[-6.4583,42.0204],[-6.4655,42.0219],[-6.4631,42.023],[-6.468,42.0271],[-6.4689,42.0245],[-6.4725,42.0257],[-6.4779,42.0322],[-6.4789,42.0275],[-6.4754,42.0244],[-6.4845,42.0277],[-6.4837,42.0308],[-6.4865,42.0307],[-6.4872,42.0272],[-6.4907,42.0277],[-6.4926,42.0321],[-6.495,42.0317],[-6.4938,42.0377],[-6.4954,42.0363],[-6.4983,42.0399],[-6.505,42.0403],[-6.4973,42.0379],[-6.4962,42.0334],[-6.4984,42.0323],[-6.4956,42.0309],[-6.493,42.0247],[-6.4898,42.0245],[-6.4914,42.0231],[-6.4832,42.0235],[-6.4787,42.0202],[-6.4886,42.0145],[-6.499,42.0143],[-6.4972,42.013],[-6.5037,42.0106],[-6.5167,42.0127],[-6.5224,42.0193],[-6.5201,42.02],[-6.5229,42.0211],[-6.5193,42.0235],[-6.5292,42.024],[-6.5296,42.0267],[-6.5323,42.0288],[-6.5298,42.0227],[-6.5255,42.0207],[-6.5267,42.0172],[-6.535,42.0226],[-6.5468,42.02],[-6.5516,42.0254],[-6.5585,42.0251],[-6.5656,42.0284],[-6.5677,42.0333],[-6.5647,42.0345],[-6.5695,42.0344],[-6.5796,42.0411],[-6.5859,42.0378],[-6.5899,42.0399],[-6.5859,42.0325],[-6.5937,42.034],[-6.6016,42.0313],[-6.603,42.0375],[-6.6088,42.0419],[-6.6101,42.0467],[-6.614,42.0477],[-6.6147,42.0524],[-6.6251,42.0492],[-6.6312,42.0526]]]]}},{"type":"Feature","properties":{"kind":"lake","name":"Embalse de Valpara\u00edso","local":"Embalse de Valpara\u00edso","km2":11.4},"geometry":{"type":"MultiPolygon","coordinates":[[[[-6.4117,41.9905],[-6.4062,41.9896],[-6.402,41.9931],[-6.3993,41.9904],[-6.3996,41.9938],[-6.3958,41.9925],[-6.3898,41.9945],[-6.3868,41.9914],[-6.3804,41.9939],[-6.3812,41.9915],[-6.375,41.9876],[-6.3763,41.9861],[-6.3723,41.9869],[-6.3718,41.9889],[-6.367,41.9877],[-6.3624,41.9807],[-6.3688,41.9811],[-6.3669,41.9788],[-6.351,41.977],[-6.3456,41.9804],[-6.3485,41.9736],[-6.3458,41.9742],[-6.3458,41.9777],[-6.3329,41.9775],[-6.3356,41.9802],[-6.333,41.9822],[-6.3202,41.9788],[-6.3181,41.9756],[-6.3216,41.974],[-6.3175,41.9735],[-6.3087,41.9763],[-6.3105,41.9804],[-6.3016,41.976],[-6.2973,41.9788],[-6.2975,41.9817],[-6.2924,41.981],[-6.2915,41.9766],[-6.2969,41.9757],[-6.2935,41.9727],[-6.3141,41.9684],[-6.3072,41.9659],[-6.3078,41.9616],[-6.3119,41.9631],[-6.3126,41.9606],[-6.3208,41.9604],[-6.3212,41.9567],[-6.3278,41.9595],[-6.3272,41.9571],[-6.3346,41.9538],[-6.3333,41.9526],[-6.3381,41.9525],[-6.3319,41.9499],[-6.3368,41.9462],[-6.3334,41.9409],[-6.3433,41.9316],[-6.3332,41.9336],[-6.3367,41.9353],[-6.3326,41.938],[-6.3344,41.9461],[-6.3299,41.9504],[-6.3327,41.9516],[-6.3303,41.9547],[-6.3244,41.956],[-6.3204,41.9539],[-6.3139,41.9587],[-6.3106,41.9583],[-6.3096,41.9556],[-6.3059,41.9559],[-6.3061,41.9596],[-6.299,41.9588],[-6.2981,41.9614],[-6.2887,41.9589],[-6.2861,41.9644],[-6.2883,41.9656],[-6.2863,41.9659],[-6.2886,41.9683],[-6.2874,41.972],[-6.2822,41.9712],[-6.2809,41.9746],[-6.2841,41.9769],[-6.2769,41.9795],[-6.2847,41.9854],[-6.2802,41.9907],[-6.2708,41.991],[-6.2722,41.9951],[-6.2795,41.9989],[-6.2823,41.9969],[-6.2799,41.9944],[-6.286,41.9961],[-6.287,41.9922],[-6.2973,41.9968],[-6.2986,41.9946],[-6.3088,41.9968],[-6.2932,41.9921],[-6.2911,41.9893],[-6.2868,41.9895],[-6.2973,41.988],[-6.2967,41.9864],[-6.3037,41.9822],[-6.3057,41.9846],[-6.3174,41.9864],[-6.3163,41.9835],[-6.3205,41.9838],[-6.317,41.9824],[-6.3172,41.9804],[-6.3377,41.987],[-6.3403,41.9861],[-6.3375,41.982],[-6.341,41.9815],[-6.3408,41.9842],[-6.3448,41.9853],[-6.3462,41.9914],[-6.3474,41.9852],[-6.3435,41.9826],[-6.351,41.9833],[-6.3492,41.9805],[-6.3508,41.9802],[-6.3589,41.9816],[-6.3631,41.9852],[-6.3604,41.9862],[-6.3616,41.988],[-6.3739,41.9902],[-6.381,41.997],[-6.3869,41.9941],[-6.3871,41.9975],[-6.3926,41.9991],[-6.3921,42.0037],[-6.3926,42.0013],[-6.3963,42.0002],[-6.3975,42.0032],[-6.3987,42.0002],[-6.3969,41.999],[-6.4042,41.9996],[-6.3933,41.9972],[-6.3963,41.9946],[-6.4101,41.9927],[-6.4117,41.9905]]]]}},{"type":"Feature","properties":{"kind":"lake","name":"Embalse de El Grado","local":"Embalse de El Grado","km2":11.3},"geometry":{"type":"MultiPolygon","coordinates":[[[[0.199,42.2766],[0.2034,42.2741],[0.2031,42.2712],[0.2108,42.2716],[0.2204,42.2655],[0.2291,42.2569],[0.2265,42.2565],[0.2196,42.2401],[0.2219,42.2416],[0.226,42.2341],[0.227,42.2257],[0.2221,42.223],[0.2174,42.2261],[0.2184,42.2226],[0.2148,42.2221],[0.2207,42.2218],[0.2145,42.2165],[0.2173,42.2129],[0.2151,42.2131],[0.2136,42.2123],[0.218,42.2115],[0.2223,42.2065],[0.2197,42.2054],[0.2193,42.2007],[0.2229,42.1929],[0.2164,42.1923],[0.2188,42.1918],[0.2173,42.1901],[0.2225,42.1891],[0.2213,42.1849],[0.2261,42.1775],[0.2237,42.1761],[0.2254,42.1739],[0.2239,42.1732],[0.2268,42.172],[0.2233,42.1692],[0.2227,42.1681],[0.2229,42.1658],[0.2078,42.163],[0.2164,42.1616],[0.2231,42.1656],[0.2269,42.1709],[0.2315,42.166],[0.2309,42.1601],[0.2345,42.1513],[0.2389,42.1512],[0.2418,42.1546],[0.2408,42.157],[0.2341,42.1683],[0.2315,42.167],[0.232,42.1695],[0.2285,42.1714],[0.2373,42.1728],[0.2444,42.1771],[0.2326,42.1729],[0.2309,42.1841],[0.2377,42.1871],[0.2311,42.1869],[0.2291,42.1919],[0.2387,42.1927],[0.2291,42.1937],[0.2285,42.1986],[0.2374,42.206],[0.2398,42.2057],[0.2376,42.208],[0.241,42.2161],[0.2373,42.2151],[0.2335,42.2205],[0.2327,42.2234],[0.2347,42.2245],[0.232,42.2238],[0.2326,42.2326],[0.2304,42.2336],[0.2296,42.2391],[0.2318,42.2389],[0.2329,42.2406],[0.2276,42.242],[0.2327,42.2461],[0.2306,42.2466],[0.2304,42.2557],[0.2371,42.2561],[0.24,42.2578],[0.2322,42.2568],[0.2322,42.2606],[0.2193,42.268],[0.2171,42.2742],[0.2268,42.2834],[0.223,42.2827],[0.2164,42.2895],[0.2171,42.296],[0.2157,42.2985],[0.2177,42.3036],[0.215,42.2994],[0.2143,42.2938],[0.2163,42.2812],[0.2127,42.2745],[0.199,42.2766]]]]}},{"type":"Feature","properties":{"kind":"lake","name":"Embalse de Almud\u00e9var","local":"Embalse de Almud\u00e9var","km2":11.3},"geometry":{"type":"MultiPolygon","coordinates":[[[[-0.5512,42.0442],[-0.5382,42.0266],[-0.5331,42.0235],[-0.5258,42.0216],[-0.5354,42.0288],[-0.5293,42.0269],[-0.5281,42.0285],[-0.5314,42.0308],[-0.5258,42.0316],[-0.5271,42.0347],[-0.5225,42.0335],[-0.52,42.028],[-0.518,42.0288],[-0.5012,42.0186],[-0.5016,42.0205],[-0.4997,42.0202],[-0.5027,42.0224],[-0.5001,42.0242],[-0.505,42.0241],[-0.5052,42.0274],[-0.5118,42.0325],[-0.5068,42.032],[-0.5129,42.0364],[-0.4971,42.0302],[-0.4906,42.0384],[-0.4892,42.0471],[-0.4923,42.0577],[-0.4974,42.0606],[-0.496,42.0576],[-0.5023,42.0588],[-0.5168,42.0496],[-0.5272,42.0474],[-0.5254,42.0503],[-0.5336,42.0503],[-0.5314,42.0472],[-0.5343,42.0472],[-0.5339,42.0445],[-0.5364,42.0461],[-0.5406,42.0409],[-0.5435,42.0419],[-0.5417,42.0447],[-0.5475,42.045],[-0.548,42.0482],[-0.5512,42.0442]]]]}},{"type":"Feature","properties":{"kind":"lake","name":"Laguna de Gallocanta","local":"Laguna de Gallocanta","km2":11.2},"geometry":{"type":"MultiPolygon","coordinates":[[[[-1.5313,40.9773],[-1.5267,40.9737],[-1.5289,40.9705],[-1.5215,40.9697],[-1.5083,40.9586],[-1.5019,40.9596],[-1.4917,40.9554],[-1.4823,40.943],[-1.4761,40.9428],[-1.478,40.9388],[-1.471,40.945],[-1.4763,40.9495],[-1.4739,40.9629],[-1.4833,40.9661],[-1.4858,40.9712],[-1.4966,40.9786],[-1.498,40.9833],[-1.5118,40.9826],[-1.5071,40.9843],[-1.5066,40.9868],[-1.5118,40.9936],[-1.5206,40.9952],[-1.5253,40.9899],[-1.5138,40.9825],[-1.5189,40.9809],[-1.5192,40.9775],[-1.5227,40.9753],[-1.5313,40.9773]]]]}},{"type":"Feature","properties":{"kind":"lake","name":"Encoro das Portas","local":"Encoro das Portas","km2":10.7},"geometry":{"type":"MultiPolygon","coordinates":[[[[-7.3205,42.0712],[-7.3229,42.07],[-7.3204,42.0707],[-7.3207,42.0734],[-7.3144,42.0743],[-7.3134,42.0709],[-7.303,42.0719],[-7.3021,42.0696],[-7.2968,42.0718],[-7.2945,42.0682],[-7.2943,42.0723],[-7.2876,42.0735],[-7.2885,42.0791],[-7.2929,42.0824],[-7.292,42.0843],[-7.2965,42.0862],[-7.296,42.0883],[-7.2883,42.09],[-7.2841,42.0885],[-7.2825,42.0842],[-7.2772,42.0852],[-7.2769,42.0836],[-7.2725,42.0841],[-7.2664,42.0918],[-7.264,42.0885],[-7.2569,42.0873],[-7.2608,42.0823],[-7.2581,42.0782],[-7.2595,42.0762],[-7.2623,42.0755],[-7.2632,42.0743],[-7.2579,42.0742],[-7.2568,42.0762],[-7.2525,42.0733],[-7.2515,42.0751],[-7.2467,42.0741],[-7.2488,42.0768],[-7.2561,42.0778],[-7.2564,42.0831],[-7.2403,42.0822],[-7.2361,42.0854],[-7.2334,42.0825],[-7.2332,42.0851],[-7.2286,42.0823],[-7.2282,42.0861],[-7.2329,42.0893],[-7.229,42.0914],[-7.224,42.0907],[-7.2264,42.0943],[-7.216,42.1053],[-7.2178,42.1073],[-7.2156,42.1084],[-7.2162,42.1129],[-7.2109,42.1108],[-7.207,42.1136],[-7.2143,42.1198],[-7.2128,42.1249],[-7.2157,42.1253],[-7.2185,42.1219],[-7.2258,42.125],[-7.2243,42.1204],[-7.2281,42.1092],[-7.2317,42.1115],[-7.2309,42.1057],[-7.2353,42.1042],[-7.2338,42.1003],[-7.2366,42.0987],[-7.2402,42.1007],[-7.2388,42.0975],[-7.2421,42.0965],[-7.2403,42.0944],[-7.247,42.0941],[-7.2492,42.0909],[-7.2601,42.0927],[-7.2583,42.0963],[-7.2589,42.0977],[-7.258,42.099],[-7.2586,42.1001],[-7.2596,42.0963],[-7.2637,42.0967],[-7.2633,42.0948],[-7.2656,42.0961],[-7.2704,42.0934],[-7.2739,42.0951],[-7.2773,42.0978],[-7.2766,42.1022],[-7.2815,42.1016],[-7.2788,42.1048],[-7.2873,42.1055],[-7.2844,42.1068],[-7.2829,42.111],[-7.2861,42.1117],[-7.284,42.1134],[-7.2878,42.1178],[-7.2897,42.1152],[-7.2968,42.1174],[-7.2909,42.1141],[-7.2885,42.1155],[-7.2855,42.1072],[-7.2886,42.1064],[-7.293,42.1079],[-7.2963,42.1074],[-7.2984,42.1082],[-7.2996,42.1077],[-7.3034,42.1085],[-7.3081,42.1082],[-7.2819,42.1035],[-7.2838,42.101],[-7.2785,42.1003],[-7.2802,42.097],[-7.2743,42.0917],[-7.274,42.0865],[-7.2805,42.0873],[-7.2878,42.0918],[-7.2958,42.0905],[-7.2989,42.0953],[-7.3035,42.0965],[-7.298,42.0931],[-7.2979,42.0886],[-7.3026,42.089],[-7.2995,42.0835],[-7.2955,42.0833],[-7.2934,42.075],[-7.3037,42.0753],[-7.312,42.0713],[-7.3124,42.0748],[-7.3169,42.0751],[-7.3225,42.074],[-7.3205,42.0712]]]]}},{"type":"Feature","properties":{"kind":"lake","name":"Encoro da Fervenza","local":"Encoro da Fervenza","km2":10.7},"geometry":{"type":"MultiPolygon","coordinates":[[[[-9.0113,42.9938],[-9.0096,42.9919],[-9.0107,42.9874],[-9.0082,42.985],[-9.0059,42.9861],[-9.002,42.9774],[-8.9971,42.9818],[-8.9942,42.9811],[-8.991,42.989],[-8.9851,42.9835],[-8.981,42.9839],[-8.9831,42.9875],[-8.981,42.9916],[-8.9756,42.9932],[-8.97,42.9901],[-8.971,42.9868],[-8.963,42.9912],[-8.957,42.9917],[-8.9541,42.9912],[-8.9526,42.9849],[-8.9404,42.9866],[-8.9391,42.9912],[-8.9299,42.9947],[-8.9253,43.0001],[-8.9278,43.0021],[-8.9428,42.9895],[-8.9497,42.9871],[-8.9528,42.9952],[-8.9512,42.9995],[-8.9417,43.006],[-8.9528,43.001],[-8.9563,43.0042],[-8.9527,43.0038],[-8.9499,43.0083],[-8.9573,43.0056],[-8.9602,43.0023],[-8.9597,42.9936],[-8.965,42.9922],[-8.9644,42.9951],[-8.9698,42.9981],[-8.9679,42.9992],[-8.9687,43.0032],[-8.9745,42.9996],[-8.9773,43.0028],[-8.9765,43.0049],[-8.983,43.0048],[-8.9805,43.008],[-8.9813,43.0106],[-8.9842,43.009],[-8.9889,43.0108],[-8.9869,43.0203],[-8.9762,43.0174],[-8.9773,43.0195],[-8.9819,43.0208],[-8.9821,43.0236],[-8.9868,43.0234],[-8.9853,43.0217],[-8.9892,43.0215],[-8.9888,43.0205],[-8.9891,43.0193],[-8.9907,43.0223],[-8.9899,43.0158],[-8.991,43.0106],[-8.9931,43.01],[-8.997,43.0218],[-9.0021,43.0254],[-9.006,43.0242],[-8.999,43.0196],[-9.0014,43.0149],[-9.0007,43.0069],[-9.0058,43.0082],[-9.0074,42.9983],[-9.0113,42.9938]]]]}},{"type":"Feature","properties":{"kind":"lake","name":"La Loteta","local":"La Loteta","km2":10.5},"geometry":{"type":"MultiPolygon","coordinates":[[[[-1.3626,41.8239],[-1.361,41.8208],[-1.3491,41.8171],[-1.3462,41.81],[-1.3351,41.8037],[-1.3242,41.7936],[-1.3065,41.7969],[-1.3122,41.81],[-1.3109,41.8116],[-1.3138,41.814],[-1.3117,41.8159],[-1.3288,41.829],[-1.3344,41.8296],[-1.3346,41.8318],[-1.3379,41.8303],[-1.3382,41.8328],[-1.3456,41.8351],[-1.3387,41.8298],[-1.3443,41.8325],[-1.3551,41.8308],[-1.3626,41.8239]]]]}},{"type":"Feature","properties":{"kind":"lake","name":"Embalse del Porma","local":"Embalse del Porma","km2":10.3},"geometry":{"type":"MultiPolygon","coordinates":[[[[-5.3209,42.9475],[-5.3126,42.9441],[-5.3137,42.9414],[-5.3098,42.9396],[-5.3167,42.9403],[-5.3143,42.9374],[-5.3208,42.9353],[-5.3006,42.9361],[-5.2965,42.9344],[-5.2944,42.9297],[-5.2806,42.9251],[-5.2829,42.9333],[-5.2771,42.936],[-5.273,42.9342],[-5.2739,42.9392],[-5.2716,42.9387],[-5.2715,42.9407],[-5.2606,42.9417],[-5.2565,42.9445],[-5.2481,42.9441],[-5.2555,42.9479],[-5.2641,42.9473],[-5.2676,42.9517],[-5.2685,42.9586],[-5.2546,42.9584],[-5.2485,42.9501],[-5.2452,42.9477],[-5.2433,42.9487],[-5.2472,42.9504],[-5.2509,42.96],[-5.2527,42.9587],[-5.2578,42.9662],[-5.2612,42.9638],[-5.2656,42.966],[-5.2668,42.9719],[-5.2613,42.9733],[-5.2593,42.9805],[-5.2677,42.9766],[-5.2653,42.9754],[-5.2712,42.9722],[-5.2769,42.9723],[-5.2725,42.9709],[-5.2729,42.9669],[-5.2692,42.9603],[-5.276,42.9585],[-5.2818,42.9613],[-5.2828,42.9587],[-5.28,42.9556],[-5.288,42.9587],[-5.2872,42.9558],[-5.2919,42.9545],[-5.2892,42.9524],[-5.2971,42.9523],[-5.2973,42.9483],[-5.2918,42.9494],[-5.2933,42.9479],[-5.2893,42.9458],[-5.2934,42.9445],[-5.2876,42.942],[-5.2872,42.9391],[-5.2904,42.9355],[-5.2882,42.9343],[-5.2937,42.9348],[-5.2913,42.9368],[-5.2936,42.94],[-5.2967,42.9381],[-5.3017,42.9393],[-5.3031,42.9438],[-5.2992,42.9452],[-5.301,42.9471],[-5.2993,42.9547],[-5.3053,42.9499],[-5.3097,42.9514],[-5.311,42.9602],[-5.3107,42.9559],[-5.3148,42.9551],[-5.3133,42.9486],[-5.3186,42.9499],[-5.3209,42.9475]]]]}},{"type":"Feature","properties":{"kind":"lake","name":"Embalse de San Salvador","local":"Embalse de San Salvador","km2":10.0},"geometry":{"type":"MultiPolygon","coordinates":[[[[0.1788,41.7671],[0.1846,41.7642],[0.1845,41.768],[0.1905,41.7697],[0.1972,41.7594],[0.2041,41.7621],[0.1997,41.7762],[0.209,41.7804],[0.2189,41.7791],[0.2187,41.7808],[0.229,41.7846],[0.232,41.7868],[0.2327,41.7951],[0.2376,41.7985],[0.2373,41.8013],[0.2358,41.8034],[0.232,41.8027],[0.23,41.7999],[0.2263,41.8025],[0.2236,41.801],[0.2265,41.7964],[0.2114,41.7975],[0.2092,41.793],[0.203,41.7926],[0.2023,41.79],[0.1928,41.7905],[0.1906,41.788],[0.1902,41.7915],[0.1815,41.7929],[0.1788,41.7671]]]]}},{"type":"Feature","properties":{"kind":"lake","name":"35061487","local":"","km2":10.0},"geometry":{"type":"MultiPolygon","coordinates":[[[[0.1788,41.7671],[0.1846,41.7642],[0.1845,41.768],[0.1905,41.7697],[0.1972,41.7594],[0.2041,41.7621],[0.1997,41.7762],[0.209,41.7804],[0.2189,41.7791],[0.2187,41.7808],[0.229,41.7846],[0.232,41.7868],[0.2327,41.7951],[0.2376,41.7985],[0.2373,41.8013],[0.2358,41.8034],[0.232,41.8027],[0.23,41.7999],[0.2263,41.8025],[0.2236,41.801],[0.2265,41.7964],[0.2114,41.7975],[0.2092,41.793],[0.203,41.7926],[0.2023,41.79],[0.1928,41.7905],[0.1906,41.788],[0.1902,41.7915],[0.1815,41.7929],[0.1788,41.7671]]]]}},{"type":"Feature","properties":{"kind":"lake","name":"Embalse de B\u00e1rcena","local":"Embalse de B\u00e1rcena","km2":9.4},"geometry":{"type":"MultiPolygon","coordinates":[[[[-6.5653,42.5903],[-6.5552,42.5845],[-6.5601,42.577],[-6.5517,42.5809],[-6.5519,42.5838],[-6.5426,42.5839],[-6.5476,42.5867],[-6.549,42.5891],[-6.5457,42.5892],[-6.5486,42.5909],[-6.5329,42.6001],[-6.5291,42.6121],[-6.5306,42.6234],[-6.5264,42.6295],[-6.5222,42.6312],[-6.5209,42.6335],[-6.5231,42.636],[-6.5203,42.6378],[-6.5172,42.6519],[-6.5106,42.6541],[-6.5136,42.6562],[-6.5097,42.6577],[-6.5076,42.6634],[-6.502,42.6681],[-6.5029,42.6725],[-6.5115,42.6658],[-6.514,42.6679],[-6.5112,42.6648],[-6.5118,42.662],[-6.5183,42.6537],[-6.5216,42.6389],[-6.5251,42.6367],[-6.5239,42.6321],[-6.5392,42.6227],[-6.547,42.623],[-6.5542,42.6193],[-6.5526,42.6174],[-6.5608,42.6061],[-6.5566,42.5924],[-6.5653,42.5903]]]]}},{"type":"Feature","properties":{"kind":"lake","name":"Encoro de Portodemouros","local":"Encoro de Portodemouros","km2":9.4},"geometry":{"type":"MultiPolygon","coordinates":[[[[-8.1914,42.8577],[-8.1889,42.8552],[-8.1762,42.8573],[-8.1765,42.8535],[-8.1677,42.8545],[-8.1645,42.8486],[-8.159,42.848],[-8.1591,42.8458],[-8.1551,42.8476],[-8.151,42.8439],[-8.1433,42.847],[-8.139,42.841],[-8.1263,42.8492],[-8.1212,42.8492],[-8.1265,42.841],[-8.1323,42.8392],[-8.1364,42.8339],[-8.1359,42.8298],[-8.1397,42.8274],[-8.1327,42.8255],[-8.1344,42.8227],[-8.1321,42.8213],[-8.1325,42.8186],[-8.1369,42.8178],[-8.1318,42.8183],[-8.1305,42.8209],[-8.1284,42.8186],[-8.1228,42.8194],[-8.1255,42.812],[-8.1177,42.8118],[-8.1158,42.809],[-8.1133,42.8095],[-8.1125,42.811],[-8.1155,42.8098],[-8.1177,42.8128],[-8.1245,42.8122],[-8.1207,42.8192],[-8.1286,42.8212],[-8.1268,42.8226],[-8.131,42.8275],[-8.1297,42.836],[-8.1203,42.8365],[-8.1192,42.8407],[-8.111,42.842],[-8.1106,42.8402],[-8.1089,42.8425],[-8.111,42.845],[-8.1032,42.8438],[-8.0913,42.8492],[-8.0888,42.8528],[-8.0717,42.8524],[-8.0838,42.8552],[-8.0951,42.8515],[-8.0899,42.8608],[-8.0983,42.8528],[-8.1011,42.8531],[-8.101,42.8507],[-8.1122,42.8477],[-8.1146,42.8452],[-8.1168,42.846],[-8.1162,42.8507],[-8.1237,42.8519],[-8.1235,42.8551],[-8.1369,42.8452],[-8.1403,42.8507],[-8.1505,42.8485],[-8.1534,42.8517],[-8.1604,42.8519],[-8.1588,42.8552],[-8.1665,42.8573],[-8.1614,42.8586],[-8.1599,42.8659],[-8.1567,42.8666],[-8.1498,42.8581],[-8.1432,42.8569],[-8.1382,42.8611],[-8.1306,42.8632],[-8.1326,42.864],[-8.1309,42.8668],[-8.1329,42.8687],[-8.1255,42.8729],[-8.1312,42.8725],[-8.1358,42.8682],[-8.1414,42.8685],[-8.1488,42.8725],[-8.1432,42.8768],[-8.1421,42.876],[-8.1391,42.8769],[-8.1485,42.8808],[-8.1505,42.879],[-8.1516,42.8818],[-8.1571,42.8832],[-8.1523,42.8813],[-8.1516,42.8782],[-8.1436,42.8778],[-8.1518,42.873],[-8.1504,42.8686],[-8.1595,42.8715],[-8.1635,42.8668],[-8.1668,42.8665],[-8.167,42.8605],[-8.1738,42.863],[-8.1785,42.8593],[-8.1815,42.8615],[-8.1813,42.8645],[-8.1837,42.8615],[-8.1883,42.863],[-8.1898,42.861],[-8.1883,42.86],[-8.1914,42.8577]]]]}},{"type":"Feature","properties":{"kind":"lake","name":"Itoizko urtegia","local":"Itoizko urtegia","km2":9.2},"geometry":{"type":"MultiPolygon","coordinates":[[[[-1.39,42.8206],[-1.3852,42.8195],[-1.3834,42.8163],[-1.3881,42.815],[-1.3866,42.8122],[-1.3809,42.8155],[-1.3766,42.8142],[-1.3798,42.8111],[-1.3762,42.8095],[-1.38,42.8085],[-1.3764,42.8075],[-1.3796,42.8039],[-1.3752,42.8048],[-1.3714,42.8008],[-1.3586,42.8036],[-1.3609,42.8067],[-1.3583,42.8081],[-1.3599,42.8101],[-1.348,42.8124],[-1.3498,42.815],[-1.3443,42.8199],[-1.337,42.8137],[-1.3404,42.8204],[-1.3395,42.8272],[-1.3189,42.8302],[-1.3186,42.831],[-1.3386,42.8289],[-1.3344,42.8405],[-1.3364,42.8452],[-1.3319,42.846],[-1.3254,42.8429],[-1.3282,42.847],[-1.3238,42.847],[-1.3305,42.848],[-1.329,42.8518],[-1.3315,42.8518],[-1.3266,42.8558],[-1.3193,42.8553],[-1.3195,42.8523],[-1.3155,42.8555],[-1.3086,42.8536],[-1.3216,42.8585],[-1.3264,42.8577],[-1.3267,42.8594],[-1.3302,42.857],[-1.3309,42.8613],[-1.3348,42.8636],[-1.3271,42.8652],[-1.331,42.867],[-1.3312,42.8694],[-1.3222,42.8805],[-1.3125,42.8797],[-1.31,42.8812],[-1.3097,42.884],[-1.3122,42.8804],[-1.3226,42.8813],[-1.3318,42.8717],[-1.3329,42.8672],[-1.341,42.8675],[-1.3374,42.8652],[-1.3391,42.8581],[-1.3437,42.8611],[-1.3422,42.8587],[-1.3454,42.8579],[-1.3393,42.8569],[-1.3409,42.8556],[-1.3376,42.8533],[-1.3444,42.8533],[-1.3383,42.8514],[-1.3359,42.8473],[-1.3396,42.8471],[-1.3367,42.8397],[-1.3429,42.8261],[-1.3528,42.8255],[-1.3549,42.8189],[-1.3602,42.8152],[-1.3622,42.8169],[-1.3614,42.8233],[-1.3578,42.8264],[-1.3647,42.8273],[-1.3669,42.8372],[-1.3642,42.8391],[-1.3688,42.8441],[-1.3754,42.8467],[-1.369,42.8477],[-1.3697,42.8501],[-1.3767,42.8497],[-1.3774,42.8443],[-1.3663,42.8398],[-1.3687,42.837],[-1.3667,42.832],[-1.3676,42.8294],[-1.3712,42.8289],[-1.3682,42.8269],[-1.3734,42.8253],[-1.3816,42.8268],[-1.3707,42.8217],[-1.3703,42.8177],[-1.3819,42.8181],[-1.3838,42.824],[-1.3864,42.8221],[-1.3892,42.8245],[-1.3874,42.8214],[-1.39,42.8206]]]]}},{"type":"Feature","properties":{"kind":"lake","name":"Encoro do Lindoso","local":"Encoro do Lindoso","km2":9.1},"geometry":{"type":"MultiPolygon","coordinates":[[[[-8.2188,41.8968],[-8.2099,41.8951],[-8.2026,41.8876],[-8.2006,41.881],[-8.2037,41.8727],[-8.2023,41.8709],[-8.1918,41.8758],[-8.1862,41.8743],[-8.1846,41.871],[-8.1869,41.8681],[-8.1844,41.8684],[-8.1798,41.8616],[-8.1831,41.8731],[-8.1786,41.8717],[-8.1777,41.8745],[-8.1687,41.8782],[-8.1689,41.8745],[-8.1622,41.881],[-8.1517,41.8822],[-8.1503,41.8855],[-8.1455,41.8864],[-8.1356,41.8943],[-8.1332,41.8912],[-8.1309,41.8955],[-8.1222,41.8934],[-8.1186,41.8965],[-8.1066,41.8898],[-8.1107,41.8933],[-8.109,41.8972],[-8.0914,41.9095],[-8.0868,41.9084],[-8.0851,41.9168],[-8.0772,41.9157],[-8.0777,41.9098],[-8.0729,41.9136],[-8.0732,41.9108],[-8.0704,41.9098],[-8.0651,41.9127],[-8.071,41.9119],[-8.0721,41.9146],[-8.0752,41.9144],[-8.0755,41.9176],[-8.0839,41.9184],[-8.0812,41.922],[-8.0741,41.9229],[-8.0665,41.9312],[-8.0642,41.9311],[-8.0643,41.933],[-8.0739,41.9257],[-8.0742,41.9237],[-8.0803,41.924],[-8.0881,41.9197],[-8.0936,41.9096],[-8.0978,41.9089],[-8.1133,41.8974],[-8.1244,41.9017],[-8.1243,41.9036],[-8.1255,41.9049],[-8.1269,41.9137],[-8.1281,41.9155],[-8.1278,41.9017],[-8.1299,41.8999],[-8.1411,41.8993],[-8.1411,41.9026],[-8.144,41.9041],[-8.1449,41.9007],[-8.1518,41.8986],[-8.1517,41.8928],[-8.1606,41.8942],[-8.1591,41.8912],[-8.1666,41.8831],[-8.1726,41.8827],[-8.1776,41.8787],[-8.1795,41.8816],[-8.1851,41.8767],[-8.1929,41.8785],[-8.1988,41.8757],[-8.1961,41.8823],[-8.203,41.8909],[-8.2027,41.8948],[-8.2137,41.899],[-8.2112,41.9009],[-8.213,41.9011],[-8.2164,41.9133],[-8.2119,41.9174],[-8.2112,41.9209],[-8.2173,41.9138],[-8.2178,41.9027],[-8.2161,41.9019],[-8.2188,41.8968]]]]}},{"type":"Feature","properties":{"kind":"lake","name":"Embalse de Los Barrios de Luna","local":"Embalse de Los Barrios de Luna","km2":9.0},"geometry":{"type":"MultiPolygon","coordinates":[[[[-5.9548,42.9167],[-5.9464,42.9066],[-5.9267,42.906],[-5.9209,42.8957],[-5.9177,42.894],[-5.9202,42.892],[-5.914,42.8937],[-5.9093,42.8928],[-5.9108,42.8909],[-5.906,42.8908],[-5.8933,42.8949],[-5.8861,42.8938],[-5.889,42.8872],[-5.8847,42.8846],[-5.8914,42.8847],[-5.8911,42.8831],[-5.875,42.8786],[-5.8769,42.8764],[-5.8798,42.8772],[-5.8812,42.8756],[-5.8788,42.8745],[-5.8845,42.8718],[-5.8731,42.8631],[-5.8672,42.8562],[-5.8697,42.8543],[-5.8657,42.8501],[-5.8566,42.8496],[-5.8621,42.8528],[-5.8627,42.8588],[-5.8661,42.862],[-5.8626,42.8677],[-5.8574,42.8686],[-5.8599,42.8704],[-5.8541,42.8734],[-5.8665,42.8742],[-5.8682,42.8761],[-5.8661,42.8781],[-5.8703,42.8799],[-5.8649,42.8822],[-5.8656,42.8839],[-5.8821,42.8884],[-5.8822,42.893],[-5.8721,42.8966],[-5.8821,42.8953],[-5.8848,42.8979],[-5.8852,42.9041],[-5.879,42.9106],[-5.8815,42.9143],[-5.8799,42.9177],[-5.8824,42.9179],[-5.8834,42.9129],[-5.8927,42.9105],[-5.8873,42.9032],[-5.8884,42.8979],[-5.8942,42.8968],[-5.9056,42.8992],[-5.9133,42.8982],[-5.9255,42.9111],[-5.9276,42.9097],[-5.9357,42.9128],[-5.9467,42.9094],[-5.9482,42.9164],[-5.9548,42.9167]]]]}},{"type":"Feature","properties":{"kind":"lake","name":"Pant\u00e0 de Sant Antoni","local":"Pant\u00e0 de Sant Antoni","km2":8.7},"geometry":{"type":"MultiPolygon","coordinates":[[[[0.9131,42.1792],[0.9196,42.181],[0.9255,42.1794],[0.9307,42.1819],[0.9367,42.1921],[0.9546,42.1938],[0.9538,42.1943],[0.9528,42.1959],[0.9588,42.1906],[0.9554,42.1968],[0.9637,42.2],[0.9661,42.1963],[0.9677,42.1995],[0.9706,42.1978],[0.9703,42.1995],[0.9783,42.1995],[0.9739,42.2024],[0.9652,42.2027],[0.9701,42.2046],[0.9745,42.2262],[0.977,42.2285],[0.9709,42.2379],[0.9717,42.2421],[0.9706,42.2402],[0.9675,42.2435],[0.9698,42.2401],[0.9659,42.2373],[0.9662,42.2333],[0.9684,42.2301],[0.9649,42.2286],[0.9649,42.2226],[0.9618,42.2215],[0.9638,42.2197],[0.9606,42.2146],[0.9404,42.2057],[0.9389,42.2025],[0.9355,42.206],[0.9335,42.2064],[0.9367,42.2014],[0.9317,42.2008],[0.9332,42.1977],[0.9276,42.1943],[0.927,42.1896],[0.9145,42.1838],[0.9131,42.1792]]]]}},{"type":"Feature","properties":{"kind":"lake","name":"Lake As Pontes","local":"Lago das Pontes","km2":8.7},"geometry":{"type":"MultiPolygon","coordinates":[[[[-7.9216,43.469],[-7.9209,43.4675],[-7.9043,43.4594],[-7.9036,43.4569],[-7.894,43.4541],[-7.8892,43.4559],[-7.8801,43.4418],[-7.8755,43.4433],[-7.8727,43.4494],[-7.8706,43.4415],[-7.8684,43.4443],[-7.8728,43.4531],[-7.8676,43.4609],[-7.8769,43.4671],[-7.8878,43.465],[-7.8862,43.4711],[-7.8942,43.4786],[-7.9105,43.48],[-7.9192,43.4763],[-7.919,43.4736],[-7.9205,43.4728],[-7.9216,43.469]]]]}},{"type":"Feature","properties":{"kind":"lake","name":"Embalse de El Burguillo","local":"Embalse de El Burguillo","km2":8.5},"geometry":{"type":"MultiPolygon","coordinates":[[[[-4.6647,40.4133],[-4.6606,40.4154],[-4.6554,40.4139],[-4.6486,40.4167],[-4.6452,40.4159],[-4.6473,40.4143],[-4.6412,40.4131],[-4.6006,40.4236],[-4.5927,40.4211],[-4.5943,40.4176],[-4.5902,40.4198],[-4.5886,40.4178],[-4.5845,40.4213],[-4.5846,40.4165],[-4.5758,40.4215],[-4.5705,40.4197],[-4.5733,40.4174],[-4.5688,40.4158],[-4.5719,40.413],[-4.5697,40.4117],[-4.5691,40.4058],[-4.5645,40.4219],[-4.562,40.4201],[-4.5533,40.4244],[-4.552,40.4214],[-4.5429,40.4214],[-4.5345,40.4232],[-4.5337,40.4258],[-4.5378,40.4269],[-4.5374,40.4305],[-4.5408,40.4276],[-4.5445,40.4292],[-4.5492,40.4276],[-4.5544,40.4288],[-4.5541,40.433],[-4.559,40.4308],[-4.564,40.4317],[-4.5605,40.4362],[-4.5628,40.437],[-4.5608,40.4397],[-4.5629,40.4426],[-4.5605,40.4451],[-4.5619,40.4531],[-4.5603,40.4547],[-4.5642,40.4604],[-4.5641,40.4614],[-4.5618,40.4613],[-4.5611,40.4627],[-4.5655,40.4611],[-4.5627,40.4568],[-4.5654,40.4579],[-4.5676,40.4573],[-4.5632,40.4555],[-4.5645,40.4486],[-4.5683,40.446],[-4.5647,40.4438],[-4.5685,40.4375],[-4.5661,40.4331],[-4.5673,40.4275],[-4.5764,40.4252],[-4.5839,40.4261],[-4.5842,40.4296],[-4.5875,40.427],[-4.593,40.4279],[-4.6029,40.4315],[-4.6027,40.4356],[-4.6084,40.4322],[-4.6088,40.4297],[-4.6141,40.4329],[-4.6199,40.4318],[-4.6149,40.4303],[-4.6136,40.4265],[-4.6197,40.4262],[-4.6209,40.4228],[-4.6273,40.4225],[-4.6327,40.4169],[-4.6413,40.4144],[-4.6441,40.4174],[-4.6534,40.4182],[-4.6521,40.4171],[-4.6556,40.415],[-4.6618,40.4165],[-4.6647,40.4133]]]]}},{"type":"Feature","properties":{"kind":"river","name":"R\u00edo Segre"},"geometry":{"type":"LineString","coordinates":[[0.3062,41.3598],[0.3036,41.3656],[0.305,41.369],[0.3068,41.3718],[0.311,41.3797],[0.3185,41.3925],[0.3391,41.4077],[0.3395,41.4085],[0.3386,41.4116],[0.3396,41.4125],[0.3433,41.4143],[0.3443,41.4166],[0.3446,41.42],[0.3468,41.4232],[0.3476,41.4248],[0.3501,41.4281],[0.3433,41.4143],[0.3386,41.4116],[0.3391,41.4077],[0.3339,41.4054],[0.3185,41.3925],[0.3036,41.3656],[0.304,41.3618],[0.3062,41.3598]]}},{"type":"Feature","properties":{"kind":"river","name":"R\u00edo Ebro"},"geometry":{"type":"LineString","coordinates":[[-4.1894,43.0172],[-4.18,43.0153],[-4.1664,43.0026],[-4.1556,42.9995],[-4.1151,43.0016],[-4.1177,42.9974],[-4.1123,42.9925],[-4.1041,42.9937],[-4.1013,42.9884],[-4.1028,42.9812],[-4.0984,42.9775],[-4.0426,42.9758],[-4.0411,42.9731],[-4.0511,42.9715],[-4.0587,42.9656],[-4.0584,42.9625],[-4.053,42.9479],[-4.047,42.943],[-4.0488,42.9378],[-4.0302,42.9334],[-4.034,42.9294],[-4.0252,42.9241],[-4.0287,42.9089]]}},{"type":"Feature","properties":{"kind":"river","name":"R\u00edo Ebro"},"geometry":{"type":"LineString","coordinates":[[-4.0287,42.9089],[-4.0291,42.908],[-4.0325,42.9069],[-4.0339,42.9058],[-4.0345,42.9046],[-4.0341,42.9026],[-4.034,42.9021],[-4.0342,42.9008],[-4.0347,42.9001],[-4.0374,42.8984],[-4.0377,42.8979],[-4.0373,42.8968],[-4.0332,42.8951],[-4.0325,42.8946],[-4.0324,42.8921],[-4.0336,42.8914],[-4.0373,42.8919],[-4.0379,42.8913],[-4.0326,42.8894],[-4.0321,42.8886],[-4.0322,42.888],[-4.0336,42.8864],[-4.0337,42.8851],[-4.0344,42.8835],[-4.0363,42.8809],[-4.0366,42.8804],[-4.0363,42.8796],[-4.0359,42.879],[-4.0353,42.8771],[-4.034,42.8748],[-4.0335,42.8659],[-4.0335,42.8653],[-4.0358,42.8626],[-4.0361,42.8622],[-4.0364,42.8608],[-4.036,42.8603],[-4.0342,42.8599],[-4.0313,42.8598],[-4.0309,42.8597],[-4.0286,42.8553],[-4.0292,42.853],[-4.0303,42.8514],[-4.0369,42.8521],[-4.0382,42.8518],[-4.0361,42.8468],[-4.0361,42.8465],[-4.037,42.8443],[-4.0371,42.8437],[-4.0375,42.8425],[-4.0376,42.8386],[-4.0429,42.8348],[-4.0436,42.8331],[-4.043,42.8316],[-4.0423,42.8286],[-4.0408,42.8267],[-4.0401,42.8253],[-4.0402,42.8236],[-4.0418,42.8202],[-4.0419,42.8176],[-4.0416,42.8168],[-4.0381,42.8136],[-4.0383,42.8067],[-4.0374,42.8047],[-4.0371,42.8024],[-4.0312,42.802],[-4.0274,42.8039],[-4.0227,42.8076],[-4.0209,42.8073],[-4.0171,42.8074],[-4.0153,42.8071],[-4.0148,42.8064],[-4.0156,42.8043],[-4.0144,42.8012],[-4.015,42.7989],[-4.0057,42.7951],[-4.0015,42.7966],[-3.9986,42.8019],[-3.9964,42.7981],[-3.9985,42.7885],[-3.9947,42.7858],[-3.9867,42.7873],[-3.9848,42.7937],[-3.9842,42.7945],[-3.9834,42.7947],[-3.9828,42.7951],[-3.983,42.7978],[-3.9827,42.8004],[-3.9766,42.8033],[-3.9758,42.8027],[-3.9749,42.8018],[-3.9717,42.8002],[-3.9717,42.799],[-3.9714,42.797],[-3.9717,42.7917],[-3.9711,42.7897],[-3.9637,42.7869],[-3.9614,42.7881],[-3.9591,42.7885],[-3.9578,42.789],[-3.9569,42.7901],[-3.9569,42.7915],[-3.9566,42.7931],[-3.9567,42.7934],[-3.9613,42.7989],[-3.9612,42.799],[-3.9596,42.8008],[-3.9593,42.801],[-3.9567,42.8013],[-3.9492,42.8036],[-3.9443,42.8032],[-3.9413,42.8023],[-3.9366,42.8015],[-3.9354,42.8017],[-3.935,42.8019],[-3.9341,42.8027],[-3.9338,42.8027],[-3.9251,42.8039],[-3.9229,42.8073],[-3.9261,42.8131],[-3.9242,42.816],[-3.9236,42.8163],[-3.9173,42.8158],[-3.9131,42.8171],[-3.9089,42.8209],[-3.9081,42.8228],[-3.9079,42.8231],[-3.9056,42.8246],[-3.9051,42.8246],[-3.895,42.8324],[-3.8929,42.8323],[-3.89,42.8315],[-3.8894,42.8313],[-3.8878,42.8308],[-3.8816,42.8349],[-3.8792,42.8359],[-3.8732,42.8352],[-3.867,42.8334],[-3.8655,42.8323],[-3.8644,42.8319],[-3.8639,42.8319],[-3.8631,42.8322],[-3.859,42.8331],[-3.8553,42.8346],[-3.8538,42.8345],[-3.8521,42.8342],[-3.8488,42.8346],[-3.8483,42.834],[-3.8475,42.8335],[-3.8466,42.8325],[-3.844,42.8312],[-3.843,42.8305],[-3.8427,42.8305],[-3.8417,42.8305],[-3.8394,42.8299],[-3.8331,42.8309],[-3.8317,42.8307],[-3.8303,42.8288],[-3.8303,42.8277],[-3.831,42.8255],[-3.8305,42.8249],[-3.8293,42.8245],[-3.8283,42.8246],[-3.8262,42.8244],[-3.8251,42.8242],[-3.8243,42.8241],[-3.8214,42.8251],[-3.8197,42.8274],[-3.8191,42.8278],[-3.816,42.8282],[-3.8148,42.8288],[-3.8107,42.8335],[-3.8077,42.8336],[-3.8047,42.832],[-3.8076,42.8257],[-3.8076,42.8247],[-3.8039,42.8237],[-3.7993,42.8245],[-3.7985,42.8263],[-3.7968,42.8294],[-3.7961,42.8301],[-3.7951,42.8303],[-3.7934,42.8312],[-3.7918,42.8334],[-3.7916,42.8361],[-3.7896,42.8371],[-3.787,42.8328],[-3.7871,42.8326],[-3.7878,42.8317],[-3.7921,42.8278],[-3.7917,42.8254],[-3.7918,42.8246],[-3.7936,42.8211],[-3.7936,42.8202],[-3.7935,42.82],[-3.7925,42.8198],[-3.7922,42.8197],[-3.7916,42.8194],[-3.791,42.8189],[-3.7905,42.8186],[-3.7895,42.8179],[-3.7881,42.8161],[-3.7877,42.8138],[-3.788,42.81],[-3.7863,42.8095],[-3.7852,42.8103],[-3.7849,42.8105],[-3.7835,42.8114],[-3.782,42.8118],[-3.7792,42.8113],[-3.7768,42.8096],[-3.7777,42.8076],[-3.7778,42.8068],[-3.7761,42.8049],[-3.7751,42.8044],[-3.7745,42.8044],[-3.7733,42.8046],[-3.7725,42.8043],[-3.7709,42.803],[-3.7697,42.8023],[-3.769,42.7995],[-3.7679,42.7992],[-3.768,42.799],[-3.7679,42.7988],[-3.7679,42.7982],[-3.769,42.7966],[-3.7718,42.7945],[-3.7684,42.7921]]}},{"type":"Feature","properties":{"kind":"river","name":"R\u00edo Ebro"},"geometry":{"type":"LineString","coordinates":[[-4.0287,42.9089],[-4.0288,42.9082],[-4.0291,42.908],[-4.0339,42.9058],[-4.0344,42.9049],[-4.0345,42.9046],[-4.0342,42.9008],[-4.0344,42.9005],[-4.0347,42.9001],[-4.0377,42.8979],[-4.0378,42.8973],[-4.0373,42.8968],[-4.0325,42.8946],[-4.0319,42.8936],[-4.0324,42.8921],[-4.0373,42.8919],[-4.0379,42.8915],[-4.0379,42.8913],[-4.0321,42.8886],[-4.0336,42.8864],[-4.0344,42.8835],[-4.0366,42.8804],[-4.0335,42.8659],[-4.0335,42.8653],[-4.0361,42.8622],[-4.0364,42.8613],[-4.0364,42.8608],[-4.0342,42.8599],[-4.0309,42.8597],[-4.0286,42.8564],[-4.0286,42.8553],[-4.0303,42.8514],[-4.0382,42.8518],[-4.0376,42.8386],[-4.0436,42.8331],[-4.0401,42.8253],[-4.0418,42.8202],[-4.0419,42.8192],[-4.0419,42.8176],[-4.0381,42.8136],[-4.0371,42.8024],[-4.0329,42.8018],[-4.0312,42.802],[-4.0227,42.8076],[-4.0171,42.8074],[-4.0158,42.8071],[-4.0153,42.8071],[-4.0156,42.8043],[-4.0146,42.8026],[-4.0144,42.8012],[-4.0151,42.7997],[-4.015,42.7989],[-4.0092,42.7954],[-4.0057,42.7951],[-3.9986,42.8019],[-3.9969,42.8002],[-3.9964,42.7981],[-3.997,42.7902],[-3.9985,42.7885],[-3.9967,42.7864],[-3.9947,42.7858],[-3.988,42.7866],[-3.9867,42.7873],[-3.9828,42.7951],[-3.9827,42.8004],[-3.9792,42.8034],[-3.9766,42.8033],[-3.9717,42.8002],[-3.9714,42.797],[-3.9716,42.7957],[-3.9717,42.7917],[-3.9715,42.7903],[-3.9711,42.7897],[-3.9692,42.7883],[-3.9637,42.7869],[-3.9624,42.7874],[-3.9614,42.7881],[-3.9578,42.789],[-3.9574,42.7893],[-3.9569,42.7901],[-3.9613,42.7989],[-3.9596,42.8008],[-3.9567,42.8013],[-3.9519,42.8029],[-3.9492,42.8036],[-3.9465,42.8031],[-3.9443,42.8032],[-3.9366,42.8015],[-3.9359,42.8016],[-3.9354,42.8017],[-3.9341,42.8027],[-3.9338,42.8027],[-3.93,42.8026],[-3.9251,42.8039],[-3.9232,42.8051],[-3.9229,42.8073],[-3.9234,42.8102],[-3.9261,42.8131],[-3.9261,42.8137],[-3.9242,42.816],[-3.9173,42.8158],[-3.9166,42.8159],[-3.9131,42.8171],[-3.895,42.8324],[-3.8878,42.8308],[-3.8792,42.8359],[-3.8644,42.8319],[-3.8553,42.8346],[-3.8488,42.8346],[-3.843,42.8305],[-3.8417,42.8305],[-3.8404,42.8301],[-3.8394,42.8299],[-3.8317,42.8307],[-3.8309,42.83],[-3.8303,42.8288],[-3.831,42.8255],[-3.8308,42.8253],[-3.8305,42.8249],[-3.8299,42.8245],[-3.8293,42.8245],[-3.8287,42.8246],[-3.8283,42.8246],[-3.8251,42.8242],[-3.8243,42.8241],[-3.8223,42.8246],[-3.8214,42.8251],[-3.8191,42.8278],[-3.8148,42.8288],[-3.8137,42.8312],[-3.8107,42.8335],[-3.8096,42.8338],[-3.8077,42.8336],[-3.8057,42.8331],[-3.8047,42.832],[-3.8076,42.8247],[-3.8062,42.8238],[-3.8039,42.8237],[-3.8003,42.8242],[-3.7993,42.8245],[-3.7968,42.8294],[-3.7934,42.8312],[-3.7916,42.8361],[-3.7911,42.8365],[-3.7896,42.8371],[-3.7876,42.8357],[-3.787,42.8328],[-3.7921,42.8278],[-3.7918,42.8246],[-3.7936,42.8202],[-3.7935,42.82],[-3.7922,42.8197],[-3.7919,42.8195],[-3.7916,42.8194],[-3.7915,42.8192],[-3.791,42.8189],[-3.7895,42.8179],[-3.789,42.8174],[-3.7881,42.8161],[-3.788,42.81],[-3.7871,42.8095],[-3.7863,42.8095],[-3.782,42.8118],[-3.7804,42.8117],[-3.7792,42.8113],[-3.7777,42.8105],[-3.7768,42.8096],[-3.7761,42.8049],[-3.7756,42.8046],[-3.7751,42.8044],[-3.7733,42.8046],[-3.7725,42.8043],[-3.7697,42.8023],[-3.7687,42.801],[-3.769,42.7995],[-3.7679,42.7982],[-3.7718,42.7945],[-3.7714,42.7938],[-3.7684,42.7921]]}},{"type":"Feature","properties":{"kind":"river","name":"R\u00edo Ebro"},"geometry":{"type":"LineString","coordinates":[[-3.7684,42.7921],[-3.7634,42.788],[-3.7659,42.7826],[-3.7545,42.7774],[-3.7522,42.7806],[-3.7555,42.7882],[-3.7428,42.7862],[-3.7346,42.7915],[-3.7234,42.7913],[-3.7128,42.8007],[-3.718,42.8044],[-3.7258,42.8021],[-3.7196,42.811],[-3.7224,42.8157],[-3.7306,42.8187],[-3.7248,42.8287],[-3.7252,42.8343],[-3.7307,42.8403],[-3.7221,42.8429],[-3.7216,42.8513],[-3.7112,42.8559],[-3.7095,42.8618],[-3.7046,42.8623],[-3.71,42.8653],[-3.7103,42.8694],[-3.7169,42.8715],[-3.7156,42.8818],[-3.7252,42.8837],[-3.7082,42.898],[-3.7019,42.8927],[-3.6924,42.8936],[-3.68,42.8883],[-3.621,42.8936],[-3.6123,42.8913],[-3.6125,42.8866],[-3.5999,42.8885],[-3.5975,42.8859],[-3.6009,42.879],[-3.597,42.878],[-3.5922,42.8667],[-3.5924,42.857],[-3.5978,42.8493],[-3.5915,42.8417],[-3.5842,42.8426],[-3.5718,42.8376],[-3.5652,42.827],[-3.5542,42.826],[-3.5391,42.8167],[-3.5363,42.8164],[-3.5347,42.8151],[-3.5281,42.8134],[-3.522,42.8136],[-3.4803,42.7964],[-3.4684,42.7879],[-3.4682,42.7815],[-3.451,42.7699],[-3.4353,42.7646],[-3.4295,42.7692],[-3.4263,42.7839],[-3.4118,42.7879],[-3.4071,42.7929],[-3.3868,42.7955],[-3.3807,42.7975],[-3.3753,42.7922],[-3.3824,42.7848],[-3.3751,42.7787],[-3.3601,42.7802],[-3.3569,42.7872],[-3.345,42.7924],[-3.338,42.7885],[-3.3349,42.7776],[-3.3194,42.7724],[-3.3034,42.7728],[-3.2931,42.7694],[-3.2822,42.7588],[-3.2666,42.7614],[-3.268,42.7675],[-3.2616,42.7724],[-3.2682,42.7819],[-3.2586,42.7861],[-3.2536,42.7842],[-3.2535,42.7756],[-3.2452,42.7712],[-3.2443,42.762],[-3.233,42.7647],[-3.2258,42.7732],[-3.2137,42.7716],[-3.2089,42.7795],[-3.1988,42.7762],[-3.2011,42.7715],[-3.2082,42.7684]]}},{"type":"Feature","properties":{"kind":"river","name":"R\u00edo Ebro"},"geometry":{"type":"LineString","coordinates":[[-3.2082,42.7684],[-3.2055,42.7678],[-3.1953,42.7687],[-3.181,42.7641],[-3.1781,42.7641],[-3.1718,42.7653],[-3.1691,42.7633],[-3.1528,42.7574],[-3.1476,42.7568],[-3.1718,42.7653],[-3.181,42.7641],[-3.1848,42.7649],[-3.1953,42.7687],[-3.2082,42.7684]]}},{"type":"Feature","properties":{"kind":"river","name":"R\u00edo Ebro"},"geometry":{"type":"LineString","coordinates":[[-2.9511,42.6838],[-2.9419,42.679],[-2.9401,42.679],[-2.9361,42.6793],[-2.9353,42.6792],[-2.935,42.6787],[-2.9343,42.6765],[-2.9331,42.6759],[-2.9326,42.6758],[-2.9293,42.6754],[-2.9232,42.6741],[-2.9212,42.6744],[-2.9206,42.6746],[-2.9189,42.6754],[-2.9183,42.6757],[-2.9176,42.6759],[-2.9145,42.6756],[-2.9001,42.6673],[-2.9074,42.673],[-2.9145,42.6756],[-2.9163,42.676],[-2.9176,42.6759],[-2.9179,42.6758],[-2.9183,42.6757],[-2.9206,42.6746],[-2.9212,42.6744],[-2.9226,42.6742],[-2.9232,42.6741],[-2.9248,42.6743],[-2.9293,42.6754],[-2.9331,42.6759],[-2.9338,42.6762],[-2.9343,42.6765],[-2.9353,42.6792],[-2.9511,42.6838]]}},{"type":"Feature","properties":{"kind":"river","name":"R\u00edo Ebro"},"geometry":{"type":"LineString","coordinates":[[-2.4776,42.4866],[-2.465,42.4818],[-2.4612,42.4783],[-2.4586,42.472],[-2.4543,42.4702],[-2.4495,42.4711],[-2.4438,42.4703],[-2.4415,42.4712],[-2.4408,42.4712],[-2.4387,42.4718],[-2.4373,42.474],[-2.4356,42.4755],[-2.4323,42.4749],[-2.4137,42.4663],[-2.4023,42.4681],[-2.399,42.473],[-2.3964,42.4736],[-2.3919,42.4726],[-2.3912,42.472],[-2.3905,42.4704],[-2.3886,42.4698],[-2.3734,42.4699],[-2.3718,42.4688],[-2.3716,42.4646],[-2.3662,42.462],[-2.3615,42.4622],[-2.3597,42.4641],[-2.3584,42.4671],[-2.3573,42.4673],[-2.355,42.4664],[-2.3521,42.4656],[-2.3503,42.4631],[-2.3489,42.4625],[-2.3432,42.4618],[-2.3426,42.462],[-2.3371,42.4631],[-2.3366,42.4653],[-2.3309,42.4688],[-2.3289,42.4689],[-2.3268,42.4685],[-2.3261,42.4684],[-2.3257,42.4683],[-2.3249,42.468],[-2.3174,42.4621],[-2.313,42.4612],[-2.3066,42.4614],[-2.3009,42.4582],[-2.2982,42.4572],[-2.2965,42.4576],[-2.2943,42.4587],[-2.2911,42.4621]]}},{"type":"Feature","properties":{"kind":"river","name":"R\u00edo Ebro"},"geometry":{"type":"LineString","coordinates":[[-2.4776,42.4866],[-2.4736,42.4856],[-2.465,42.4818],[-2.4623,42.4795],[-2.4612,42.4783],[-2.4595,42.4731],[-2.4586,42.472],[-2.4561,42.4706],[-2.4543,42.4702],[-2.4521,42.4702],[-2.4495,42.4711],[-2.447,42.4709],[-2.4438,42.4703],[-2.4427,42.4707],[-2.4415,42.4712],[-2.4408,42.4712],[-2.4401,42.4716],[-2.4397,42.4716],[-2.4387,42.4718],[-2.4384,42.4721],[-2.4373,42.474],[-2.4359,42.4753],[-2.4356,42.4755],[-2.4342,42.4753],[-2.4323,42.4749],[-2.428,42.4729],[-2.4237,42.47],[-2.4137,42.4663],[-2.4093,42.4666],[-2.4079,42.4664],[-2.4023,42.4681],[-2.4009,42.4694],[-2.399,42.473],[-2.3979,42.4734],[-2.3964,42.4736],[-2.3947,42.4733],[-2.3919,42.4726],[-2.3912,42.472],[-2.3908,42.4712],[-2.3905,42.4704],[-2.3896,42.47],[-2.3886,42.4698],[-2.3788,42.4709],[-2.3734,42.4699],[-2.3718,42.4688],[-2.3718,42.4679],[-2.3721,42.4659],[-2.3716,42.4646],[-2.3692,42.4632],[-2.3662,42.462],[-2.363,42.4617],[-2.3615,42.4622],[-2.3603,42.4633],[-2.3597,42.4641],[-2.359,42.4663],[-2.3584,42.4671],[-2.3573,42.4673],[-2.3558,42.4669],[-2.355,42.4664],[-2.3531,42.4659],[-2.3521,42.4656],[-2.3511,42.4649],[-2.3503,42.4631],[-2.3489,42.4625],[-2.345,42.462],[-2.3432,42.4618],[-2.3426,42.462],[-2.338,42.4629],[-2.3371,42.4631],[-2.3369,42.4633],[-2.3367,42.4636],[-2.3366,42.4653],[-2.3332,42.4669],[-2.3309,42.4688],[-2.3289,42.4689],[-2.3268,42.4685],[-2.3261,42.4684],[-2.3257,42.4683],[-2.3249,42.468],[-2.3239,42.4669],[-2.3239,42.4666],[-2.3206,42.4638],[-2.3174,42.4621],[-2.3154,42.4614],[-2.313,42.4612],[-2.3092,42.4619],[-2.3066,42.4614],[-2.3046,42.4605],[-2.3009,42.4582],[-2.2996,42.4576],[-2.2982,42.4572],[-2.2965,42.4576],[-2.2955,42.4584],[-2.2943,42.4587],[-2.2924,42.4604],[-2.2911,42.4621]]}},{"type":"Feature","properties":{"kind":"river","name":"R\u00edo Ebro"},"geometry":{"type":"LineString","coordinates":[[-2.4776,42.4866],[-2.4767,42.4865],[-2.4736,42.4856],[-2.4667,42.4826],[-2.465,42.4818],[-2.4634,42.4805],[-2.4623,42.4795],[-2.4612,42.4783],[-2.4612,42.4773],[-2.4595,42.4731],[-2.4586,42.472],[-2.4577,42.4714],[-2.4561,42.4706],[-2.4543,42.4702],[-2.4521,42.4702],[-2.4495,42.4711],[-2.447,42.4709],[-2.4438,42.4703],[-2.4427,42.4707],[-2.4415,42.4712],[-2.4408,42.4712],[-2.4407,42.4714],[-2.4401,42.4716],[-2.4387,42.4718],[-2.4384,42.4721],[-2.4373,42.4739],[-2.4373,42.474],[-2.4364,42.4749],[-2.4359,42.4753],[-2.4356,42.4755],[-2.4342,42.4753],[-2.4323,42.4749],[-2.4237,42.47],[-2.4176,42.4676],[-2.4137,42.4663],[-2.4079,42.4664],[-2.4063,42.4667],[-2.4023,42.4681],[-2.4015,42.4687],[-2.4009,42.4694],[-2.4,42.471],[-2.3886,42.4698],[-2.3858,42.4704],[-2.3788,42.4709],[-2.3753,42.4704],[-2.3734,42.4699],[-2.3718,42.4688],[-2.3721,42.4659],[-2.3716,42.4646],[-2.3692,42.4632],[-2.3676,42.4625],[-2.3662,42.462],[-2.363,42.4617],[-2.3622,42.4618],[-2.3615,42.4622],[-2.3603,42.4633],[-2.3597,42.4641],[-2.3593,42.465],[-2.359,42.4663],[-2.3584,42.4671],[-2.3573,42.4673],[-2.3558,42.4669],[-2.355,42.4664],[-2.3531,42.4659],[-2.3521,42.4656],[-2.3511,42.4649],[-2.3503,42.4631],[-2.3489,42.4625],[-2.345,42.462],[-2.3432,42.4618],[-2.3426,42.462],[-2.3407,42.4624],[-2.338,42.4629],[-2.3371,42.4631],[-2.3369,42.4633],[-2.3367,42.4636],[-2.3368,42.4643],[-2.3366,42.4653],[-2.3332,42.4669],[-2.3321,42.468],[-2.3309,42.4688],[-2.3289,42.4689],[-2.3268,42.4685],[-2.3261,42.4684],[-2.3257,42.4683],[-2.3249,42.468],[-2.3206,42.4638],[-2.3174,42.4621],[-2.3154,42.4614],[-2.313,42.4612],[-2.3108,42.4617],[-2.3092,42.4619],[-2.3066,42.4614],[-2.3046,42.4605],[-2.302,42.4589],[-2.3009,42.4582],[-2.2996,42.4576],[-2.2982,42.4572],[-2.2965,42.4576],[-2.2955,42.4584],[-2.2948,42.4585],[-2.2943,42.4587],[-2.2932,42.4596],[-2.2924,42.4604],[-2.2916,42.4614],[-2.2911,42.4621]]}},{"type":"Feature","properties":{"kind":"river","name":"R\u00edo Ebro"},"geometry":{"type":"LineString","coordinates":[[-2.2911,42.4621],[-2.2901,42.4627],[-2.2891,42.463],[-2.2865,42.4626],[-2.2844,42.4586],[-2.2828,42.4574],[-2.2795,42.4561],[-2.2784,42.4552],[-2.2776,42.4487],[-2.2735,42.4448],[-2.2691,42.4449],[-2.2684,42.4455],[-2.2668,42.4486],[-2.2642,42.45],[-2.2608,42.4492],[-2.248,42.4443],[-2.246,42.4432],[-2.2381,42.4406],[-2.2355,42.4345],[-2.235,42.4263],[-2.2334,42.4259],[-2.2293,42.4255],[-2.2273,42.425],[-2.2155,42.4246],[-2.2113,42.422],[-2.2099,42.4147],[-2.1984,42.4194],[-2.1863,42.4189],[-2.1823,42.4167],[-2.1806,42.4117],[-2.1797,42.4106],[-2.1742,42.4078],[-2.1719,42.408],[-2.1639,42.4083],[-2.161,42.409],[-2.1574,42.4112],[-2.1572,42.4153],[-2.1565,42.4167],[-2.1518,42.4191],[-2.1494,42.4186],[-2.1466,42.4149]]}},{"type":"Feature","properties":{"kind":"river","name":"R\u00edo Ebro"},"geometry":{"type":"LineString","coordinates":[[-2.2911,42.4621],[-2.2865,42.4626],[-2.2784,42.4552],[-2.2775,42.4516],[-2.2776,42.4487],[-2.2763,42.4465],[-2.2735,42.4448],[-2.2704,42.4445],[-2.2691,42.4449],[-2.2668,42.4486],[-2.265,42.4499],[-2.2642,42.45],[-2.2626,42.4494],[-2.2608,42.4492],[-2.2381,42.4406],[-2.235,42.4263],[-2.2155,42.4246],[-2.213,42.4232],[-2.2113,42.422],[-2.211,42.419],[-2.2099,42.4147],[-2.2019,42.4164],[-2.1984,42.4194],[-2.1962,42.4195],[-2.1863,42.4189],[-2.1845,42.4184],[-2.1823,42.4167],[-2.1797,42.4106],[-2.176,42.4078],[-2.1742,42.4078],[-2.1639,42.4083],[-2.161,42.409],[-2.1588,42.4102],[-2.1574,42.4112],[-2.1565,42.4167],[-2.1539,42.4182],[-2.1518,42.4191],[-2.1466,42.4149]]}},{"type":"Feature","properties":{"kind":"river","name":"R\u00edo Ebro"},"geometry":{"type":"LineString","coordinates":[[-2.2911,42.4621],[-2.2983,42.4606],[-2.3149,42.4637],[-2.3228,42.468],[-2.3261,42.4684],[-2.3244,42.4684],[-2.3228,42.468],[-2.3186,42.4652],[-2.3149,42.4637],[-2.3059,42.4624],[-2.2983,42.4606],[-2.2959,42.4606],[-2.2911,42.4621]]}},{"type":"Feature","properties":{"kind":"river","name":"R\u00edo Ebro"},"geometry":{"type":"LineString","coordinates":[[-2.1466,42.4149],[-2.1456,42.4137],[-2.1441,42.4128],[-2.1379,42.4119],[-2.1339,42.4123],[-2.1251,42.4166],[-2.1228,42.4168],[-2.1204,42.4167],[-2.1084,42.4128],[-2.1072,42.4134],[-2.1065,42.4177],[-2.1062,42.4181],[-2.0939,42.4214],[-2.0826,42.4214],[-2.0803,42.4211],[-2.0756,42.4183],[-2.0692,42.4157],[-2.0681,42.4147],[-2.0682,42.4135],[-2.0659,42.41],[-2.0687,42.4059],[-2.0692,42.4047],[-2.0686,42.4009],[-2.0657,42.3982],[-2.0602,42.3971],[-2.058,42.3961],[-2.0597,42.394],[-2.0599,42.3929],[-2.0602,42.3924],[-2.0615,42.3916],[-2.0639,42.3898],[-2.0646,42.3891],[-2.0651,42.3865],[-2.0682,42.3822],[-2.0665,42.3804],[-2.0593,42.3776],[-2.056,42.3694],[-2.0571,42.361],[-2.0503,42.3586]]}},{"type":"Feature","properties":{"kind":"river","name":"R\u00edo Ebro"},"geometry":{"type":"LineString","coordinates":[[-2.1466,42.4149],[-2.1379,42.4119],[-2.1339,42.4123],[-2.1228,42.4168],[-2.1084,42.4128],[-2.1077,42.4129],[-2.1072,42.4134],[-2.1062,42.4181],[-2.1013,42.4202],[-2.0939,42.4214],[-2.0803,42.4211],[-2.0692,42.4157],[-2.0681,42.4147],[-2.0659,42.41],[-2.0686,42.4009],[-2.058,42.3961],[-2.0602,42.3924],[-2.0646,42.3891],[-2.0682,42.3822],[-2.0593,42.3776],[-2.057,42.3734],[-2.056,42.3694],[-2.0574,42.364],[-2.0571,42.361],[-2.0537,42.359],[-2.0503,42.3586]]}},{"type":"Feature","properties":{"kind":"river","name":"R\u00edo Ebro"},"geometry":{"type":"LineString","coordinates":[[-2.0503,42.3586],[-2.0337,42.3613],[-2.0272,42.3632],[-2.0151,42.3693],[-2.0114,42.3684],[-2.0106,42.3675],[-2.0096,42.3639],[-2.009,42.3628],[-2.0069,42.3609],[-2.004,42.3606],[-1.9968,42.3641],[-1.9907,42.3593],[-1.9837,42.3571],[-1.9826,42.3566],[-1.9798,42.3537]]}},{"type":"Feature","properties":{"kind":"river","name":"R\u00edo Ebro"},"geometry":{"type":"LineString","coordinates":[[-2.0503,42.3586],[-2.0272,42.3632],[-2.0225,42.3676],[-2.0151,42.3693],[-2.0131,42.3691],[-2.0114,42.3684],[-2.0106,42.3675],[-2.009,42.3628],[-2.0084,42.362],[-2.0069,42.3609],[-1.9968,42.3641],[-1.9826,42.3566],[-1.9801,42.3541],[-1.9798,42.3537]]}},{"type":"Feature","properties":{"kind":"river","name":"R\u00edo Ebro"},"geometry":{"type":"LineString","coordinates":[[-1.9798,42.3537],[-1.9804,42.3512],[-1.9789,42.3497],[-1.9774,42.3497],[-1.9727,42.3537],[-1.9679,42.3508],[-1.9696,42.3471],[-1.9678,42.3456],[-1.9643,42.3428],[-1.9642,42.3425],[-1.9657,42.3415],[-1.9666,42.3403],[-1.9687,42.3383],[-1.9654,42.3341],[-1.9617,42.3338],[-1.9533,42.3358],[-1.9463,42.335],[-1.9425,42.3351],[-1.9343,42.3234],[-1.9304,42.321],[-1.9271,42.3228],[-1.9264,42.3276],[-1.9213,42.3277],[-1.9194,42.3279],[-1.9192,42.3276],[-1.9178,42.3265],[-1.9162,42.3247],[-1.9172,42.3209],[-1.9181,42.3192],[-1.9188,42.3182],[-1.9203,42.3173],[-1.9192,42.3143],[-1.9116,42.3126],[-1.9071,42.3098]]}},{"type":"Feature","properties":{"kind":"river","name":"R\u00edo Ebro"},"geometry":{"type":"LineString","coordinates":[[-1.9798,42.3537],[-1.9789,42.3497],[-1.9727,42.3537],[-1.9713,42.3534],[-1.9679,42.3508],[-1.9676,42.3503],[-1.9696,42.3471],[-1.9643,42.3428],[-1.9642,42.3425],[-1.9687,42.3383],[-1.9684,42.3372],[-1.9654,42.3341],[-1.9533,42.3358],[-1.9425,42.3351],[-1.9304,42.321],[-1.9264,42.3276],[-1.9194,42.3279],[-1.9178,42.3265],[-1.9172,42.3258],[-1.9162,42.3247],[-1.9203,42.3173],[-1.9202,42.3162],[-1.9192,42.3143],[-1.9071,42.3098]]}},{"type":"Feature","properties":{"kind":"river","name":"R\u00edo Ebro"},"geometry":{"type":"LineString","coordinates":[[-1.9071,42.3098],[-1.9072,42.3061],[-1.9133,42.3019],[-1.9139,42.3],[-1.8957,42.2925],[-1.8916,42.2896],[-1.8801,42.2862],[-1.8752,42.286],[-1.8702,42.2873],[-1.8691,42.2872],[-1.868,42.2859],[-1.8663,42.282],[-1.8656,42.2741],[-1.867,42.2697],[-1.8668,42.2678],[-1.8767,42.2586],[-1.877,42.2564],[-1.8709,42.2516],[-1.8674,42.2509],[-1.8547,42.2502]]}},{"type":"Feature","properties":{"kind":"river","name":"R\u00edo Ebro"},"geometry":{"type":"LineString","coordinates":[[-1.9071,42.3098],[-1.9065,42.3081],[-1.9072,42.3061],[-1.9139,42.3],[-1.8916,42.2896],[-1.8866,42.2884],[-1.8801,42.2862],[-1.878,42.2858],[-1.8752,42.286],[-1.8691,42.2872],[-1.8663,42.282],[-1.8672,42.2771],[-1.8656,42.2741],[-1.8668,42.2678],[-1.877,42.2564],[-1.874,42.2533],[-1.8709,42.2516],[-1.8547,42.2502]]}},{"type":"Feature","properties":{"kind":"river","name":"R\u00edo Ebro"},"geometry":{"type":"LineString","coordinates":[[-1.8547,42.2502],[-1.8535,42.2506],[-1.8503,42.2543],[-1.8483,42.2571],[-1.8468,42.2584],[-1.842,42.259],[-1.8396,42.256],[-1.8398,42.2554],[-1.8417,42.2543],[-1.8417,42.2515],[-1.835,42.2486],[-1.8266,42.242],[-1.8214,42.241],[-1.8193,42.24],[-1.8196,42.2381],[-1.8214,42.2333],[-1.8174,42.2286],[-1.8056,42.2278],[-1.8016,42.2306],[-1.7975,42.2372],[-1.7937,42.2354],[-1.7899,42.2297],[-1.7836,42.2262],[-1.782,42.2246],[-1.7825,42.2205],[-1.7808,42.219],[-1.7763,42.2186],[-1.7741,42.2227],[-1.77,42.225],[-1.7581,42.2226],[-1.7555,42.2204],[-1.7541,42.2152],[-1.7528,42.2136],[-1.7495,42.2107],[-1.7438,42.2058],[-1.7387,42.1988],[-1.7343,42.1975],[-1.7308,42.1973],[-1.728,42.1962],[-1.7209,42.1978],[-1.7201,42.187],[-1.7182,42.184],[-1.7137,42.1837],[-1.7049,42.187],[-1.6964,42.1812],[-1.6927,42.1799],[-1.6877,42.1791],[-1.6861,42.1792],[-1.6843,42.1794],[-1.6807,42.1799],[-1.6787,42.1795],[-1.6756,42.1772],[-1.6729,42.172]]}},{"type":"Feature","properties":{"kind":"river","name":"R\u00edo Ebro"},"geometry":{"type":"LineString","coordinates":[[-1.8547,42.2502],[-1.8535,42.2506],[-1.8483,42.2571],[-1.8468,42.2584],[-1.8452,42.2589],[-1.842,42.259],[-1.841,42.2585],[-1.8396,42.256],[-1.8417,42.2543],[-1.842,42.2537],[-1.8417,42.2515],[-1.8266,42.242],[-1.8193,42.24],[-1.8214,42.2333],[-1.8205,42.2309],[-1.8174,42.2286],[-1.8131,42.2273],[-1.8056,42.2278],[-1.7975,42.2372],[-1.7962,42.2369],[-1.7937,42.2354],[-1.7925,42.2339],[-1.7899,42.2297],[-1.782,42.2246],[-1.7808,42.219],[-1.7784,42.2184],[-1.7763,42.2186],[-1.77,42.225],[-1.7659,42.2248],[-1.7581,42.2226],[-1.7541,42.2152],[-1.7438,42.2058],[-1.7418,42.2018],[-1.7387,42.1988],[-1.7308,42.1973],[-1.7291,42.1965],[-1.728,42.1962],[-1.7244,42.1989],[-1.7209,42.1978],[-1.7182,42.184],[-1.7049,42.187],[-1.6927,42.1799],[-1.6902,42.1794],[-1.6877,42.1791],[-1.6807,42.1799],[-1.68,42.1798],[-1.6787,42.1795],[-1.6729,42.172]]}},{"type":"Feature","properties":{"kind":"river","name":"R\u00edo Ebro"},"geometry":{"type":"LineString","coordinates":[[-1.653,42.1692],[-1.6553,42.165],[-1.6499,42.1625],[-1.6397,42.1673],[-1.6399,42.1551],[-1.6335,42.1554],[-1.6301,42.1546],[-1.627,42.1517],[-1.6217,42.1436],[-1.6084,42.1405],[-1.6056,42.1371],[-1.59,42.1276],[-1.5942,42.1153],[-1.5937,42.1101],[-1.5934,42.1077],[-1.5933,42.1071],[-1.5911,42.0994],[-1.5913,42.0957],[-1.6041,42.0897],[-1.599,42.0783],[-1.6015,42.0658],[-1.5921,42.0608],[-1.5734,42.057],[-1.5696,42.0557],[-1.5673,42.0541],[-1.5604,42.0524],[-1.5564,42.0497],[-1.5543,42.0479],[-1.5517,42.0407],[-1.5616,42.0232],[-1.5559,42.0196],[-1.5516,42.0208]]}},{"type":"Feature","properties":{"kind":"river","name":"R\u00edo Ebro"},"geometry":{"type":"LineString","coordinates":[[-1.5516,42.0208],[-1.5501,42.0202],[-1.5477,42.0196],[-1.5458,42.0192],[-1.5405,42.019],[-1.5261,42.0216],[-1.5226,42.0212],[-1.5203,42.0201],[-1.5089,42.0073],[-1.5013,42.0056],[-1.4913,42.0077],[-1.4873,42.0074],[-1.4694,42.0002],[-1.4599,41.9915],[-1.4417,41.9912],[-1.4332,41.9889],[-1.4299,41.9809],[-1.4334,41.9705],[-1.4306,41.9686],[-1.4292,41.9666],[-1.4279,41.9655],[-1.4258,41.9644],[-1.42,41.9634],[-1.4089,41.9627],[-1.4021,41.9601],[-1.3966,41.9597],[-1.3933,41.9589],[-1.3931,41.9503],[-1.3902,41.9404]]}},{"type":"Feature","properties":{"kind":"river","name":"R\u00edo Ebro"},"geometry":{"type":"LineString","coordinates":[[-1.5516,42.0208],[-1.5405,42.019],[-1.5226,42.0212],[-1.5089,42.0073],[-1.5048,42.006],[-1.5013,42.0056],[-1.4873,42.0074],[-1.4792,42.0046],[-1.4694,42.0002],[-1.4616,41.994],[-1.4599,41.9915],[-1.4332,41.9889],[-1.431,41.9867],[-1.4299,41.9809],[-1.4327,41.9762],[-1.4334,41.9705],[-1.4306,41.9686],[-1.4279,41.9655],[-1.4258,41.9644],[-1.4089,41.9627],[-1.4037,41.9608],[-1.4021,41.9601],[-1.3933,41.9589],[-1.3902,41.9404]]}},{"type":"Feature","properties":{"kind":"river","name":"R\u00edo Ebro"},"geometry":{"type":"LineString","coordinates":[[-1.3902,41.9404],[-1.3901,41.9392],[-1.3898,41.938],[-1.3894,41.9366],[-1.389,41.9349],[-1.3876,41.9332],[-1.3876,41.9308],[-1.3853,41.9289],[-1.3841,41.9281],[-1.3828,41.9273],[-1.3773,41.9252],[-1.3725,41.9286],[-1.3688,41.9289],[-1.3619,41.926],[-1.3616,41.9232],[-1.3633,41.9206],[-1.3642,41.9195],[-1.3674,41.9168],[-1.3683,41.9153],[-1.3673,41.9116],[-1.3651,41.9092],[-1.3642,41.9085],[-1.3624,41.9084],[-1.3564,41.9099],[-1.3551,41.9105],[-1.3534,41.912],[-1.349,41.9184],[-1.347,41.9182],[-1.3384,41.915],[-1.3355,41.9136],[-1.333,41.9129],[-1.3319,41.9123],[-1.3308,41.9105],[-1.3303,41.906],[-1.3243,41.9017],[-1.3219,41.8981],[-1.3232,41.8959],[-1.3292,41.8935],[-1.3291,41.8905],[-1.3261,41.8876],[-1.3205,41.8861],[-1.3176,41.8841],[-1.3162,41.8815],[-1.3164,41.8791],[-1.3162,41.8783],[-1.3156,41.8774],[-1.3157,41.8716],[-1.3153,41.8707],[-1.3125,41.8704],[-1.306,41.8692],[-1.3016,41.8682],[-1.2996,41.8676],[-1.2941,41.8659],[-1.2887,41.8675],[-1.281,41.8764],[-1.2727,41.8779],[-1.2719,41.8771],[-1.2699,41.8697],[-1.2705,41.8622],[-1.2681,41.8598],[-1.2648,41.8586],[-1.2627,41.8577],[-1.2599,41.8554],[-1.2565,41.8535],[-1.2441,41.8557],[-1.2371,41.8615],[-1.2343,41.8626],[-1.2289,41.8609],[-1.2275,41.8582],[-1.2304,41.8516],[-1.2346,41.8489]]}},{"type":"Feature","properties":{"kind":"river","name":"R\u00edo Ebro"},"geometry":{"type":"LineString","coordinates":[[-1.3902,41.9404],[-1.3876,41.9332],[-1.3881,41.9321],[-1.3876,41.9308],[-1.3868,41.9302],[-1.3853,41.9289],[-1.3841,41.9281],[-1.3828,41.9273],[-1.3795,41.9257],[-1.3773,41.9252],[-1.3688,41.9289],[-1.3642,41.928],[-1.3619,41.926],[-1.3613,41.9249],[-1.3616,41.9232],[-1.3628,41.9218],[-1.3633,41.9206],[-1.3642,41.9195],[-1.3649,41.919],[-1.3674,41.9168],[-1.368,41.916],[-1.3683,41.9153],[-1.3681,41.9134],[-1.3673,41.9116],[-1.3642,41.9085],[-1.3631,41.9082],[-1.3624,41.9084],[-1.3551,41.9105],[-1.349,41.9184],[-1.347,41.9182],[-1.3355,41.9136],[-1.3341,41.9133],[-1.333,41.9129],[-1.3319,41.9123],[-1.3303,41.906],[-1.3219,41.8981],[-1.3292,41.8935],[-1.3296,41.8918],[-1.3291,41.8905],[-1.3277,41.8886],[-1.3261,41.8876],[-1.3176,41.8841],[-1.3162,41.8815],[-1.316,41.8805],[-1.3164,41.8791],[-1.3156,41.8774],[-1.3153,41.8707],[-1.306,41.8692],[-1.3016,41.8682],[-1.2996,41.8676],[-1.2964,41.8664],[-1.2941,41.8659],[-1.2906,41.8668],[-1.2887,41.8675],[-1.2821,41.8753],[-1.281,41.8764],[-1.2756,41.8781],[-1.2727,41.8779],[-1.2705,41.8622],[-1.2697,41.8612],[-1.2681,41.8598],[-1.2565,41.8535],[-1.2475,41.8547],[-1.2441,41.8557],[-1.2343,41.8626],[-1.2315,41.8622],[-1.2289,41.8609],[-1.2277,41.8593],[-1.2275,41.8582],[-1.2288,41.8554],[-1.2294,41.8541],[-1.2304,41.8516],[-1.2328,41.8496],[-1.2346,41.8489]]}},{"type":"Feature","properties":{"kind":"river","name":"R\u00edo Ebro"},"geometry":{"type":"LineString","coordinates":[[-1.2346,41.8489],[-1.2382,41.8451],[-1.2366,41.8383],[-1.219,41.8334],[-1.2176,41.8322],[-1.2171,41.8317],[-1.2164,41.8303],[-1.2173,41.8213],[-1.2039,41.8193],[-1.1998,41.8147],[-1.196,41.8155],[-1.1977,41.8221],[-1.1946,41.8242],[-1.1784,41.8184],[-1.1769,41.8224],[-1.1802,41.8286],[-1.1726,41.8296],[-1.1707,41.8196],[-1.161,41.8089],[-1.1736,41.8005],[-1.1659,41.7951],[-1.1602,41.7982],[-1.1479,41.7938],[-1.1471,41.7891],[-1.1501,41.782]]}},{"type":"Feature","properties":{"kind":"river","name":"R\u00edo Ebro"},"geometry":{"type":"LineString","coordinates":[[-1.1131,41.799],[-1.0907,41.7942],[-1.0914,41.789],[-1.0989,41.7844],[-1.098,41.7806],[-1.0923,41.7782],[-1.0886,41.7786],[-1.0779,41.7904],[-1.0707,41.7918],[-1.0622,41.784],[-1.0601,41.7767],[-1.0411,41.7663],[-1.0428,41.7576],[-1.0271,41.7585],[-1.0205,41.7565],[-1.0205,41.7506],[-1.0249,41.7442],[-1.0226,41.7395],[-1.0132,41.7376],[-1.0043,41.7319],[-0.9935,41.7398],[-0.9779,41.7308],[-0.9757,41.7266]]}},{"type":"Feature","properties":{"kind":"river","name":"R\u00edo Ebro"},"geometry":{"type":"LineString","coordinates":[[-0.9757,41.7266],[-0.9632,41.7214],[-0.9622,41.7103],[-0.9368,41.7012],[-0.9361,41.6979],[-0.9448,41.6946],[-0.9436,41.691],[-0.9394,41.6873],[-0.9365,41.6868],[-0.9326,41.6878],[-0.9215,41.6944],[-0.9012,41.686],[-0.9017,41.6778],[-0.9198,41.6703],[-0.9202,41.6652],[-0.8986,41.6669],[-0.8855,41.6588],[-0.8374,41.6474],[-0.8339,41.6421],[-0.841,41.6274],[-0.836,41.6194],[-0.8221,41.614],[-0.8005,41.6166],[-0.8033,41.6051],[-0.7985,41.6031],[-0.7939,41.6041],[-0.7886,41.6028],[-0.7772,41.5948],[-0.765,41.5951],[-0.7622,41.592],[-0.764,41.5853],[-0.7608,41.583],[-0.7426,41.5876],[-0.7345,41.5713],[-0.7189,41.5718],[-0.7065,41.5663],[-0.6955,41.5716],[-0.682,41.5641],[-0.68,41.5536],[-0.6761,41.5517],[-0.6662,41.5509],[-0.6502,41.5561],[-0.6388,41.5642],[-0.6329,41.5617],[-0.6356,41.552],[-0.6312,41.5479],[-0.6138,41.5558],[-0.6086,41.551],[-0.6068,41.5422],[-0.5967,41.5475],[-0.5862,41.5402],[-0.5697,41.5106],[-0.5633,41.5102],[-0.5579,41.517],[-0.5525,41.5168],[-0.5476,41.5084],[-0.5502,41.5057],[-0.5602,41.5023],[-0.5608,41.4956],[-0.5543,41.4931],[-0.5434,41.4962]]}},{"type":"Feature","properties":{"kind":"river","name":"R\u00edo Ebro"},"geometry":{"type":"LineString","coordinates":[[-0.5434,41.4962],[-0.5349,41.4926],[-0.5378,41.4805],[-0.5312,41.4722],[-0.5252,41.4694],[-0.5067,41.4724],[-0.4991,41.467],[-0.4984,41.4591],[-0.4868,41.4525],[-0.4878,41.4488],[-0.5008,41.4421],[-0.5022,41.4349],[-0.4936,41.4345],[-0.4793,41.4449],[-0.4739,41.4449],[-0.4723,41.4443],[-0.4705,41.4434],[-0.4657,41.4258],[-0.4683,41.4146],[-0.4776,41.4012],[-0.4678,41.3885],[-0.4626,41.3854],[-0.4514,41.3826],[-0.4484,41.3803],[-0.4414,41.3688],[-0.4387,41.35],[-0.4219,41.3337],[-0.4013,41.3331],[-0.3981,41.3323],[-0.3893,41.3282],[-0.3857,41.3258],[-0.3848,41.3251],[-0.3756,41.3255],[-0.3719,41.3294],[-0.3716,41.3315],[-0.3715,41.3332],[-0.3715,41.335],[-0.377,41.3489],[-0.3694,41.3501],[-0.3608,41.3448],[-0.3655,41.3275],[-0.3513,41.3225],[-0.3425,41.3315],[-0.3483,41.3425],[-0.3465,41.3457],[-0.34,41.3464],[-0.3305,41.3394],[-0.3291,41.3312],[-0.3373,41.3217],[-0.3593,41.3179],[-0.3733,41.31],[-0.3751,41.3045],[-0.3695,41.2949],[-0.373,41.2899],[-0.3829,41.2881],[-0.4044,41.2954],[-0.3969,41.2802],[-0.3878,41.2765],[-0.3779,41.2771],[-0.3633,41.2852],[-0.3576,41.2831],[-0.3527,41.274],[-0.3486,41.2743],[-0.3393,41.2838],[-0.3448,41.2965],[-0.3418,41.3],[-0.304,41.2915],[-0.2948,41.2946],[-0.2913,41.3038],[-0.2862,41.3071],[-0.2808,41.3033],[-0.2808,41.2973],[-0.2927,41.2819],[-0.2809,41.2741],[-0.2649,41.2767],[-0.2552,41.2988],[-0.2354,41.296],[-0.2243,41.3022],[-0.2183,41.2986],[-0.2244,41.29],[-0.2226,41.2871],[-0.2064,41.2878],[-0.195,41.2961],[-0.1777,41.2915],[-0.1628,41.2823],[-0.1556,41.27],[-0.1433,41.2665],[-0.1404,41.2558],[-0.1292,41.2601],[-0.1309,41.2676],[-0.1399,41.2783],[-0.1316,41.281],[-0.1234,41.2765],[-0.1156,41.2665],[-0.1112,41.2679],[-0.109,41.2759],[-0.1013,41.2747],[-0.0973,41.2608],[-0.0927,41.2608],[-0.0825,41.2686],[-0.0656,41.269],[-0.059,41.2664],[-0.0613,41.2528],[-0.0379,41.2586],[-0.0207,41.2502],[-0.0164,41.2534],[-0.0213,41.2637],[-0.0169,41.2686],[-0.0063,41.2657],[0.0017,41.2545],[0.0086,41.257],[0.0063,41.2658],[-0.0126,41.2924],[-0.0116,41.3075],[-0.0067,41.3151],[0.0019,41.3175],[0.0087,41.3153],[0.0127,41.3083],[0.0126,41.2951],[0.0275,41.2967],[0.0339,41.2887],[0.0521,41.2948],[0.0694,41.31],[0.0669,41.3262],[0.0886,41.3385],[0.0968,41.3388],[0.1044,41.3333],[0.1042,41.3284],[0.0978,41.3218],[0.0983,41.3163],[0.1048,41.3136],[0.1128,41.3151],[0.1174,41.3258],[0.1079,41.3493],[0.1196,41.365],[0.1181,41.3748],[0.1251,41.3846],[0.1511,41.3954],[0.161,41.407],[0.1689,41.4056],[0.1787,41.3947],[0.1976,41.4031],[0.2248,41.4023],[0.2329,41.3996],[0.2392,41.3895],[0.2505,41.3842],[0.2521,41.3762],[0.2565,41.3718],[0.2715,41.3695],[0.2868,41.3598],[0.3062,41.3598]]}},{"type":"Feature","properties":{"kind":"river","name":"R\u00edo Ebro"},"geometry":{"type":"LineString","coordinates":[[-2.8419,42.6087],[-2.8443,42.6028],[-2.8582,42.5901],[-2.8462,42.5868],[-2.8383,42.5967],[-2.8236,42.6015],[-2.8316,42.6003],[-2.8383,42.5967],[-2.8431,42.5879],[-2.8462,42.5868],[-2.8522,42.5869],[-2.8582,42.5901],[-2.8581,42.5925],[-2.8443,42.6028],[-2.8432,42.6042],[-2.8419,42.6087]]}},{"type":"Feature","properties":{"kind":"river","name":"R\u00edo Ebro"},"geometry":{"type":"LineString","coordinates":[[-2.8008,42.5662],[-2.7966,42.5633],[-2.7937,42.5631],[-2.7837,42.564],[-2.7829,42.5562],[-2.7869,42.5492],[-2.785,42.5467],[-2.7765,42.5505],[-2.7711,42.5621],[-2.766,42.5646],[-2.7592,42.5553],[-2.7619,42.5502],[-2.7627,42.5495],[-2.7721,42.5446],[-2.7726,42.5429],[-2.7618,42.5442],[-2.7567,42.5441],[-2.7536,42.5436],[-2.7494,42.5408],[-2.7478,42.5403],[-2.7384,42.5443],[-2.7317,42.5414],[-2.7282,42.5411],[-2.721,42.5398],[-2.7182,42.5387],[-2.7218,42.5332],[-2.7328,42.531],[-2.7347,42.5299],[-2.736,42.5275],[-2.7417,42.5226],[-2.7437,42.5205],[-2.7418,42.5172],[-2.7306,42.5166],[-2.7218,42.5207],[-2.7154,42.5195],[-2.7067,42.5165],[-2.7218,42.5207],[-2.7264,42.5195],[-2.7306,42.5166],[-2.7398,42.5165],[-2.7418,42.5172],[-2.7439,42.5183],[-2.7437,42.5205],[-2.736,42.5275],[-2.7347,42.5299],[-2.7218,42.5332],[-2.7185,42.5362],[-2.7182,42.5387],[-2.7317,42.5414],[-2.7353,42.5438],[-2.7384,42.5443],[-2.7418,42.5444],[-2.7478,42.5403],[-2.7536,42.5436],[-2.7567,42.5441],[-2.7726,42.5429],[-2.7731,42.5435],[-2.7721,42.5446],[-2.7619,42.5502],[-2.7598,42.5535],[-2.7592,42.5553],[-2.7637,42.5628],[-2.766,42.5646],[-2.7703,42.5627],[-2.7711,42.5621],[-2.7745,42.5524],[-2.7765,42.5505],[-2.7805,42.5472],[-2.785,42.5467],[-2.7868,42.5475],[-2.7869,42.5492],[-2.7854,42.5516],[-2.7829,42.5562],[-2.7826,42.5615],[-2.7837,42.564],[-2.7966,42.5633],[-2.7991,42.5647],[-2.8008,42.5662]]}},{"type":"Feature","properties":{"kind":"river","name":"R\u00edo Ebro"},"geometry":{"type":"LineString","coordinates":[[-2.3503,42.4631],[-2.3512,42.4628],[-2.3512,42.4623],[-2.3508,42.4613],[-2.3501,42.4608],[-2.3478,42.4564],[-2.3483,42.4534],[-2.3477,42.4522],[-2.333,42.4532],[-2.3327,42.4552],[-2.3325,42.4562],[-2.3318,42.4578],[-2.3367,42.4636],[-2.3331,42.4606],[-2.3318,42.4578],[-2.333,42.4532],[-2.345,42.4514],[-2.3477,42.4522],[-2.3478,42.4564],[-2.3494,42.4589],[-2.3501,42.4608],[-2.3512,42.4623],[-2.3503,42.4631]]}},{"type":"Feature","properties":{"kind":"river","name":"R\u00edo Arag\u00f3n"},"geometry":{"type":"LineString","coordinates":[[-1.5131,42.3792],[-1.5169,42.3777],[-1.521,42.3758],[-1.5275,42.3754],[-1.5292,42.3748],[-1.5301,42.3731],[-1.5294,42.3665],[-1.5299,42.3655],[-1.5352,42.3651],[-1.5374,42.3673],[-1.5372,42.3698],[-1.5375,42.371],[-1.5408,42.3719],[-1.55,42.3606],[-1.5581,42.3588],[-1.5603,42.3574],[-1.5629,42.3575],[-1.5664,42.3573],[-1.5674,42.3575],[-1.5737,42.3677],[-1.575,42.3686],[-1.5758,42.3688],[-1.5779,42.3687],[-1.5812,42.3696],[-1.5863,42.3673],[-1.5864,42.3638],[-1.5828,42.357],[-1.5844,42.3553],[-1.5918,42.3551],[-1.6138,42.3515],[-1.6212,42.3469],[-1.6221,42.3471],[-1.6234,42.3482],[-1.625,42.3499],[-1.628,42.3508],[-1.6424,42.3505],[-1.6432,42.35],[-1.6549,42.3401],[-1.6573,42.3386],[-1.6641,42.3399],[-1.6667,42.3428],[-1.6679,42.3464],[-1.6706,42.3464],[-1.684,42.3379],[-1.6916,42.3351],[-1.693,42.3349],[-1.6957,42.3352],[-1.6985,42.3367],[-1.7105,42.3304],[-1.7108,42.3296],[-1.7076,42.3259],[-1.7112,42.3223],[-1.7127,42.3196],[-1.7153,42.3179],[-1.716,42.3178],[-1.7179,42.3187],[-1.7201,42.318],[-1.7217,42.317],[-1.7231,42.3154],[-1.7239,42.3153],[-1.7373,42.3183],[-1.7416,42.3134],[-1.7406,42.311],[-1.7361,42.3099],[-1.7355,42.3095],[-1.739,42.3062],[-1.7424,42.3055],[-1.7478,42.3048],[-1.7565,42.308],[-1.7566,42.3065],[-1.7497,42.3002],[-1.7523,42.2988],[-1.7565,42.2987],[-1.7598,42.2997],[-1.7616,42.2988],[-1.765,42.2938],[-1.7645,42.2921],[-1.7625,42.2905],[-1.762,42.2897],[-1.7623,42.289],[-1.767,42.2893],[-1.7752,42.2949],[-1.7852,42.2961],[-1.7873,42.29],[-1.782,42.285],[-1.7768,42.2841],[-1.7797,42.2808],[-1.7805,42.279],[-1.774,42.2742],[-1.7717,42.2715],[-1.7718,42.2666],[-1.7713,42.2654],[-1.769,42.2626],[-1.7684,42.2615],[-1.7664,42.2548],[-1.7656,42.2536],[-1.7602,42.2466],[-1.7511,42.2286],[-1.7519,42.2247],[-1.753,42.2232],[-1.7553,42.2208],[-1.7555,42.2204],[-1.7553,42.2208],[-1.7519,42.2247],[-1.7508,42.2275],[-1.7511,42.2286],[-1.7664,42.2548],[-1.7678,42.2601],[-1.7684,42.2615],[-1.7713,42.2654],[-1.7718,42.2666],[-1.7713,42.2694],[-1.7717,42.2715],[-1.7805,42.279],[-1.7768,42.2841],[-1.7873,42.29],[-1.7875,42.2922],[-1.7852,42.2961],[-1.7822,42.2966],[-1.7752,42.2949],[-1.7623,42.289],[-1.762,42.2897],[-1.7645,42.2921],[-1.765,42.2938],[-1.7638,42.2965],[-1.7616,42.2988],[-1.7604,42.2995],[-1.7598,42.2997],[-1.7523,42.2988],[-1.7512,42.2991],[-1.7497,42.3002],[-1.7565,42.308],[-1.7536,42.3087],[-1.7478,42.3048],[-1.739,42.3062],[-1.737,42.3073],[-1.7355,42.3095],[-1.7406,42.311],[-1.7413,42.3122],[-1.7416,42.3134],[-1.7406,42.3157],[-1.7373,42.3183],[-1.7285,42.3183],[-1.7239,42.3153],[-1.7231,42.3154],[-1.7201,42.318],[-1.7193,42.3183],[-1.7179,42.3187],[-1.7153,42.3179],[-1.7133,42.3191],[-1.7127,42.3196],[-1.7076,42.3259],[-1.7105,42.3304],[-1.7058,42.3312],[-1.6985,42.3367],[-1.693,42.3349],[-1.684,42.3379],[-1.6813,42.3413],[-1.6706,42.3464],[-1.6641,42.3399],[-1.6604,42.3386],[-1.6573,42.3386],[-1.6567,42.3389],[-1.6549,42.3401],[-1.6424,42.3505],[-1.6383,42.3499],[-1.628,42.3508],[-1.6264,42.3505],[-1.625,42.3499],[-1.6209,42.3474],[-1.6138,42.3515],[-1.5844,42.3553],[-1.5832,42.3558],[-1.5828,42.357],[-1.5863,42.3673],[-1.5841,42.3689],[-1.5812,42.3696],[-1.5793,42.3691],[-1.5779,42.3687],[-1.575,42.3686],[-1.5737,42.3677],[-1.5705,42.3603],[-1.5674,42.3575],[-1.5664,42.3573],[-1.5603,42.3574],[-1.55,42.3606],[-1.5437,42.3695],[-1.5408,42.3719],[-1.539,42.3719],[-1.5375,42.371],[-1.5352,42.3651],[-1.5335,42.3648],[-1.5299,42.3655],[-1.5301,42.3731],[-1.53,42.3738],[-1.5292,42.3748],[-1.521,42.3758],[-1.5182,42.377],[-1.5169,42.3777],[-1.5155,42.3781],[-1.5131,42.3792]]}},{"type":"Feature","properties":{"kind":"river","name":"R\u00edo Arag\u00f3n"},"geometry":{"type":"LineString","coordinates":[[-1.0355,42.5969],[-1.0373,42.5981],[-1.0384,42.5996],[-1.04,42.6029],[-1.0426,42.6017],[-1.0468,42.6018],[-1.0503,42.5998],[-1.0529,42.6003],[-1.0637,42.608],[-1.0676,42.6096],[-1.092,42.6043],[-1.1176,42.6037],[-1.1411,42.6064],[-1.1598,42.6137],[-1.1829,42.6155]]}},{"type":"Feature","properties":{"kind":"river","name":"R\u00edo Arag\u00f3n"},"geometry":{"type":"LineString","coordinates":[[-1.0355,42.5969],[-1.04,42.6029],[-1.0468,42.6018],[-1.048,42.6012],[-1.0503,42.5998],[-1.0508,42.5998],[-1.0529,42.6003],[-1.0676,42.6096],[-1.0726,42.6085],[-1.092,42.6043],[-1.1176,42.6037],[-1.1411,42.6064],[-1.1598,42.6137],[-1.1693,42.615],[-1.1829,42.6155]]}},{"type":"Feature","properties":{"kind":"river","name":"R\u00edo Arag\u00f3n"},"geometry":{"type":"LineString","coordinates":[[-0.5072,42.7735],[-0.5122,42.7666],[-0.5152,42.746],[-0.525,42.7302],[-0.5229,42.7225],[-0.5307,42.6848],[-0.5379,42.6711],[-0.5535,42.6587],[-0.5507,42.654],[-0.5547,42.6505],[-0.5482,42.6463],[-0.5499,42.6374],[-0.546,42.6356],[-0.5452,42.6292],[-0.5483,42.6127],[-0.5437,42.6069],[-0.5461,42.6039],[-0.5436,42.5924],[-0.5457,42.5844],[-0.5515,42.5845],[-0.5529,42.579],[-0.5685,42.5686],[-0.5723,42.5699],[-0.5729,42.5661],[-0.5782,42.5671],[-0.5865,42.5621],[-0.6032,42.56],[-0.6131,42.5548],[-0.6263,42.5561],[-0.6348,42.5612],[-0.6391,42.5585],[-0.6682,42.5565],[-0.705,42.5637],[-0.7291,42.5618],[-0.7335,42.5584],[-0.7503,42.5621],[-0.7646,42.5548],[-0.7773,42.557],[-0.7903,42.5539],[-0.7989,42.5629],[-0.812,42.5691],[-0.8231,42.5665],[-0.8347,42.5723],[-0.8394,42.5698],[-0.8453,42.5749],[-0.8619,42.5792],[-0.8633,42.5823],[-0.8706,42.5814],[-0.8742,42.5895],[-0.8992,42.5964],[-0.9066,42.6027],[-0.9267,42.6002],[-0.9353,42.6074],[-0.9493,42.6027],[-0.9584,42.6069],[-0.9623,42.6014],[-0.9758,42.5998],[-0.9999,42.6097],[-1.0131,42.607],[-1.0104,42.6035],[-1.015,42.599],[-1.029,42.6005],[-1.0331,42.599],[-1.0349,42.597],[-1.0352,42.5968],[-1.0355,42.5969]]}},{"type":"Feature","properties":{"kind":"river","name":"R\u00edo Tajo"},"geometry":{"type":"LineString","coordinates":[[-1.6981,40.3209],[-1.7078,40.3259],[-1.7213,40.341],[-1.7421,40.3491],[-1.7419,40.3523],[-1.7535,40.3601],[-1.7583,40.3704],[-1.765,40.3751],[-1.7671,40.3829],[-1.7775,40.3913],[-1.7896,40.3915],[-1.7895,40.3973],[-1.8101,40.3994],[-1.8317,40.4173],[-1.8367,40.426],[-1.845,40.4173],[-1.8537,40.4217],[-1.8504,40.4237],[-1.8569,40.4259],[-1.8578,40.438],[-1.8631,40.4406],[-1.8607,40.4446],[-1.8664,40.4513],[-1.8611,40.4573],[-1.8621,40.4628],[-1.8742,40.471],[-1.8715,40.4739],[-1.8767,40.4762],[-1.8778,40.485],[-1.8815,40.4875],[-1.88,40.4925],[-1.8888,40.5042],[-1.8811,40.5167],[-1.8907,40.5297]]}},{"type":"Feature","properties":{"kind":"river","name":"R\u00edo Duero"},"geometry":{"type":"LineString","coordinates":[[-2.378,41.5886],[-2.3858,41.5847],[-2.3945,41.5869],[-2.4007,41.5837],[-2.4049,41.5861],[-2.4084,41.5806],[-2.4234,41.584],[-2.4292,41.5808],[-2.4341,41.5854],[-2.4697,41.5675],[-2.4862,41.5688],[-2.489,41.5661],[-2.4879,41.5617],[-2.4946,41.5566],[-2.4951,41.5511],[-2.49,41.5414],[-2.4954,41.5336],[-2.4928,41.5291],[-2.5106,41.5217],[-2.5038,41.5141],[-2.5046,41.5115],[-2.5142,41.5083],[-2.5133,41.5019],[-2.5102,41.5008],[-2.5112,41.4958],[-2.5327,41.4959],[-2.535,41.4876],[-2.5493,41.4847],[-2.5578,41.4752],[-2.5628,41.4753],[-2.5631,41.4796],[-2.5687,41.4813],[-2.5808,41.4705],[-2.5891,41.4739],[-2.5895,41.4799],[-2.5979,41.4866],[-2.6038,41.4846],[-2.6051,41.4741],[-2.6101,41.4684],[-2.6233,41.4745],[-2.6335,41.4755],[-2.6422,41.4821],[-2.6678,41.4707],[-2.6729,41.475],[-2.67,41.4783],[-2.6719,41.4813],[-2.6789,41.4835],[-2.6889,41.4817],[-2.689,41.4883],[-2.6976,41.4954],[-2.7041,41.4966],[-2.7139,41.4855],[-2.7188,41.4849],[-2.7292,41.4885],[-2.7279,41.4921],[-2.7326,41.495],[-2.7337,41.5006],[-2.7468,41.4999],[-2.7481,41.4941],[-2.7561,41.4943],[-2.7609,41.4907],[-2.7694,41.492],[-2.7704,41.4976],[-2.7827,41.4991],[-2.7856,41.497],[-2.7847,41.4918],[-2.7939,41.4913],[-2.7982,41.4972],[-2.8041,41.4948],[-2.8076,41.4974],[-2.8006,41.5017],[-2.7942,41.5145],[-2.807,41.5119],[-2.819,41.5155],[-2.8282,41.513],[-2.8334,41.5148],[-2.8391,41.5101],[-2.8631,41.5186],[-2.8719,41.5122],[-2.8841,41.5105],[-2.8856,41.5041],[-2.8951,41.5017],[-2.8947,41.4976],[-2.9001,41.494],[-2.9108,41.494],[-2.9138,41.4975],[-2.9258,41.4837],[-2.9326,41.486],[-2.9407,41.4834],[-2.947,41.487],[-2.96,41.4836],[-2.9682,41.4896],[-2.972,41.4869],[-2.9687,41.4822],[-2.9713,41.4803],[-2.9851,41.4861],[-2.9866,41.4901],[-2.9992,41.4865],[-3.0144,41.4868],[-3.0248,41.4828],[-3.028,41.485],[-3.0285,41.4918],[-3.0242,41.4993],[-3.0293,41.5056],[-3.0288,41.5118],[-3.0237,41.5176],[-3.0159,41.5185],[-3.0171,41.5216],[-3.0218,41.5206],[-3.025,41.5299],[-3.0295,41.525],[-3.0407,41.5215],[-3.0531,41.5263],[-3.0595,41.5179],[-3.0785,41.5126],[-3.0773,41.5083],[-3.083,41.5055],[-3.1008,41.5051],[-3.1133,41.513],[-3.114,41.5252],[-3.1262,41.5286],[-3.134,41.5242],[-3.1341,41.5322],[-3.1446,41.5474],[-3.1848,41.5451],[-3.1957,41.558],[-3.2061,41.5634],[-3.2056,41.5719],[-3.2138,41.5749],[-3.2228,41.5719],[-3.229,41.5767],[-3.2509,41.5814],[-3.258,41.586],[-3.2691,41.5853],[-3.2715,41.5906],[-3.2871,41.5829],[-3.3019,41.585],[-3.3094,41.5794],[-3.3206,41.5844],[-3.325,41.5806],[-3.3358,41.5841],[-3.3441,41.5808],[-3.3648,41.5912],[-3.372,41.5918],[-3.3743,41.5968],[-3.3723,41.6006],[-3.3794,41.6025],[-3.3939,41.5972],[-3.3989,41.6038],[-3.4067,41.6051],[-3.4112,41.6098],[-3.4194,41.6091],[-3.427,41.602],[-3.442,41.6045],[-3.4468,41.6098],[-3.4598,41.6138],[-3.4572,41.6202],[-3.4723,41.6205],[-3.476,41.6267],[-3.4915,41.6346],[-3.5133,41.6401],[-3.5143,41.6462],[-3.5217,41.6515],[-3.5323,41.6413],[-3.5475,41.635],[-3.5502,41.629],[-3.5711,41.6346],[-3.5721,41.6384],[-3.5662,41.6403],[-3.5759,41.6465],[-3.5979,41.6437],[-3.6057,41.6512],[-3.6175,41.6555],[-3.6334,41.6543],[-3.6343,41.6536],[-3.6323,41.6508],[-3.6324,41.6502],[-3.6325,41.65],[-3.6327,41.6498],[-3.6328,41.6496],[-3.641,41.6486],[-3.6817,41.6539],[-3.6806,41.6587],[-3.6863,41.6675],[-3.6995,41.6748],[-3.7092,41.6742],[-3.7215,41.6682],[-3.7513,41.6648],[-3.7749,41.6734],[-3.8084,41.6687],[-3.8244,41.6823],[-3.8468,41.6878],[-3.8517,41.6942],[-3.8575,41.6959],[-3.8598,41.7023],[-3.8668,41.6978],[-3.8719,41.7007],[-3.8761,41.6985],[-3.8841,41.7017],[-3.8887,41.7078],[-3.8963,41.7088],[-3.9045,41.7056],[-3.9065,41.7013],[-3.9274,41.6936],[-3.939,41.6784],[-3.9356,41.6756],[-3.9369,41.6726],[-3.9445,41.6649],[-3.9484,41.6636],[-3.9523,41.6636],[-3.9547,41.6622],[-3.9613,41.6621],[-3.9666,41.6588],[-3.9745,41.6524],[-3.974,41.6441],[-3.9855,41.6347],[-4.0012,41.6286],[-4.0024,41.6217],[-4.0069,41.6175],[-4.0125,41.6166],[-4.0192,41.6202],[-4.0215,41.6162],[-4.0329,41.6117],[-4.0348,41.6066],[-4.0412,41.6086],[-4.0421,41.6077],[-4.0424,41.6069],[-4.0427,41.6053],[-4.0432,41.6048],[-4.0612,41.6099],[-4.0666,41.6217],[-4.0696,41.6225],[-4.085,41.612],[-4.0876,41.6154],[-4.0979,41.614],[-4.1019,41.6207],[-4.1095,41.6226],[-4.115,41.6184],[-4.1155,41.6138],[-4.1209,41.6123],[-4.1208,41.6208],[-4.1466,41.6341],[-4.1497,41.6425],[-4.1564,41.6375],[-4.1681,41.6368],[-4.169,41.628],[-4.178,41.6235],[-4.2018,41.6311],[-4.2062,41.6258],[-4.219,41.6205],[-4.2389,41.6272],[-4.2507,41.6235],[-4.2607,41.6278],[-4.2761,41.6262],[-4.2758,41.634],[-4.284,41.6387],[-4.312,41.6428],[-4.3157,41.6395],[-4.3326,41.6381],[-4.3482,41.6301],[-4.3677,41.6269],[-4.386,41.6294],[-4.3938,41.6239],[-4.4015,41.63],[-4.403,41.6265],[-4.4101,41.6241],[-4.4137,41.6139],[-4.4216,41.6079],[-4.444,41.6151],[-4.4623,41.6042],[-4.4671,41.6053],[-4.4672,41.6104],[-4.4904,41.6123],[-4.4962,41.6169],[-4.504,41.6071],[-4.5204,41.603],[-4.5274,41.5929],[-4.534,41.5922],[-4.5409,41.5988],[-4.5538,41.5914],[-4.5622,41.5943],[-4.5622,41.5846],[-4.5729,41.586],[-4.5804,41.5928],[-4.5826,41.5899],[-4.5772,41.5838],[-4.5798,41.58],[-4.5839,41.5856],[-4.5886,41.5806],[-4.6009,41.5852],[-4.6237,41.5744],[-4.6339,41.5747],[-4.6413,41.5678],[-4.6663,41.5654],[-4.672,41.5579],[-4.6787,41.5612],[-4.6844,41.5576],[-4.7006,41.5595],[-4.7138,41.5541],[-4.7232,41.5581],[-4.7347,41.5498],[-4.7432,41.5561],[-4.7612,41.5476],[-4.7694,41.5493],[-4.7729,41.5536],[-4.7924,41.5522],[-4.7984,41.5588],[-4.7992,41.5649],[-4.8076,41.5671],[-4.818,41.562],[-4.8258,41.5636],[-4.849,41.5606],[-4.864,41.5525],[-4.8652,41.548],[-4.8587,41.5383],[-4.885,41.5166],[-4.8897,41.5071],[-4.9005,41.5041],[-4.9112,41.5062],[-4.9304,41.5037],[-4.9562,41.4812],[-4.9717,41.4819],[-4.9941,41.4985],[-4.9993,41.4987],[-5.0193,41.4955],[-5.0385,41.4859],[-5.0524,41.4886],[-5.0652,41.4869],[-5.0709,41.4847],[-5.0781,41.4737],[-5.1063,41.4726],[-5.1124,41.4671],[-5.1129,41.4561],[-5.118,41.4528],[-5.1244,41.453],[-5.1335,41.4584],[-5.145,41.4472],[-5.1645,41.4526],[-5.1788,41.449],[-5.1904,41.4578],[-5.205,41.4544],[-5.2087,41.4469],[-5.2214,41.4404],[-5.218,41.4305],[-5.2204,41.4246],[-5.2262,41.4189],[-5.2429,41.4135],[-5.2543,41.3957],[-5.2619,41.3925],[-5.269,41.3978],[-5.2879,41.4292],[-5.3005,41.435],[-5.3028,41.4501],[-5.317,41.4489],[-5.3241,41.4528],[-5.3285,41.4604],[-5.3387,41.4623],[-5.3433,41.4774],[-5.3567,41.4938],[-5.3695,41.4908],[-5.3943,41.493],[-5.3995,41.5052],[-5.3954,41.5149],[-5.4016,41.5172],[-5.4094,41.5167],[-5.4182,41.5106],[-5.4845,41.4948],[-5.5107,41.501],[-5.5182,41.4952],[-5.5378,41.495],[-5.5506,41.5067],[-5.557,41.5083],[-5.5493,41.5251],[-5.563,41.527],[-5.5762,41.519],[-5.5889,41.5043],[-5.6107,41.4937],[-5.632,41.5016],[-5.6462,41.5028],[-5.6527,41.5142],[-5.6728,41.5228],[-5.6915,41.5181],[-5.6914,41.5153],[-5.6804,41.5084],[-5.6834,41.5034],[-5.6927,41.5042],[-5.7149,41.5153],[-5.7361,41.4994],[-5.749,41.4996],[-5.7627,41.4953],[-5.7815,41.5002],[-5.7972,41.4983],[-5.8134,41.487],[-5.8228,41.485],[-5.8366,41.4703],[-5.8523,41.4668],[-5.8591,41.4686],[-5.8643,41.4749],[-5.8622,41.4869],[-5.8655,41.4934],[-5.8554,41.5081],[-5.8625,41.5202],[-5.8692,41.5156],[-5.8852,41.4917],[-5.8822,41.4682],[-5.8955,41.4601],[-5.8885,41.4463],[-5.9025,41.4391],[-5.9122,41.4399],[-5.9134,41.4316],[-5.9175,41.4312],[-5.9267,41.4341],[-5.9536,41.4528],[-5.975,41.4545],[-5.9872,41.4603],[-6.0006,41.4566],[-6.0182,41.4584],[-6.0543,41.4714],[-6.0709,41.4822],[-6.0801,41.4939],[-6.086,41.4883],[-6.0913,41.4896],[-6.0925,41.4934],[-6.0852,41.5012],[-6.0835,41.5144],[-6.0884,41.5197],[-6.0973,41.5187],[-6.1084,41.5232],[-6.1081,41.5532],[-6.1271,41.558],[-6.1311,41.5638],[-6.1467,41.566],[-6.1509,41.5777],[-6.155,41.5806],[-6.1702,41.5816],[-6.1759,41.5764],[-6.1893,41.5748]]}},{"type":"Feature","properties":{"kind":"river","name":"R\u00edo Duero"},"geometry":{"type":"LineString","coordinates":[[-2.9329,41.9505],[-2.9328,41.9505],[-2.9324,41.9514],[-2.9321,41.9517],[-2.9314,41.9519],[-2.9297,41.9523],[-2.9289,41.953],[-2.928,41.9531],[-2.9279,41.9532],[-2.9274,41.9537],[-2.9265,41.9539],[-2.9263,41.9541],[-2.926,41.9548],[-2.9218,41.9564],[-2.9217,41.9568],[-2.922,41.9576],[-2.9221,41.9589],[-2.9219,41.9593],[-2.9223,41.9605],[-2.9232,41.9617],[-2.9235,41.9633],[-2.9235,41.9651],[-2.9233,41.9664],[-2.9226,41.9689],[-2.9197,41.9707],[-2.9194,41.9724],[-2.919,41.9732],[-2.9188,41.9742],[-2.9186,41.9744],[-2.9187,41.9748],[-2.9182,41.9752],[-2.9177,41.9767],[-2.9174,41.9784],[-2.9146,41.9812],[-2.916,41.9894],[-2.916,41.9896],[-2.9154,41.9901],[-2.915,41.9907],[-2.9152,41.9911],[-2.9136,41.9927],[-2.9131,41.9929],[-2.9128,41.9932],[-2.9123,41.9934],[-2.911,41.9944],[-2.9086,41.9965],[-2.9083,41.9972],[-2.9079,41.9974],[-2.9051,41.9989],[-2.9047,41.9991],[-2.9038,42.0],[-2.903,42.0009],[-2.9021,42.001],[-2.9009,42.0022],[-2.9003,42.0023],[-2.8991,42.003],[-2.8966,42.0031],[-2.8957,42.003],[-2.8944,42.003],[-2.8938,42.0032],[-2.8923,42.0031],[-2.8915,42.0032],[-2.8913,42.0033],[-2.8904,42.0034],[-2.8901,42.0034],[-2.8897,42.0035],[-2.8893,42.0035],[-2.8891,42.0034],[-2.8873,42.0037],[-2.8867,42.0036],[-2.8864,42.0038],[-2.8854,42.0038],[-2.8839,42.0044],[-2.883,42.005],[-2.8829,42.0051],[-2.8827,42.0053],[-2.8821,42.0056],[-2.8817,42.0058],[-2.8814,42.0061],[-2.8812,42.0061],[-2.8808,42.0064],[-2.8805,42.0068],[-2.8803,42.0068],[-2.8802,42.007],[-2.8798,42.0072],[-2.8808,42.0064],[-2.8814,42.0061],[-2.8817,42.0058],[-2.8827,42.0053],[-2.883,42.005],[-2.8854,42.0038],[-2.8867,42.0036],[-2.8873,42.0037],[-2.8887,42.0035],[-2.8891,42.0034],[-2.8897,42.0035],[-2.8913,42.0033],[-2.8915,42.0032],[-2.8938,42.0032],[-2.8944,42.003],[-2.8966,42.0031],[-2.8991,42.003],[-2.9009,42.0022],[-2.903,42.0009],[-2.9047,41.9991],[-2.9083,41.9972],[-2.911,41.9944],[-2.9152,41.9911],[-2.9152,41.991],[-2.915,41.9907],[-2.916,41.9896],[-2.916,41.9894],[-2.9143,41.984],[-2.9146,41.9812],[-2.9197,41.9707],[-2.9233,41.9664],[-2.9235,41.9633],[-2.9231,41.9627],[-2.9232,41.9617],[-2.9219,41.9593],[-2.9221,41.9589],[-2.9217,41.9568],[-2.9217,41.9566],[-2.9218,41.9564],[-2.9249,41.9547],[-2.926,41.9548],[-2.9265,41.9539],[-2.927,41.9538],[-2.9274,41.9537],[-2.928,41.9531],[-2.9284,41.953],[-2.9289,41.953],[-2.9292,41.9528],[-2.9297,41.9523],[-2.9321,41.9517],[-2.9322,41.9516],[-2.9324,41.9514],[-2.9327,41.9509],[-2.9328,41.9505],[-2.9329,41.9503],[-2.9321,41.9485],[-2.9296,41.9464],[-2.93,41.9428],[-2.9218,41.9402],[-2.9135,41.9309],[-2.9149,41.9233],[-2.902,41.9221],[-2.8978,41.9187],[-2.8856,41.924],[-2.874,41.9191],[-2.8731,41.9252],[-2.8615,41.9228],[-2.8401,41.9128],[-2.8225,41.8984],[-2.7903,41.8857],[-2.7623,41.8996],[-2.7438,41.9009],[-2.7352,41.8968],[-2.7172,41.8695],[-2.7057,41.8734],[-2.7016,41.8792],[-2.6893,41.8749],[-2.6636,41.8817],[-2.6563,41.8825],[-2.6467,41.8788],[-2.6404,41.8841],[-2.6252,41.881],[-2.6212,41.8839],[-2.6043,41.8775],[-2.6059,41.8678]]}},{"type":"Feature","properties":{"kind":"river","name":"R\u00edo Duero"},"geometry":{"type":"LineString","coordinates":[[-2.5929,41.8485],[-2.5848,41.8437],[-2.5632,41.8409],[-2.5536,41.8455],[-2.5435,41.8383],[-2.5069,41.8316],[-2.5025,41.8285],[-2.5,41.8204],[-2.486,41.8073],[-2.4482,41.8144],[-2.451,41.8056],[-2.4486,41.7994],[-2.4593,41.795],[-2.4565,41.7845],[-2.4499,41.7806],[-2.456,41.7736],[-2.4559,41.7726],[-2.4553,41.7705],[-2.4551,41.7672],[-2.4535,41.7642],[-2.4536,41.7594],[-2.4675,41.7481],[-2.4595,41.7446],[-2.464,41.7389],[-2.4549,41.7346],[-2.4506,41.7287],[-2.4504,41.722],[-2.4754,41.7125],[-2.4682,41.6961],[-2.4635,41.6931],[-2.4515,41.7012],[-2.4369,41.6898],[-2.423,41.6957],[-2.4156,41.6942],[-2.4136,41.6894],[-2.4063,41.6873],[-2.4144,41.6836],[-2.4052,41.6777],[-2.4047,41.6736],[-2.3962,41.6776],[-2.3903,41.6763],[-2.3885,41.6733],[-2.3939,41.6643],[-2.3889,41.6584],[-2.3746,41.654],[-2.3768,41.6448],[-2.363,41.6472],[-2.3588,41.644],[-2.3614,41.6377],[-2.3681,41.6367],[-2.3862,41.6252],[-2.3792,41.6174],[-2.3649,41.617],[-2.3651,41.6103],[-2.377,41.6043],[-2.3712,41.5925],[-2.3731,41.589],[-2.3735,41.5886],[-2.378,41.5886]]}},{"type":"Feature","properties":{"kind":"river","name":"R\u00edo Pisuerga"},"geometry":{"type":"LineString","coordinates":[[-4.5294,42.9062],[-4.5275,42.9007],[-4.5125,42.8918],[-4.5141,42.8877],[-4.5078,42.8782],[-4.509,42.8751],[-4.5002,42.8715],[-4.4865,42.8575],[-4.4726,42.8559],[-4.4698,42.8602],[-4.4632,42.8549],[-4.4545,42.857],[-4.444,42.8535],[-4.4209,42.8565],[-4.4071,42.8458],[-4.3946,42.8459],[-4.3865,42.8501],[-4.3745,42.8468],[-4.3716,42.8443],[-4.3772,42.84],[-4.3714,42.8335],[-4.3586,42.8287],[-4.3579,42.822],[-4.3548,42.8214],[-4.3579,42.8183],[-4.3327,42.8079],[-4.3177,42.8112],[-4.2849,42.7935],[-4.2764,42.7946],[-4.2673,42.7915],[-4.2657,42.7917],[-4.2644,42.7923],[-4.262,42.7923],[-4.2609,42.7921],[-4.2588,42.7892],[-4.2573,42.7821],[-4.2576,42.7813],[-4.2585,42.7806],[-4.2596,42.7803],[-4.2596,42.7801],[-4.2524,42.7681],[-4.2553,42.7649],[-4.2539,42.7607],[-4.2701,42.7583],[-4.2737,42.7525],[-4.2693,42.7457],[-4.2863,42.7398],[-4.2844,42.7332],[-4.2868,42.7311],[-4.2772,42.726],[-4.277,42.7208],[-4.2827,42.7066],[-4.2977,42.6935],[-4.2872,42.6863],[-4.3029,42.6697],[-4.2921,42.6663],[-4.2957,42.6625],[-4.3052,42.661],[-4.3076,42.6636],[-4.3135,42.6607],[-4.3183,42.6454],[-4.312,42.6422],[-4.3102,42.6361],[-4.3204,42.631],[-4.3298,42.6192],[-4.3302,42.6144],[-4.3264,42.606],[-4.3281,42.6031],[-4.3165,42.5929],[-4.3178,42.5887],[-4.3248,42.5864],[-4.3239,42.582],[-4.3103,42.5739],[-4.3009,42.5532],[-4.2779,42.5447],[-4.2757,42.5361],[-4.2644,42.5293],[-4.2619,42.5256],[-4.2643,42.5211],[-4.2606,42.5177],[-4.265,42.5164],[-4.2635,42.5127],[-4.2567,42.5129],[-4.2518,42.5094],[-4.2469,42.491],[-4.2511,42.4816],[-4.2472,42.4721],[-4.255,42.4682],[-4.2477,42.4662],[-4.2471,42.4586],[-4.2426,42.4568],[-4.2464,42.4473],[-4.2425,42.445],[-4.2481,42.4413],[-4.2442,42.4387],[-4.2536,42.432],[-4.2477,42.4271],[-4.2529,42.424],[-4.2473,42.4199],[-4.2507,42.4142],[-4.2481,42.4106],[-4.2553,42.3992],[-4.2726,42.396],[-4.2785,42.3848],[-4.2717,42.3832],[-4.2714,42.3778],[-4.28,42.3698],[-4.2748,42.3692],[-4.2794,42.3612],[-4.2736,42.3597],[-4.2746,42.3515],[-4.2708,42.3484],[-4.2738,42.3416],[-4.269,42.3388],[-4.2611,42.3259],[-4.2527,42.3215],[-4.2542,42.3188],[-4.2647,42.3185],[-4.2645,42.3128],[-4.2578,42.3084],[-4.2549,42.3133],[-4.2518,42.3112],[-4.2491,42.2969],[-4.2523,42.2884],[-4.2458,42.2851],[-4.249,42.2789],[-4.2401,42.2719],[-4.2456,42.2544],[-4.2363,42.2506],[-4.2314,42.2397],[-4.2341,42.2338],[-4.227,42.2332],[-4.2258,42.2294],[-4.2319,42.2159],[-4.2282,42.211],[-4.2357,42.2004],[-4.2465,42.196],[-4.2381,42.1882],[-4.2418,42.1848],[-4.2501,42.1842],[-4.2535,42.1781],[-4.2466,42.1704],[-4.2442,42.1622],[-4.247,42.1556],[-4.2566,42.1516],[-4.2542,42.1463],[-4.2453,42.1432],[-4.2505,42.1363],[-4.249,42.1317],[-4.2545,42.1258],[-4.2484,42.1174],[-4.2581,42.1005],[-4.267,42.0951],[-4.2587,42.09],[-4.2656,42.0821],[-4.2625,42.0769],[-4.2657,42.0707],[-4.26,42.0635],[-4.2757,42.057],[-4.2825,42.0577],[-4.289,42.0465],[-4.2997,42.0439],[-4.3012,42.0315],[-4.3178,42.0316],[-4.33,42.0178],[-4.3316,42.0052],[-4.3462,41.9966],[-4.3586,41.9964],[-4.3647,41.99],[-4.3652,41.9832],[-4.3764,41.976],[-4.3783,41.9788],[-4.3823,41.9801],[-4.3862,41.9817],[-4.3876,41.9822],[-4.3891,41.9826],[-4.3894,41.9825],[-4.39,41.982],[-4.3907,41.9816],[-4.3914,41.9812],[-4.4027,41.9787],[-4.4094,41.9737],[-4.4192,41.9766],[-4.4317,41.9757],[-4.4333,41.9641],[-4.4392,41.9613],[-4.4427,41.9546],[-4.4417,41.9478],[-4.458,41.9499],[-4.4635,41.9431],[-4.4576,41.9362],[-4.4402,41.9395],[-4.436,41.9317],[-4.4429,41.928],[-4.4495,41.9318],[-4.4553,41.9296],[-4.4592,41.911],[-4.4723,41.9105],[-4.4784,41.9064],[-4.49,41.9124],[-4.5006,41.9096],[-4.5079,41.8941],[-4.5164,41.8924],[-4.5247,41.8834],[-4.5281,41.8855],[-4.5291,41.8787],[-4.5398,41.8745],[-4.532,41.8703],[-4.5434,41.8656],[-4.5449,41.8615],[-4.5331,41.8536],[-4.5446,41.8444],[-4.556,41.842],[-4.5552,41.8327],[-4.5494,41.8325],[-4.5509,41.8247],[-4.5458,41.8231],[-4.549,41.8171],[-4.5662,41.817],[-4.5641,41.8062],[-4.5695,41.8021],[-4.5824,41.8006],[-4.5772,41.7913],[-4.5793,41.7878],[-4.5881,41.7876],[-4.5966,41.795],[-4.6004,41.7917],[-4.5965,41.7823],[-4.5859,41.7748],[-4.6026,41.7756],[-4.6054,41.7686],[-4.6009,41.765],[-4.6009,41.761],[-4.6104,41.7566],[-4.6215,41.7589],[-4.6215,41.7497],[-4.6248,41.7467],[-4.6382,41.7498],[-4.6394,41.7385],[-4.6526,41.7331],[-4.6509,41.7149],[-4.6609,41.7134],[-4.6834,41.7249],[-4.6883,41.723],[-4.6902,41.717],[-4.6827,41.7099],[-4.6824,41.7016],[-4.6864,41.6984],[-4.6984,41.6987],[-4.6994,41.6961],[-4.6978,41.6899],[-4.6885,41.6844],[-4.6976,41.6817],[-4.7103,41.6905],[-4.7177,41.6884],[-4.7034,41.6779],[-4.7332,41.6598],[-4.7339,41.6488],[-4.743,41.6415],[-4.7443,41.6292],[-4.7538,41.6289],[-4.7803,41.6107],[-4.8029,41.605],[-4.8093,41.592],[-4.8278,41.586],[-4.8268,41.5758],[-4.8436,41.5749],[-4.85,41.5649],[-4.8652,41.5583],[-4.8652,41.5504]]}},{"type":"Feature","properties":{"kind":"river","name":"R\u00edo Pisuerga"},"geometry":{"type":"LineString","coordinates":[[-4.5294,42.9062],[-4.529,42.9068],[-4.5293,42.9086],[-4.5289,42.9095],[-4.5198,42.9106],[-4.5154,42.9144],[-4.5142,42.9148],[-4.5062,42.9122],[-4.5032,42.9123],[-4.497,42.9184],[-4.4947,42.9198],[-4.4919,42.9209],[-4.4916,42.9213],[-4.4914,42.9229],[-4.4913,42.9255],[-4.4904,42.9267],[-4.49,42.9282],[-4.4889,42.9295],[-4.4888,42.9303],[-4.4917,42.932],[-4.4927,42.9339],[-4.4897,42.9355],[-4.4879,42.9371],[-4.4883,42.939],[-4.491,42.9412],[-4.4913,42.942],[-4.4916,42.944],[-4.4924,42.9448],[-4.4926,42.9539],[-4.4887,42.9593],[-4.4883,42.9607],[-4.4875,42.9621],[-4.4882,42.9634],[-4.4966,42.9693],[-4.4955,42.9724],[-4.496,42.974],[-4.4952,42.9747],[-4.4951,42.9752],[-4.4951,42.9753],[-4.4957,42.976],[-4.4956,42.9764],[-4.4949,42.9766],[-4.4939,42.9766],[-4.4933,42.9764],[-4.4931,42.9765],[-4.4927,42.9773],[-4.4913,42.9792],[-4.4905,42.9801],[-4.4897,42.98],[-4.4893,42.9801],[-4.4893,42.9803],[-4.4891,42.9809],[-4.4888,42.9814],[-4.4846,42.9815],[-4.4843,42.9816],[-4.4832,42.9819],[-4.4815,42.9815],[-4.4803,42.9816],[-4.4785,42.9811],[-4.4736,42.9815],[-4.4596,42.9785],[-4.4595,42.9786],[-4.4594,42.9791],[-4.4593,42.9793],[-4.4591,42.9797],[-4.458,42.9802],[-4.4576,42.9804],[-4.4559,42.9832],[-4.4532,42.9861],[-4.4518,42.9866],[-4.4511,42.9876],[-4.4506,42.9878],[-4.4503,42.988],[-4.4492,42.9882],[-4.4485,42.9883],[-4.4482,42.9882],[-4.4475,42.9881],[-4.4472,42.9881],[-4.4464,42.9883],[-4.4446,42.9881],[-4.4416,42.9895],[-4.4405,42.9892],[-4.4402,42.9892],[-4.4394,42.9894],[-4.4382,42.9892],[-4.4379,42.9892],[-4.4373,42.9894],[-4.4361,42.9904],[-4.4356,42.9904],[-4.4348,42.9896],[-4.4332,42.9897],[-4.4303,42.991],[-4.43,42.9911],[-4.4288,42.9907],[-4.4282,42.9913],[-4.4274,42.9911],[-4.4263,42.9905],[-4.4252,42.9908],[-4.424,42.9907],[-4.4234,42.9909],[-4.4226,42.9914],[-4.4217,42.9918],[-4.4197,42.9917],[-4.4195,42.9918],[-4.4194,42.9919],[-4.4194,42.9924],[-4.4193,42.9926],[-4.4189,42.9929],[-4.4176,42.9929],[-4.4172,42.9928],[-4.4167,42.9927],[-4.4135,42.993],[-4.412,42.9926],[-4.4118,42.9926],[-4.4112,42.9927],[-4.4111,42.9926],[-4.411,42.9924],[-4.4109,42.9922],[-4.4105,42.992],[-4.4098,42.992],[-4.4081,42.991],[-4.4072,42.9898],[-4.4069,42.9899],[-4.4064,42.9902],[-4.4057,42.9899],[-4.4053,42.9882],[-4.4049,42.9878],[-4.4047,42.9874],[-4.4043,42.9871],[-4.393,42.9856],[-4.3921,42.9857],[-4.392,42.986],[-4.3918,42.9861],[-4.3914,42.9864],[-4.3913,42.9866],[-4.3909,42.987],[-4.39,42.9872],[-4.3895,42.9875],[-4.389,42.9876],[-4.3887,42.988],[-4.3872,42.9887],[-4.3855,42.9892],[-4.3843,42.9894],[-4.3764,42.9857],[-4.3731,42.9869],[-4.3843,42.9894],[-4.3872,42.9887],[-4.389,42.9876],[-4.3891,42.9875],[-4.3895,42.9875],[-4.3909,42.987],[-4.3914,42.9864],[-4.392,42.986],[-4.3921,42.9859],[-4.3921,42.9857],[-4.3927,42.9856],[-4.393,42.9856],[-4.3973,42.9876],[-4.4043,42.9871],[-4.4057,42.9899],[-4.4072,42.9898],[-4.4075,42.9904],[-4.4081,42.991],[-4.4109,42.9922],[-4.4111,42.9926],[-4.4112,42.9927],[-4.412,42.9926],[-4.4125,42.9928],[-4.4135,42.993],[-4.4152,42.993],[-4.4167,42.9927],[-4.4189,42.9929],[-4.4192,42.9928],[-4.4193,42.9926],[-4.4194,42.9919],[-4.4195,42.9918],[-4.4217,42.9918],[-4.4221,42.9916],[-4.4226,42.9914],[-4.424,42.9907],[-4.4282,42.9913],[-4.4284,42.9912],[-4.4288,42.9907],[-4.4303,42.991],[-4.4317,42.9902],[-4.4332,42.9897],[-4.434,42.9896],[-4.4348,42.9896],[-4.4361,42.9904],[-4.4379,42.9892],[-4.4394,42.9894],[-4.4405,42.9892],[-4.4412,42.9895],[-4.4416,42.9895],[-4.4429,42.9892],[-4.4446,42.9881],[-4.4503,42.988],[-4.4518,42.9866],[-4.4528,42.9864],[-4.4532,42.9861],[-4.4576,42.9804],[-4.4591,42.9797],[-4.4594,42.9791],[-4.4595,42.9786],[-4.4596,42.9785],[-4.4888,42.9814],[-4.4956,42.9764],[-4.4957,42.9762],[-4.4957,42.976],[-4.4951,42.9752],[-4.496,42.974],[-4.4966,42.9693],[-4.4875,42.9621],[-4.4926,42.9539],[-4.4917,42.9509],[-4.4924,42.9448],[-4.4923,42.9445],[-4.4916,42.944],[-4.491,42.9412],[-4.4902,42.9404],[-4.4883,42.939],[-4.488,42.9381],[-4.4879,42.9371],[-4.4927,42.9339],[-4.4888,42.9303],[-4.4889,42.9295],[-4.4897,42.9287],[-4.49,42.9282],[-4.4913,42.9255],[-4.4916,42.9213],[-4.4919,42.9209],[-4.497,42.9184],[-4.5008,42.914],[-4.5032,42.9123],[-4.5142,42.9148],[-4.5198,42.9106],[-4.5246,42.911],[-4.5289,42.9095],[-4.529,42.9068],[-4.5294,42.9062]]}},{"type":"Feature","properties":{"kind":"river","name":"R\u00edo Sil"},"geometry":{"type":"LineString","coordinates":[[-7.2079,42.391],[-7.2173,42.3939],[-7.2152,42.3986],[-7.2186,42.4016],[-7.218,42.4062],[-7.2251,42.4138],[-7.2201,42.4205],[-7.2226,42.4345],[-7.2156,42.4383],[-7.2161,42.4409],[-7.2342,42.447],[-7.2489,42.4457],[-7.2514,42.4506],[-7.2472,42.457],[-7.2665,42.4586],[-7.2721,42.4696],[-7.2799,42.4724],[-7.2993,42.4661],[-7.3011,42.4734],[-7.3042,42.4742],[-7.3046,42.4683],[-7.3116,42.4624],[-7.3208,42.4658],[-7.3238,42.46],[-7.3369,42.4563],[-7.3853,42.4536],[-7.3975,42.4499],[-7.412,42.4429],[-7.4069,42.4384],[-7.4,42.4406],[-7.4062,42.4343],[-7.4018,42.4282],[-7.4368,42.4152],[-7.4467,42.4066],[-7.4651,42.4071],[-7.5004,42.388],[-7.5361,42.3832],[-7.5499,42.3869],[-7.5684,42.4023],[-7.576,42.405],[-7.5942,42.3972],[-7.6027,42.3886],[-7.6183,42.3839],[-7.6322,42.4065],[-7.6575,42.4152],[-7.6631,42.4233],[-7.6814,42.423],[-7.6899,42.4262],[-7.7012,42.4328],[-7.7046,42.4437],[-7.7131,42.4525],[-7.731,42.4538]]}},{"type":"Feature","properties":{"kind":"river","name":"R\u00edo Sil"},"geometry":{"type":"LineString","coordinates":[[-7.001,42.4133],[-7.0186,42.4148],[-7.0277,42.4087],[-7.036,42.4094],[-7.0442,42.4038],[-7.0565,42.4102],[-7.065,42.4087],[-7.0845,42.4014],[-7.0941,42.3871],[-7.1054,42.3819],[-7.1256,42.3885],[-7.1392,42.3837],[-7.1632,42.3841],[-7.1698,42.3925],[-7.1755,42.3857],[-7.1849,42.3857],[-7.187,42.3885],[-7.1822,42.3932],[-7.1853,42.3952],[-7.204,42.3935],[-7.2079,42.391]]}},{"type":"Feature","properties":{"kind":"river","name":"R\u00edo Sil"},"geometry":{"type":"LineString","coordinates":[[-6.86,42.4033],[-6.878,42.4049],[-6.88,42.4053],[-6.8811,42.4057],[-6.8823,42.4062],[-6.8838,42.407],[-6.8847,42.4073],[-6.8869,42.4077],[-6.8887,42.4077],[-6.8894,42.4078],[-6.8929,42.4074],[-6.894,42.4076],[-6.8949,42.4079],[-6.8957,42.4086],[-6.896,42.4087],[-6.8963,42.4091],[-6.897,42.4095],[-6.9022,42.4169],[-6.9078,42.4146],[-6.9131,42.4135],[-6.916,42.4134],[-6.9242,42.4179],[-6.9276,42.4189],[-6.9288,42.4188],[-6.9337,42.4187],[-6.948,42.4151],[-6.9547,42.418],[-6.9624,42.416],[-6.9655,42.4163],[-6.9666,42.4161],[-6.969,42.4143],[-6.9677,42.4119],[-6.9676,42.4098],[-6.9697,42.4091],[-6.9716,42.4094],[-6.9811,42.4142],[-6.9889,42.4143],[-6.9974,42.4129],[-7.001,42.4133]]}},{"type":"Feature","properties":{"kind":"river","name":"R\u00edo Sil"},"geometry":{"type":"LineString","coordinates":[[-6.86,42.4033],[-6.8674,42.4052],[-6.878,42.4049],[-6.8811,42.4057],[-6.8838,42.407],[-6.8843,42.4072],[-6.8847,42.4073],[-6.8855,42.4074],[-6.8869,42.4077],[-6.8929,42.4074],[-6.8934,42.4074],[-6.894,42.4076],[-6.9022,42.4169],[-6.916,42.4134],[-6.9276,42.4189],[-6.948,42.4151],[-6.9512,42.4158],[-6.9547,42.418],[-6.959,42.4178],[-6.9624,42.416],[-6.9666,42.4161],[-6.968,42.4154],[-6.969,42.4143],[-6.9676,42.4098],[-6.9682,42.4094],[-6.9697,42.4091],[-6.9811,42.4142],[-6.9974,42.4129],[-6.9986,42.4131],[-7.001,42.4133]]}},{"type":"Feature","properties":{"kind":"river","name":"R\u00edo Sil"},"geometry":{"type":"LineString","coordinates":[[-6.7532,42.5258],[-6.7606,42.5259],[-6.7676,42.5268],[-6.7696,42.5277],[-6.7712,42.5267],[-6.7764,42.5283],[-6.7786,42.5297],[-6.7852,42.5281],[-6.7927,42.5231],[-6.8033,42.521],[-6.8042,42.5191],[-6.8044,42.5137],[-6.811,42.5144],[-6.8126,42.5139],[-6.8112,42.5071],[-6.8134,42.5046],[-6.8158,42.5044],[-6.8231,42.5077],[-6.8236,42.5108],[-6.8275,42.5128],[-6.8354,42.5099],[-6.8361,42.508],[-6.8374,42.5069],[-6.8368,42.5056],[-6.8362,42.505],[-6.8358,42.5043],[-6.8355,42.5039],[-6.8358,42.5009],[-6.834,42.499],[-6.8306,42.498],[-6.8307,42.4976],[-6.8327,42.4963],[-6.8335,42.4953],[-6.8339,42.4938],[-6.8286,42.4899],[-6.8332,42.4839],[-6.8313,42.4786],[-6.8258,42.4737],[-6.8171,42.4697],[-6.8114,42.4706],[-6.8095,42.4687],[-6.8145,42.459],[-6.823,42.452],[-6.8226,42.4501],[-6.8208,42.4471],[-6.8202,42.4455],[-6.8199,42.443],[-6.8221,42.4335],[-6.8207,42.4307],[-6.8141,42.4271],[-6.8183,42.4254],[-6.8221,42.4266],[-6.8231,42.4265],[-6.8272,42.4247],[-6.8281,42.4231],[-6.8263,42.4192],[-6.8272,42.4178],[-6.8323,42.4156],[-6.8286,42.4099],[-6.8291,42.4089],[-6.8366,42.4117],[-6.8382,42.4116],[-6.8459,42.4063],[-6.8576,42.4028],[-6.8597,42.4032]]}},{"type":"Feature","properties":{"kind":"river","name":"R\u00edo Sil"},"geometry":{"type":"LineString","coordinates":[[-6.7532,42.5258],[-6.7786,42.5297],[-6.7833,42.528],[-6.7852,42.5281],[-6.8033,42.521],[-6.8044,42.5137],[-6.8126,42.5139],[-6.8134,42.5046],[-6.8231,42.5077],[-6.8275,42.5128],[-6.8305,42.5125],[-6.8354,42.5099],[-6.8374,42.5069],[-6.8371,42.5061],[-6.8368,42.5056],[-6.8362,42.505],[-6.8359,42.5045],[-6.8358,42.5043],[-6.8355,42.5039],[-6.8359,42.5016],[-6.8358,42.5009],[-6.8306,42.498],[-6.8307,42.4976],[-6.8335,42.4953],[-6.8339,42.4938],[-6.8325,42.4911],[-6.8286,42.4899],[-6.8287,42.4886],[-6.8332,42.4839],[-6.833,42.4821],[-6.8313,42.4786],[-6.8277,42.4746],[-6.8258,42.4737],[-6.8213,42.4725],[-6.8171,42.4697],[-6.8155,42.4696],[-6.8114,42.4706],[-6.8102,42.47],[-6.8095,42.4687],[-6.8121,42.4629],[-6.8145,42.459],[-6.8221,42.4546],[-6.823,42.452],[-6.8228,42.4511],[-6.8226,42.4501],[-6.8202,42.4455],[-6.8201,42.444],[-6.8199,42.443],[-6.8201,42.438],[-6.8221,42.4335],[-6.8141,42.4271],[-6.8148,42.4267],[-6.8183,42.4254],[-6.8231,42.4265],[-6.8261,42.4255],[-6.8272,42.4247],[-6.8263,42.4192],[-6.8323,42.4156],[-6.8291,42.4089],[-6.8382,42.4116],[-6.8418,42.408],[-6.8459,42.4063],[-6.8505,42.4059],[-6.8576,42.4028],[-6.859,42.4031],[-6.8597,42.4032]]}},{"type":"Feature","properties":{"kind":"river","name":"R\u00edo Sil"},"geometry":{"type":"LineString","coordinates":[[-6.1873,43.0132],[-6.1849,43.0084],[-6.1882,43.0054],[-6.1846,42.999],[-6.2105,42.9812],[-6.2133,42.9696],[-6.21,42.9651],[-6.2111,42.9524],[-6.2148,42.9474],[-6.2297,42.9512],[-6.2477,42.9398],[-6.2672,42.9395],[-6.2915,42.932],[-6.303,42.9361],[-6.3078,42.9329],[-6.3139,42.936],[-6.3257,42.9332],[-6.3264,42.9301],[-6.3324,42.9284],[-6.3475,42.9077],[-6.3577,42.909],[-6.3758,42.8963],[-6.4065,42.8917],[-6.4184,42.8859],[-6.4227,42.8738],[-6.449,42.8737],[-6.4484,42.8656],[-6.4596,42.8557],[-6.4655,42.8435],[-6.4713,42.8438],[-6.4822,42.8359],[-6.4882,42.8355],[-6.4912,42.8306],[-6.5064,42.8235],[-6.5126,42.8135],[-6.5249,42.8089],[-6.5271,42.8053],[-6.5252,42.7818],[-6.531,42.772],[-6.5328,42.7612],[-6.5295,42.7567],[-6.5333,42.7524],[-6.5337,42.7455],[-6.5152,42.717],[-6.5142,42.705],[-6.5096,42.7011],[-6.5058,42.6899],[-6.5087,42.6828],[-6.5039,42.6793],[-6.5031,42.6741],[-6.5177,42.6522],[-6.5232,42.6319],[-6.5327,42.6252],[-6.5579,42.5778],[-6.5673,42.5783],[-6.5678,42.5703],[-6.5771,42.5676],[-6.5907,42.5562],[-6.5928,42.5468],[-6.5973,42.542],[-6.6318,42.5412],[-6.6441,42.5297],[-6.652,42.5299],[-6.6756,42.5213],[-6.6821,42.5221],[-6.7013,42.5109],[-6.7113,42.5122],[-6.7168,42.5199],[-6.7321,42.5276],[-6.7532,42.5258]]}},{"type":"Feature","properties":{"kind":"river","name":"Douro"},"geometry":{"type":"LineString","coordinates":[[-6.9313,41.0294],[-6.958,41.0309],[-6.969,41.0363],[-6.989,41.0245],[-6.9945,41.0267],[-6.9947,41.033]]}},{"type":"Feature","properties":{"kind":"river","name":"R\u00edo Mi\u00f1o"},"geometry":{"type":"LineString","coordinates":[[-7.6302,43.0607],[-7.6267,43.0494],[-7.6262,43.0487],[-7.626,43.0486],[-7.6256,43.048],[-7.6249,43.0474],[-7.6234,43.0465],[-7.6229,43.0461],[-7.6223,43.0445],[-7.6222,43.0443],[-7.6203,43.0432],[-7.6197,43.0426],[-7.6182,43.0401],[-7.6179,43.0396],[-7.6173,43.0382],[-7.6169,43.0376],[-7.6161,43.0365],[-7.6153,43.0347],[-7.6134,43.0321],[-7.5942,43.0318],[-7.589,43.0284],[-7.588,43.0249],[-7.5948,43.0199],[-7.5934,43.0146],[-7.5835,43.0125],[-7.581,43.0069],[-7.573,43.0013],[-7.5621,43.0018],[-7.5592,42.9923],[-7.5514,42.9891],[-7.5333,42.9856],[-7.5277,42.978],[-7.5287,42.9722],[-7.5175,42.9686],[-7.522,42.9523],[-7.521,42.9488],[-7.5135,42.9386],[-7.5159,42.9242],[-7.5274,42.9076],[-7.5251,42.8998],[-7.5188,42.8935],[-7.5195,42.8917],[-7.5234,42.8884],[-7.5328,42.8864],[-7.5376,42.8741],[-7.5431,42.8736],[-7.5519,42.8749],[-7.5569,42.8635],[-7.5755,42.8581],[-7.5729,42.8431],[-7.5635,42.8391],[-7.566,42.8312],[-7.5898,42.8362],[-7.5902,42.8313],[-7.6013,42.8193],[-7.6037,42.8053],[-7.6168,42.8032],[-7.6264,42.7926],[-7.6454,42.7877],[-7.6458,42.7834],[-7.6303,42.7811],[-7.6366,42.7718],[-7.6352,42.7624],[-7.6376,42.7579],[-7.6414,42.757],[-7.6459,42.7622],[-7.6506,42.7625],[-7.6557,42.7552],[-7.653,42.7451],[-7.6561,42.7388],[-7.6618,42.7367],[-7.6711,42.7411],[-7.6773,42.7363],[-7.6861,42.7348],[-7.6833,42.7243],[-7.6888,42.7187],[-7.6854,42.7135],[-7.6791,42.7115],[-7.6743,42.7036],[-7.6812,42.7009],[-7.6811,42.6953],[-7.6917,42.6903],[-7.7063,42.6934],[-7.725,42.6851],[-7.7269,42.6727],[-7.7349,42.66],[-7.7311,42.6551],[-7.7171,42.651],[-7.7226,42.6463],[-7.7232,42.6329],[-7.7084,42.6254],[-7.7258,42.5941],[-7.7233,42.5806],[-7.727,42.5707],[-7.7134,42.5647],[-7.6886,42.5664],[-7.6826,42.5626],[-7.7065,42.5492],[-7.7123,42.5386],[-7.7095,42.531],[-7.7193,42.518],[-7.7167,42.5053],[-7.7094,42.4973],[-7.7042,42.4815],[-7.7222,42.4713],[-7.723,42.4625],[-7.7297,42.4587],[-7.7323,42.4522],[-7.7546,42.4311],[-7.7865,42.4101],[-7.7973,42.4084],[-7.8015,42.3978],[-7.7999,42.3879],[-7.8043,42.3821],[-7.8197,42.3776],[-7.8299,42.3783],[-7.8451,42.3688],[-7.8512,42.3634],[-7.8541,42.3508],[-7.8707,42.3453],[-7.8789,42.3463],[-7.8882,42.3534],[-7.9009,42.3529],[-7.9532,42.3341],[-8.0049,42.345],[-8.0126,42.3296],[-8.0215,42.3231],[-8.0443,42.3279],[-8.0504,42.3248],[-8.0655,42.3278],[-8.0771,42.3048],[-8.1099,42.3002],[-8.1142,42.2984],[-8.1173,42.2906],[-8.1235,42.2889],[-8.1301,42.2821],[-8.1499,42.2768],[-8.1603,42.2646],[-8.155,42.2493],[-8.1737,42.2358],[-8.1736,42.231],[-8.165,42.2268],[-8.1653,42.2217],[-8.1833,42.2184],[-8.1919,42.2103],[-8.1894,42.2079],[-8.1822,42.21],[-8.1762,42.2049],[-8.1779,42.1866],[-8.1731,42.1825],[-8.1627,42.1814],[-8.1617,42.1778],[-8.1654,42.173],[-8.1738,42.1717],[-8.1813,42.1582],[-8.1985,42.1544]]}},{"type":"Feature","properties":{"kind":"river","name":"R\u00edo Mi\u00f1o"},"geometry":{"type":"LineString","coordinates":[[-7.5244,43.1916],[-7.5458,43.1782],[-7.5448,43.1732],[-7.5497,43.1639],[-7.5681,43.1651],[-7.5793,43.1531]]}},{"type":"Feature","properties":{"kind":"river","name":"R\u00edo Mi\u00f1o"},"geometry":{"type":"LineString","coordinates":[[-7.296,43.216],[-7.3115,43.2162],[-7.3112,43.2204],[-7.3197,43.226],[-7.3181,43.236],[-7.3223,43.25],[-7.3552,43.259],[-7.3625,43.2524],[-7.3562,43.2487],[-7.36,43.247],[-7.3662,43.25],[-7.367,43.2575],[-7.3867,43.264],[-7.396,43.2564],[-7.4095,43.2541],[-7.4181,43.2446],[-7.4235,43.2459],[-7.448,43.2316],[-7.4511,43.2217],[-7.4427,43.2185],[-7.4401,43.2063],[-7.4442,43.1982],[-7.4427,43.1935]]}}]}